Province_State,2020-01-19,2020-01-26,2020-02-02,2020-02-09,2020-02-16,2020-02-23,2020-03-01,2020-03-08,2020-03-15,2020-03-22,2020-03-29,2020-04-05,2020-04-12,2020-04-19,2020-04-26,2020-05-03,2020-05-10,2020-05-17,2020-05-24,2020-05-31,2020-06-07,2020-06-14,2020-06-21,2020-06-28,2020-07-05,2020-07-12,2020-07-19,2020-07-26,2020-08-02,2020-08-09,2020-08-16,2020-08-23,2020-08-30,2020-09-06,2020-09-13,2020-09-20,2020-09-27,2020-10-04,2020-10-11,2020-10-18,2020-10-25,2020-11-01,2020-11-08,2020-11-15,2020-11-22,2020-11-29,2020-12-06,2020-12-13,2020-12-20,2020-12-27,2021-01-03,2021-01-10,2021-01-17,2021-01-24,2021-01-31,2021-02-07,2021-02-14,2021-02-21,2021-02-28,2021-03-07,2021-03-14,2021-03-21,2021-03-28,2021-04-04,2021-04-11
01,0.0,0.0,0.0,0.0,0.0,0.0,0.0,2.70805020110221,4.897839799950911,6.480044561926653,6.8308742346461795,7.389563953677635,7.273786317844895,7.303843225277705,7.262628600974241,7.61085279039525,7.653494909661253,7.824046010856292,8.119993827725105,7.888334500738654,8.518991573357617,8.3707791729607,8.594154232552366,9.003685138166775,9.168058979719577,9.50144159247362,9.393245092030718,9.401869409521051,9.164819856674374,8.863898604317479,8.972463821059907,9.142703723260372,8.818630229100354,8.740656691541368,8.765926513729443,8.907476977528738,8.88405606174246,8.78216942633238,8.914491710191342,9.366831168735615,9.188299241099303,9.20079495913265,9.41938499891089,9.606764735432199,9.566965314664873,10.025528178445153,10.136660639487516,10.205922760324748,10.067050936401493,10.165851817003619,10.298632928237437,9.977249036098181,9.83953552604361,9.68905594182394,9.663261421240643,9.053101595549691,8.720950028930258,8.80941494391005,8.814033201652784,8.267192185932146,8.9595686535445,8.001355025826703,7.841099765422119,7.587310506022615,8.172729104865471
02,0.0,0.0,0.0,0.0,0.0,0.0,0.0,0.0,2.70805020110221,4.330733340286331,4.382026634673881,4.48863636973214,4.060443010546419,3.2188758248682006,3.258096538021482,2.70805020110221,2.8903717578961645,2.995732273553991,3.4657359027997265,4.875197323201151,4.976733742420574,4.8283137373023015,5.209486152841421,5.739792912179234,5.808142489980444,6.206575926724928,6.597145701886651,6.862757913051401,6.313548046277095,6.371611847231857,6.304448802421981,6.278521424165844,6.206575926724928,6.304448802421981,6.317164686747284,6.558197802812269,6.782192056006791,7.07326971745971,7.226936018493289,7.454719949364001,7.941651252930556,7.989899374942939,8.254788926148725,8.313852267398207,8.348774539791274,8.482394685873542,8.349011198176003,8.068089626278244,7.486613313139955,7.751045117971802,7.67693714581808,7.4377951216719325,7.311218384419629,6.949856455000773,6.949856455000773,7.046647277848756,6.903747257584598,6.790097235513905,6.946013991099227,6.837332814685591,6.80128303447162,7.001245622069476,7.121252453244542,7.155396301896734,7.037905963447182
04,0.0,0.0,0.0,0.0,0.0,0.0,1.0986122886681098,2.0794415416798357,4.5217885770490405,6.505784060128229,7.1276936993473985,7.2254814727822945,7.193685818395112,7.3537223303996315,7.639161171659173,7.86172707782398,7.903226808730733,7.77779262633883,8.07246736935477,8.731174900938061,9.127936545721367,9.64646400103814,9.903337541285003,10.10409915534325,10.141046698084647,9.9681041956221,9.84033473753086,9.738671869871839,9.116578992161708,8.786762208441091,8.564267598802166,8.129174996911793,8.349957272040324,7.8674885686991285,8.59840444684106,8.094073148069352,8.181160858023409,8.429235912657095,8.609042845046117,8.750366278367625,9.124128675157117,9.344696424475261,9.659439517104408,10.011489576337405,10.219757081839822,10.494768106692502,10.68485163315069,10.728583624225356,10.710186607780189,10.738763437696006,11.130126527360975,10.994672325375442,10.788411448660783,10.545920218551572,10.154790869644193,9.694616660508636,9.290998274993637,9.163667963777751,9.149740749847252,8.850087606689566,8.208219383496834,8.18004072349016,8.412721169819527,8.553139318189707,8.301273485191347
05,0.0,0.0,0.0,0.0,0.0,0.0,0.0,2.4849066497880004,4.700480365792417,5.659482215759621,5.811140992976701,6.184148890937483,6.246106765481563,7.062191632286556,6.133398042996649,5.926926025970411,6.7226297948554485,7.087573705557973,7.121252453244542,7.643961949002529,8.004365564979574,8.021912778985708,8.335191583433202,8.268475388982598,8.445697189711167,8.448700194970938,8.60300384782935,8.554874258383926,8.637284671674058,8.183397369998433,8.244596756382498,8.337827262447915,8.369157112588834,8.521185212685776,8.60337088765729,8.629628620746026,8.660427359502146,8.647343875881283,8.732627099660395,8.83869681234353,8.835210463664092,9.063926353520646,9.33591519488425,9.363490551469857,9.324115386235027,9.571923252267498,9.6071010394542,9.671681590643265,9.536401457297078,9.768412111339039,9.918573189954168,9.821843563495618,9.458527693729824,9.340666633651757,9.365376374075716,8.779249716229046,7.889084407035514,8.285261134068948,8.604837701268284,7.67786350067821,7.458186157340487,7.180069874302796,7.01211529430638,6.9874902470009905,7.21081845347222
06,0.0,1.0986122886681098,1.0986122886681098,0.6931471805599453,0.6931471805599453,0.6931471805599453,4.23410650459726,5.673323267171493,6.946975992135418,8.21554741194707,8.952734767106872,9.091669442258505,9.114379980830272,9.389824573949976,9.311271090554623,9.50688307286016,9.40804303080844,9.542015406113592,9.771840098470129,9.842197084093021,10.005728206482676,10.202665790126336,10.567308903714245,10.696231168314535,11.072713620532229,11.037322186913999,11.07257383750632,11.006208057582091,10.775993572039262,11.02671114967651,10.723553686653267,10.504163021027956,10.41394310783523,10.056466117133208,10.119727327533543,10.1107862342885,10.01202800682558,10.048496574446103,9.983776383764932,10.314868461073596,10.264234195844914,10.550852540440946,10.924120281554181,11.351441294042747,11.483918810267173,11.877568578558138,12.298907035822593,12.59188591497298,12.523700581228052,12.5083674303498,12.575001700225695,12.53776921105137,12.127456836019745,11.870047309034222,11.485472044855516,11.18424082614052,10.760240571694087,10.512056756620776,10.394090060613085,10.091211158619078,9.885018036252466,9.808627271512169,9.76818316050523,9.942564024517921,9.88323382350886
08,0.0,0.0,0.0,0.0,0.0,0.0,2.0794415416798357,4.553876891600541,5.918893854273146,7.368970402194793,7.825644732219989,7.752764808851328,7.842671474979457,8.168486417126681,8.088561805276234,8.055157731819678,7.722234744709607,7.754052639035757,7.665753431861699,7.4673710669175595,7.063903961472068,7.193685818395112,7.422971251049421,7.519692404116539,7.9102237070973445,8.069968149059841,8.294299608857235,8.154212694914229,8.025189321890835,7.829630389150193,7.623153068476902,7.676473646389156,7.57353126274595,7.554858521040676,8.14902386805177,8.331827004436057,8.305236829492593,8.534443544822764,8.813884558025606,9.108418382250798,9.543234787249512,9.933871257170567,10.350318507250188,10.475737478289117,10.328885998351742,10.375489184444536,10.250157614133787,9.950561959922057,9.742203154807973,9.65200882504456,9.892173792635855,9.584383610076006,9.34862295977619,9.215626376405421,9.13097243659261,9.074176947163311,8.82893352896109,8.942460926820582,9.02401079378469,8.852378886511985,8.864322722511439,8.95789673495042,9.1381996941985,9.263122557415151,9.357466436866476
09,0.0,0.0,0.0,0.0,0.0,0.0,0.0,3.1354942159291497,5.14166355650266,7.1929342212158,8.230044310126114,8.737773460327283,8.706159290928861,8.858368636308018,8.456168489578463,8.215276958936633,8.22121009392507,8.107418811719974,7.600902459542082,7.493317248862145,7.069874128458572,6.580639137284949,6.19644412779452,6.236369590203704,6.345636360828596,6.406879986069314,6.78332520060396,6.9411900550683745,6.234410725718371,6.3578422665081,6.432940092739179,6.883462586413092,6.76849321164863,6.8679744089702925,7.0909098220799835,6.966024187106113,7.444248649496705,7.462214939768189,7.934513463882263,8.07775756373692,8.54772239645106,8.841881989497114,9.261033486291701,9.459073694289389,9.31578088443418,9.624699147254466,9.854612384753992,9.681655640646714,9.206432747145165,9.762902771722255,9.672437829650821,9.765833387237333,9.57449725626267,9.409846753524238,9.143024664691316,8.98281222234415,8.659386957119413,8.83127373772255,8.591186871324563,8.565411763686711,8.71833650245078,9.05005424204284,9.076351731972865,8.939843124278502,8.919453168575453
10,0.0,0.0,0.0,0.0,0.0,0.0,0.0,1.791759469228055,3.6635616461296463,5.1298987149230735,5.937536205082426,6.786716950605081,6.9650803456014065,6.945051063725834,7.2875606403097235,7.122059881629142,7.146772179452637,6.889591308354466,6.794586580876499,6.0473721790462776,5.950642552587727,6.113682179832232,6.016157159698354,6.807934943699926,6.616065185132817,6.530877627725885,6.650279048587422,6.51471269087253,6.437751649736401,6.795705775173514,6.068425588244111,6.255750041753367,6.297109319933935,6.726233402358747,6.583409222158765,6.561030665896573,6.876264611890766,6.771935555839602,6.8501261661455,6.807934943699926,7.00669522683704,7.175489713624222,7.667158255319148,7.98139158158007,8.116417072794205,8.395251520610994,8.662158961666423,8.567886305731756,8.374938143835367,8.389359819906353,8.630878955820053,8.496378051702317,8.421342865759403,8.19863945529737,7.732369222284388,7.951559331155252,7.527793987721444,7.593877844605118,7.3914152346753585,7.6093665379542115,7.487733761436444,7.472500744737558,7.773173680482536,7.661997558901893,7.853216388156072
11,0.0,0.0,0.0,0.0,0.0,0.0,0.0,0.0,4.584967478670572,5.327876168789581,6.393590753950631,6.775366090936392,6.78897174299217,6.940222469119639,7.001245622069476,7.173958319756794,6.84587987526405,6.828712071641684,6.621405651764134,6.313548046277095,6.0867747269123065,5.616771097666572,5.44673737166631,5.442417710521793,5.869296913133774,5.973809611869261,6.259581464064923,6.1903154058531475,6.104793232414985,6.226536669287466,5.926926025970411,5.968707559985366,5.746203190540153,5.541263545158426,6.013715156042802,5.746203190540153,5.552959584921617,6.09807428216624,6.030685260261263,5.918893854273146,6.327936783729195,6.437751649736401,6.827629234502852,7.044905117129371,7.205635176410364,7.355001921105257,7.479299637782834,7.4377951216719325,7.221105098182496,7.4949862339505335,7.5745584842024805,7.640123172695364,7.3395376954076745,7.368339686311381,7.102499355774649,6.823286122355687,6.6293632534374485,6.829793737512425,6.678342114654332,7.055312843339752,6.610696044717759,6.775366090936392,6.78105762593618,6.721425700790643,6.705639094860003
12,0.0,0.0,0.0,0.0,0.0,0.0,1.9459101490553132,4.23410650459726,6.532334292222349,8.006367567650246,8.958540111412168,8.847503625923641,8.853379672927634,8.584290934948731,8.439015410352214,8.420241665339788,8.478452363099807,8.578476419833136,8.574895901544526,8.900276348631271,9.286745703178589,9.915663128466262,10.564834420546276,10.95966195850627,11.07378464175235,11.32729443791579,11.250807170249699,11.090064929932883,10.748260800197345,10.670349770918355,10.238530196347746,9.971426535544321,10.121176253167373,9.781545881730885,9.88644311792687,9.76703761939823,9.67464026580524,9.570110520822217,10.067305637765523,10.07617956035424,10.177172115344055,10.449583790384038,10.545841313750174,10.946076077522912,10.886876027942778,11.07195234310307,11.117435439884142,11.241011749286589,11.176375225306858,11.41028347299835,11.606998516210117,11.466766336588648,11.286376120521187,11.207418807605896,10.96422488877531,10.831271978121498,10.639933657491222,10.596009537702155,10.52446718479401,10.380094332915435,10.349870650556843,10.45449496593495,10.544551653225849,10.637800668461894,10.677154250154869
13,0.0,0.0,0.0,0.0,0.0,0.0,1.6094379124341003,4.219507705176107,6.1779441140506,7.501634457883413,8.24117615049496,8.699348067653093,8.61431990214696,8.622093601241607,8.538758969330798,8.356319965828153,8.439015410352214,8.523175263093785,8.316055720364643,8.522777569710138,8.602453035367061,8.854379458771108,9.321523900936798,9.816512538521721,9.956174874815135,10.145609862448119,10.138875830266775,10.119566206128216,10.061132121617643,9.986955157777391,9.744140059301994,9.650915190531107,9.531698970787348,9.337589572891646,9.402282172147128,9.08839870117094,9.023528749909364,8.99961934066053,9.117676687112763,9.232199706329077,9.32232887392423,10.697542851527611,9.79076668247201,10.08159189604006,9.940783337279825,10.367441670330306,10.562793524427303,10.697836613605041,10.746949493754942,10.939053539486602,11.06241068830834,11.01552597264265,10.868473205949043,10.685103381083682,10.359138675557464,10.142740645583405,9.949368727792317,9.92524904431764,9.775142686598905,9.322686431807721,9.320718279445792,9.239510749275963,9.132378830506472,9.10719961305667,9.268609280100158
15,0.0,0.0,0.0,0.0,0.0,0.0,0.0,1.0986122886681098,3.4657359027997265,4.727387818712341,5.308267697401205,4.736198448394496,4.6913478822291435,3.4339872044851463,2.70805020110221,2.3978952727983707,2.0794415416798357,2.0794415416798357,1.3862943611198906,3.091042453358316,3.912023005428146,4.189654742026425,4.418840607796598,4.844187086458591,5.303304908059076,5.0369526024136295,5.583496308781699,6.3578422665081,7.046647277848756,7.2991214627108,7.333676395657684,7.48605261786314,7.348587530927593,6.9363427358340495,6.637258031284457,6.579251212010101,6.573680166960646,6.467698726104354,6.359573868672378,6.421622267806518,6.26530121273771,6.642486801367256,6.56244409369372,6.400257445308821,6.580639137284949,6.486160788944089,6.877296071497429,6.75343791859778,6.7650389767805414,6.923628628138427,7.278628942320682,6.977281341630747,6.670766320845874,6.668228248417403,6.472346294500901,5.971261839790462,5.71042701737487,6.180016653652572,5.8805329864007,6.186208623900494,6.313548046277095,6.416732282512326,6.761572768804055,6.598509028614515,6.51025834052315
16,0.0,0.0,0.0,0.0,0.0,0.0,0.0,0.6931471805599453,3.6888794541139363,5.2574953720277815,6.669498089857879,5.924255797414532,5.556828061699537,5.44673737166631,5.159055299214529,4.969813299576001,5.365976015021851,5.170483995038151,5.337538079701318,5.817111159963204,5.365976015021851,6.478509642208569,7.183870715062453,7.6246189861593985,8.0507033814703,8.241966560231802,8.167068178341237,8.096817470572319,8.127699852817772,7.999007213243955,7.688913336864796,7.605392364814935,7.498869733976931,7.4342573821331355,7.640123172695364,8.022568946988255,8.133293861222633,8.293799608846818,8.493105395887147,8.718009330846357,8.685077700412423,8.949494953477961,9.105535257610056,9.160834952072344,9.085457189829492,9.214830277249035,9.298992069570746,9.040382074165628,8.812545770172237,8.765926513729443,8.85879510585745,8.706324840138741,8.30622521603216,8.119100837637486,7.8343923029104365,7.729295674310482,7.418780882750794,7.595889917718538,7.490529402060711,7.742835955430749,7.688913336864796,7.60489448081162,7.469083884921234,7.586803535162581,7.38770923908104
17,0.0,0.0,0.0,0.0,0.0,0.0,1.3862943611198906,4.060443010546419,6.535241271013659,7.914983005848394,8.834336974017637,9.085117227222105,9.20833836930551,9.442800389927742,9.72483924110847,9.774517171239168,9.703327837612294,9.638153883748108,9.316590491818841,8.983816112502495,8.513385953073284,8.350666240520924,8.511778558714738,8.618846845142738,8.920255414908091,8.947806093057054,9.141740280483926,9.271623600393081,9.412791300065303,9.3803362790795,9.536040511615484,9.50039462857302,9.743084031043104,9.384041546476526,9.475930197953147,9.527484154577582,9.547455259196115,9.721305985943088,10.08309710182661,10.358218901947211,10.636960604567639,11.02566987271667,11.350488885022813,11.330215832884798,11.107210325606856,11.113029818576933,11.030249884620584,10.87197217314098,10.590993853205987,10.626436224332863,10.793167332983991,10.612212763059391,10.429989655687127,10.14037620564201,9.923682259821648,9.695355758842355,9.410256237171089,9.443909388773974,9.377548290960089,9.265775078864284,9.438988743924838,9.626349693960018,9.831239388328504,10.027164297229726,10.032364379457015
18,0.0,0.0,0.0,0.0,0.0,0.0,0.0,2.70805020110221,4.718498871295094,7.007600613951853,7.908387159290043,8.155362120328135,8.072779333169498,8.231642179973411,8.496173824192162,8.39773375137891,8.17413934342947,8.19450550976564,8.104703468371108,7.932362154339751,7.842278779117352,7.831220214604293,7.829630389150193,7.957527402230773,8.20166019080868,8.428361977709622,8.676928249537397,8.630878955820053,8.726643415598444,8.762333040602343,8.637816633739977,8.87024156729927,8.783702698635217,8.630521876723241,8.731981938347694,8.663887570567042,8.92399074475818,9.143345503151904,9.438750032962892,9.580316462154043,9.847128818866743,10.17975472217261,10.575538769801339,10.698649658502804,10.592250134778249,10.73663577731889,10.703626417674236,10.554118595992994,10.438517864998936,10.3439658164813,10.476442547767668,10.257273326840833,9.974411890872826,9.70747266861017,9.474856166396124,9.17678358844734,8.854093907655518,8.745443680098592,8.625868208041894,8.583542571957771,8.570923513837204,8.689632748355741,8.837681215593197,8.931684110731714,9.167224080902555
19,0.0,0.0,0.0,0.0,0.0,0.0,0.0,2.833213344056216,3.9512437185814275,5.43372200355424,6.192362489474872,6.583409222158765,6.910750787961936,7.8551570058813445,8.174984532943087,8.01565761455734,7.884952945759814,7.851661177889265,7.76046702921342,7.711548979629146,7.713784616598755,7.483806687665835,7.854381210652365,8.002359546252707,8.187855443695623,8.203851372183879,8.181160858023409,8.133587417660966,8.08394570229562,8.169053149927343,8.27664912542186,8.938006576471201,8.712430973476739,8.415160465851086,8.630343289348893,8.716699572964293,8.762958920766726,8.815963560853438,8.94324493313279,9.004299728561636,9.523251498473739,9.987093136390925,10.413342705547674,10.152220874849334,9.796792813865165,9.693136823020671,9.36082720525012,9.388486557359657,8.966228514225776,9.116249448576587,9.415401415739627,9.056839480990421,8.971321471503682,8.77770959579525,8.55564437779049,8.462314529906248,8.052933036797567,8.318742252692399,8.085486772102845,8.063377822367027,7.98514393119862,8.271804031154709,8.203304026795282,8.193123721512068,7.9868449011613825
20,0.0,0.0,0.0,0.0,0.0,0.0,0.0,2.0794415416798357,3.8918202981106265,5.342334251964811,6.068425588244111,6.3578422665081,6.302618975744905,7.1808311990445555,7.4673710669175595,7.572502985020384,7.01211529430638,6.914730892718563,6.612041034833092,6.508769136971682,6.490723534502507,6.981934677156389,7.326465613840322,7.738052297689316,7.9287663216266955,8.00836557031292,8.106212902619962,7.856319571406588,7.956827122090111,8.143226750367445,8.156510226079966,8.342601680684194,8.307459327011946,8.005367067316664,8.244596756382498,8.637107288081575,8.412721169819527,8.46168048148598,8.558910784768106,8.662504922576291,9.053803514155955,9.455167134121535,9.785266921148697,9.880577100953023,9.823361508056843,9.662498208076329,9.747710550964285,9.628853318933604,9.140347000155648,9.76249985923515,9.579418082631959,9.530320210727126,9.264260213965613,8.99317889233952,8.84937050375457,8.422662707570003,8.463792414689122,7.930925372483388,7.692113339595466,7.499423290592229,7.329093736246592,7.292337176173877,7.273092595999522,7.203405521083095,7.3987862754199485
21,0.0,0.0,0.0,0.0,0.0,0.0,0.0,2.70805020110221,4.2626798770413155,5.680172609017068,6.285998094508865,6.654152520183219,6.921658184151129,7.0967213784947605,6.874198495453294,7.351158226430694,7.129297548929373,6.78332520060396,7.0326242610280065,7.367077059881012,7.05444965813294,7.077498053569231,7.337587743538596,7.097548850614793,7.917536353943631,8.027150106832774,8.429454277108231,8.28374674710613,8.25712628599743,8.378390788535778,8.327484416188264,8.414274137408396,8.494333897270154,8.281723990411392,8.453401058328458,8.503094267036737,8.693664334532016,8.915163617762142,8.902727664035522,9.069122370060645,9.370671910878523,9.428833125074965,9.709660055555972,9.89197149657488,9.813234563558566,10.08088031609333,10.02548392184538,9.898675995538905,9.61573881119536,9.820540631715202,10.182141493777905,10.082762807393678,9.915564333761576,9.714020527581303,9.624963417869113,9.290721483922995,9.096947684621092,8.978282203272398,8.738254576526122,8.628018746505122,8.464214266625351,8.331827004436057,8.39840965542627,8.192570471152173,8.370315995555478
22,0.0,0.0,0.0,0.0,0.0,0.0,0.0,4.343805421853684,6.530877627725885,7.844632644464681,9.1248914101437,8.925055424124123,8.179199798423086,7.983440063006542,7.873978379604501,7.7306140660637395,7.90100705199242,7.940227765145702,7.883069351305753,7.975564658495202,8.241966560231802,8.039802343736485,8.591186871324563,9.050171619823361,9.51148146411212,9.37475250822657,9.625359692889159,9.437157168656688,9.430760217368796,8.986071187374463,8.513787398281405,8.561018670956267,8.596928159435091,8.465899897028686,8.345930261979017,8.250620082174692,8.20903626577507,8.429454277108231,8.371010681238156,8.492285555710053,8.305484017727691,8.53030683056162,9.236592743120248,9.597505722912913,9.539140395148861,9.715650815054063,9.74179181353583,9.811536723788219,9.551444720923957,9.84033473753086,10.171833888681167,10.061431030602083,9.642252650099195,9.742203154807973,9.440260907569415,9.07383312732152,8.216628493133443,8.74909824839902,8.401333305321703,8.142354276849835,8.08794755464267,8.111328003286733,7.783224016336037,8.122371243406553,8.044626279767337
23,0.0,0.0,0.0,0.0,0.0,0.0,0.0,1.0986122886681098,4.204692619390966,4.948759890378168,5.501258210544727,5.075173815233827,5.442417710521793,4.770684624465665,5.236441962829949,5.541263545158426,5.480638923341991,5.8998973535824915,5.594711379601839,5.488937726156687,5.4510384535657,5.198497031265826,5.375278407684165,5.493061443340548,4.812184355372417,4.8283137373023015,4.976733742420574,4.990432586778736,4.51085950651685,4.7535901911063645,5.159055299214529,5.159055299214529,4.948759890378168,5.303304908059076,5.298317366548036,5.4116460518550396,5.420534999272286,5.351858133476067,5.37989735354046,5.4116460518550396,6.26530121273771,6.843749949006225,7.0825485693553,7.194436851100335,7.060476365999801,7.516977224604321,7.821242083523558,8.044947049617722,7.940583827104244,8.21554741194707,8.235890725928495,8.34283980427146,8.12533508671429,7.851661177889265,7.5480289699350145,7.215239978730097,6.848005274576363,7.026426808699636,7.044032897274685,7.1098794630722715,7.265429723253953,7.215239978730097,7.504942068396171,7.729735331385051,8.069029328774958
24,0.0,0.0,0.0,0.0,0.0,0.0,1.0986122886681098,3.1780538303479458,5.111987788356544,6.687108607866515,7.6638772587034705,8.427049641563272,8.440744019252831,8.601534339849989,8.810907036099737,8.862341963516347,8.769351707798972,8.926251835034533,8.782629654920699,8.606485298894999,8.248790733696413,7.8826922062890254,7.821643126239982,7.969357742016346,8.047509510981422,8.463581421967588,8.673855001429615,8.75004942158424,8.559486103606488,8.53934599605737,8.250620082174692,8.235095497258357,8.369388996647842,8.275376374836407,8.345455428161928,8.07961802938984,8.255048902752295,8.288031567776464,8.37378460812088,8.38022733634308,8.664578178329295,8.940367233305174,9.32143441948177,9.672878705110646,9.580316462154043,9.79456514531194,9.884559542650608,9.725854985228304,9.72232532346202,9.783069799056989,9.913091288678823,9.936293504261306,9.634038248345407,9.504426892100957,9.143986871426161,8.993675786759683,8.630700432209832,8.618846845142738,8.58260632996447,8.694669696546992,8.769507120030227,8.948066103458935,9.099520536870939,9.168163293076997,9.17076759685636
25,0.0,0.0,0.0,0.0,0.0,0.0,4.248495242049359,5.407171771460119,7.444833273892193,8.495560891289124,9.02304647355567,9.404837504700271,9.636849167012697,9.607773308387083,9.429234909000977,9.200087995511831,8.929435283803425,8.70930004894499,8.188133414510478,7.816416983691801,7.463363045520021,7.1929342212158,7.160845906664299,7.0431599159883405,7.310550158534422,7.368339686311381,7.459338895220296,7.646831391430482,7.631431664576906,7.60489448081162,7.634820677745543,7.7336835707759,7.487173694213739,7.759614150696903,7.878912912297133,7.9617188159813645,8.355379895253634,8.30325712085294,8.431635303054591,8.788440957404594,9.114710140960932,9.305650551780507,9.715107681158209,9.798848998423558,9.815421073667677,10.293771338648629,10.425490476892245,10.420643099996989,10.319958539820826,10.451001840369164,10.66788505462424,10.560774367644997,10.321111771468102,10.137254475487468,9.876476003289278,9.620328568811932,9.381685238056505,9.385637313833174,9.235130540783402,9.276596167753247,9.412546252075513,9.595534743241988,9.659886159319521,9.571226436686379,9.523105224795426
26,0.0,0.0,0.0,0.0,0.0,0.0,0.0,3.58351893845611,6.3784261836515865,8.35819745992578,9.194718991073225,9.186559843310778,8.926783114101351,8.818482267274236,8.800113946766308,8.355144739461839,8.442254104751743,8.461891875631148,8.064321960910803,7.896924656268864,6.826545223556594,7.443663683115591,7.665753431861699,7.973155433444133,8.239857411018601,8.510772623613315,8.36264243156764,8.649974302650056,8.488587934405903,8.628913441026645,8.357493812658563,8.535425959677298,8.708639655987193,8.67709870892586,8.522976436171964,8.746080217357513,8.838986793496787,9.009691898489343,9.363233118079325,9.582386570538903,9.989389981536831,10.363030408174957,10.751906213163448,10.88235863959169,10.802245479117977,10.787750837571522,10.560567043934196,10.338414370793911,9.916897239446046,9.989435864672492,10.103649027458413,9.864330837334935,9.613202094214232,9.502412792729256,9.263596738276615,9.020510699691906,8.89740886527095,9.135724578595394,9.261223582290752,9.547954813176172,9.95142020629143,10.392987389587367,10.718675359005099,10.84957006921802,10.883616560433461
27,0.0,0.0,0.0,0.0,0.0,0.0,0.0,2.995732273553991,4.727387818712341,5.726847747587197,6.049733455231958,6.331501849893691,6.661854740545311,7.1204443723924875,7.932362154339751,8.42463920980563,8.337827262447915,8.492080490601163,8.376781037699493,8.105005537547246,7.890208213109961,7.738488122494646,7.850103545175582,7.85979918056211,8.280711075662847,8.268475388982598,8.480736654405622,8.496378051702317,8.499640032168648,8.369157112588834,8.401557847817314,8.592300663903043,8.634620608292202,8.218247926685745,8.543445562560303,8.844768827529695,8.871785969150645,8.99230873254815,9.23620303150191,9.308555419473137,9.701983176325399,10.184220535899701,10.623130596900038,10.756284550625612,10.623057555327177,10.627600312352953,10.312845075359636,9.86459078690618,9.385133662349347,9.331406899955626,9.716012740501373,9.271811694064283,9.078065332666364,8.855235623206967,8.763740720509464,8.625868208041894,8.58783803098557,8.636397438894713,8.580355766373877,8.892748769118258,8.971829343530851,9.165343006045447,9.428189934829282,9.547526639331053,9.565143565282119
28,0.0,0.0,0.0,0.0,0.0,0.0,0.0,1.791759469228055,4.897839799950911,6.259581464064923,6.674561391814426,7.079184394609668,7.194436851100335,7.463936604468925,7.45182223652793,7.5688956634069955,7.4645098346365275,7.540090320145325,7.707062655370473,7.501082124259871,7.744569809354496,7.164720378771857,8.494947582468917,8.545391845774915,8.464846711044029,8.768263145371286,9.119868468812108,9.093806555720231,8.819517540604888,8.538758969330798,8.614864218589684,8.46821300919452,8.400434630806041,8.052614818815567,8.151044945685024,8.185907481482324,8.157657015196472,8.405367376233981,8.588210678651517,8.53346016388011,8.531490496117062,8.65259782842244,8.916640227198839,9.11173476822206,8.927844826211702,9.511777409660299,9.581145019820722,9.558458813231795,9.46591239050973,9.632597042724184,9.716615658643356,9.546884034617925,9.4054136126953,9.320718279445792,8.79300509129753,8.624252263709645,8.268475388982598,8.255568653283746,8.080237416216702,8.08825472712243,7.649692623711514,7.463363045520021,7.359467638255621,7.201170883281678,7.436617265234227
29,0.0,0.0,0.0,0.0,0.0,0.0,0.0,1.791759469228055,4.709530201312334,6.755768921984255,7.409741954080923,7.510430556378006,7.191429330036379,7.2456550675945355,7.2682230211595655,7.241366283322318,6.97914527506881,6.9874902470009905,7.112327444710911,7.40184157874383,7.072421900537371,7.55171221535131,7.9420068084898565,8.074649075066652,8.363342466597977,8.562931083090092,9.031931152002144,9.265207273417023,8.758726607842037,9.11866358340428,9.004053937728395,9.045701550034536,9.23600811872476,9.165865881874353,9.310728546007452,9.33459133431404,9.172638504792172,9.523178364309082,9.397068870588344,9.507923269105227,9.765374250406493,10.109444252427517,10.510123231148095,10.356186058125473,10.251394166783005,10.31503413096016,10.317780249246972,10.19286818162349,9.955985121493882,10.16446624215336,10.282950858105291,10.010052342764158,9.717639785965615,9.620859354387026,9.37940781309172,8.933268478636418,8.653121708640482,8.68676717538769,8.34687925374656,8.207129168071326,8.37539918579835,8.47782846789396,8.30325712085294,8.40178233990491,8.270781013162674
30,0.0,0.0,0.0,0.0,0.0,0.0,0.0,1.6094379124341003,3.091042453358316,4.624972813284271,4.912654885736052,4.718498871295094,3.8918202981106265,2.9444389791664403,2.302585092994046,1.0986122886681098,2.302585092994046,2.3978952727983707,3.258096538021482,3.58351893845611,3.8501476017100584,4.700480365792417,5.0369526024136295,5.752572638825633,6.234410725718371,6.677083461247136,6.669498089857879,6.71174039505618,6.694562058521095,6.646390514847729,6.57507584059962,6.774223886357614,6.816735880594968,6.634633357861686,7.121252453244542,7.463936604468925,7.803435056952168,8.232440158470336,8.32069157104845,8.50045386741194,8.641002477142523,8.72371943690701,8.844768827529695,9.066008001086264,8.74878098951311,8.736168065858228,8.62604759632832,8.287780027088433,7.942362237674335,7.828436359157585,8.332789468417959,7.9909154630913255,7.763871287820222,7.763021309018518,7.578145472419466,7.365180126021013,7.203405521083095,7.086737934510577,6.70808408385307,6.975413927455952,7.122866658599083,7.030857476116121,6.843749949006225,7.009408932708637,6.853299093186078
31,0.0,0.0,0.0,0.0,0.0,0.0,0.0,2.833213344056216,2.995732273553991,4.060443010546419,5.41610040220442,5.934894195619588,6.309918278226516,7.293017679772782,7.862497197230545,7.9287663216266955,7.6624678152002375,7.463363045520021,7.571473648851271,7.418780882750794,6.97354301952014,6.9726062513017535,6.97354301952014,6.9584483932976555,7.065613363597717,7.301822342137932,7.5569505720129,7.59890045687141,7.5251007461258,7.59890045687141,7.338888133838879,7.587310506022615,7.62657020629066,7.747164966520335,7.892452043520352,7.937017489515454,8.244596756382498,8.40827078419205,8.602453035367061,8.679822114864455,8.924922401177469,9.36417671669105,9.577688157971219,9.692457831605429,9.416866617466955,9.49137540170617,9.118225083068378,8.952475967933584,8.686429508661536,8.842893331055539,8.90354343566472,8.573573524852344,8.690137586397595,8.22040309993373,7.955425088912672,8.190354403763262,7.452402451223638,7.585281078639126,7.566828479208331,7.501634457883413,7.485491608030754,7.534762657037537,8.146709052203319,7.799753318287247,7.734996194022781
32,0.0,0.0,0.0,0.0,0.0,0.0,0.6931471805599453,2.8903717578961645,4.948759890378168,6.142037405587356,7.017506142941256,6.887552571664617,6.806829360392176,6.816735880594968,6.745236349484363,6.661854740545311,6.464588303689961,6.569481420414296,6.898714534329988,6.881411303642535,7.317212408359839,7.590346945602565,8.12058871174027,8.56331312702979,8.56845648535378,8.94102198354136,8.900957872545062,8.889859587773016,8.755422380148488,8.55429627936774,8.403128235128264,8.129174996911793,7.878912912297133,7.658227526161352,7.695757990554761,7.984803389734406,8.117610746466228,8.213652703029998,8.355379895253634,8.548691858475609,8.690978417187905,8.985320060649112,9.23600811872476,9.451480999992047,9.769727562356604,9.704975636343447,9.815803221891244,9.79305865876674,9.532061486651386,9.489334816030398,9.766407011987761,9.531046110875145,9.171911345356401,8.940629184845639,8.706490361946617,8.399535147948004,7.949797216161852,7.943427767876373,7.812782818577581,8.040768994367578,7.542213463193403,7.584264818389059,7.599901959208498,7.933079771880415,7.836369760545124
33,0.0,0.0,0.0,0.0,0.0,0.0,0.6931471805599453,1.6094379124341003,3.9889840465642745,4.836281906951478,5.8664680569332965,5.84354441703136,6.124683390894205,6.12029741895095,6.448889394146858,6.366470447731438,6.300785794663244,6.278521424165844,5.998936561946683,6.267200548541362,5.634789603169249,5.389071729816501,5.293304824724492,5.043425116919247,5.0238805208462765,5.099866427824199,5.424950017481403,5.293304824724492,5.318119993844216,5.087596335232384,4.736198448394496,5.0238805208462765,5.181783550292085,5.429345628954441,5.5909869805108565,5.303304908059076,6.16541785423142,6.20455776256869,6.278521424165844,6.418364935936212,6.740519359606223,7.029972911706386,7.599901959208498,7.966239776559467,8.022240916806537,8.561210076833012,8.657302899400882,8.564649132572534,8.469891918298224,8.609407675404048,8.65817178467581,8.562931083090092,8.387084506069217,8.205218426395412,7.865187954187467,7.822444729489319,7.785305182539862,7.60339933974067,7.332369205929062,7.392647520721623,7.599401333415815,7.795234929002173,7.902117546276448,8.005700678662542,7.949091499830517
34,0.0,0.0,0.0,0.0,0.0,0.0,1.3862943611198906,4.174387269895637,7.1372784372603855,9.189831495344642,10.043249494911286,10.086933476991792,10.054877281586947,10.089053839494971,9.811207776416833,9.527265662897605,8.95789673495042,9.005773206234908,8.785539527561276,8.387539983189367,7.946971357693591,7.7752758464868625,7.704811922932594,7.779466967458324,7.696212639346407,7.692113339595466,7.765569081097317,8.153925132007862,7.891704659330107,8.101374671228582,7.686162303492906,7.7284157798410416,7.918992488165245,7.983781068977451,8.111928063310739,8.30795254527102,8.591372589590488,8.705331133531631,8.868413284672005,9.254452946594503,9.4925826756776,9.833494180715594,10.18459807960487,10.365143940294034,10.37007911730487,10.536460010060003,10.577757677326384,10.47200644708059,10.481223881584746,10.448076718454924,10.546603799490509,10.665204181618838,10.475793902145139,10.463303320474218,10.138243419178504,10.165236242961404,9.93090814811212,10.025351140292969,10.048583072153967,10.10467175249591,10.243560441877241,10.291976036437175,10.349870650556843,10.192680982311837,10.150386692204734
35,0.0,0.0,0.0,0.0,0.0,0.0,0.0,2.5649493574615367,3.7376696182833684,5.030437921392435,5.697093486505405,6.371611847231857,6.561030665896573,6.759255270663693,6.977281341630747,6.952728644624869,6.974478911025045,6.656726524178391,6.906754778648554,7.069874128458572,6.710523109452428,6.695798917058491,7.080867896690782,7.275172319452771,7.444248649496705,7.5822291942764615,7.62657020629066,7.60489448081162,7.1846291527173145,7.079184394609668,6.907755278982137,6.775366090936392,6.76849321164863,6.418364935936212,6.7464121285733745,7.07326971745971,7.38025578842646,7.793999089503996,8.19450550976564,8.454679286026995,8.60337088765729,8.879193928110318,9.159047077588632,9.69701673550917,9.584796293210003,9.462965052612562,9.3502762122737,9.26596427572418,9.023528749909364,9.006141236662911,9.166910814048848,8.979542601725113,8.645762292210945,8.509161019718974,8.209308411646937,8.031060180240619,7.689828668736484,7.7886260656250315,7.5251007461258,7.261927092702751,7.239214973779806,7.190676034332207,7.142827401161621,7.103322062526113,7.313220387090301
36,0.0,0.0,0.0,0.0,0.0,0.0,4.330733340286331,6.175867270105761,9.195531256322475,10.645186773678239,11.146272332647454,11.164176172769997,10.861054575722122,10.681182661619935,10.284523346721118,9.884712397209794,9.559376212117632,9.385133662349347,9.16785032035523,8.934982049213234,8.524764456912555,8.411388132519262,8.446556111816797,8.474911799159631,8.481151420068972,8.613048677059759,8.504513138258863,8.42989086301344,8.361240889642351,8.324821298768782,8.352554369474591,8.345930261979017,8.567125560164447,8.520388082312756,8.635331719433278,8.685753832960154,9.074978734045507,9.219300113347655,9.191157552559408,9.352273867864849,9.548881894718772,9.823198981307291,10.364166592611527,10.484557264690627,10.725093908749692,11.027117604179526,11.14972930404123,11.205720726029584,11.241589071054534,11.381118299297418,11.586352491047071,11.60443753197628,11.45577293346592,11.354937431911715,11.028465849634443,11.022539520441693,10.894792988215729,10.831805664623001,10.838658918173572,10.772330219222972,10.700048354785155,11.047519251395098,10.938076742769116,10.85636090547197,10.676069563742107
37,0.0,0.0,0.0,0.0,0.0,0.0,0.6931471805599453,3.4011973816621555,5.541263545158426,6.706862336602747,7.333023014386481,7.549609165154532,7.5953872788539725,7.785305182539862,8.006367567650246,8.030409562130485,8.230044310126114,8.427049641563272,8.596558746796978,8.851520271691061,9.056489647157923,9.072686206677387,9.18266080286944,9.30955202204713,9.450380370950123,9.546955455537143,9.520248603186129,9.469082700530256,9.318925682389624,9.189423123720795,9.293669979563187,9.349058291288005,9.241645221804594,9.017968479328726,9.140025198061156,9.159888828480085,9.117347505127018,9.462343451970945,9.544882175080447,9.586513975448948,9.701554950093058,9.71776020260734,9.791046473190379,10.049447637979663,10.154129532552147,10.32855919028321,10.62677589000806,10.657071101899904,10.63734472134386,10.70340175915424,10.931641610888983,10.886894729843826,10.711970331775978,10.594407254105722,10.568595276064828,10.211082540319786,9.969836933077662,9.822928044677711,9.519881778780857,9.262837940933936,9.43731656931057,9.236495329453033,9.271529540288606,9.491526390684262,9.567105311865157
38,0.0,0.0,0.0,0.0,0.0,0.0,0.0,0.0,3.295836866004329,4.189654742026425,4.5217885770490405,4.672828834461906,5.459585514144159,5.616771097666572,5.857933154483459,5.739792912179234,5.950642552587727,6.248042874508429,5.241747015059643,5.568344503761097,5.488937726156687,5.262690188904886,5.332718793265369,5.771441123130016,6.139884552226255,6.498282149476434,6.720220155135295,6.763884908562435,6.80903930604298,6.841615476477592,7.163946684342547,7.466227556215481,7.52294091807237,7.504942068396171,7.806289289267033,7.927685045615778,7.9208096792886,8.158516244806831,8.441175704992322,8.6328406149422,8.859647499714997,9.136478523377727,9.176576741823373,9.067393362656249,8.763271714012943,8.427049641563272,8.534246945982066,7.693481640835175,7.358830898342354,7.337587743538596,7.418780882750794,7.052721049232323,6.913737350659685,6.734591659972948,6.300785794663244,6.09807428216624,6.517671272912275,6.313548046277095,6.3578422665081,6.371611847231857,6.492239835020471,6.839476438228843,6.947937068614969,7.024649030453636,6.902742737158593
39,0.0,0.0,0.0,0.0,0.0,0.0,0.0,3.258096538021482,5.3981627015177525,7.055312843339752,7.75491027202143,7.828436359157585,8.287025025165063,8.587651655064798,8.228977643358313,8.380685946761574,8.236685322712457,8.277411998949004,8.195609567288775,8.032035314398824,7.9157131993821155,8.134467570277563,8.555259392222693,8.814033201652784,8.991064332188461,9.170247278409738,9.14452103093889,9.094143577573671,8.97233695775495,8.949624747754216,8.778171881033469,8.875566691990551,9.043695294567236,8.82217476094608,8.850660919017152,8.773694146384443,8.981807323377534,9.158204617555654,9.45461899582035,9.653807502217354,9.89802264710506,10.309952160977376,10.703603954093316,10.8788581843462,11.057487243283795,11.014176622429687,11.362439727695692,11.018104415345954,10.824546896485385,10.819878279410617,10.938520859561367,10.830322498285954,10.554092509830399,10.402443003731632,10.138480620207487,9.876219125381935,9.600014794178023,9.535896096856046,9.357207447785735,9.26501793326688,9.261128538808288,9.374497958142467,9.503606822721864,9.517015920920498,9.581834960513193
40,0.0,0.0,0.0,0.0,0.0,0.0,0.0,1.0986122886681098,3.8918202981106265,5.780743515792329,6.664409020350408,6.561030665896573,6.391917113392602,6.591673732008658,6.48768401848461,6.459904454377535,6.616065185132817,6.583409222158765,6.126869184114185,6.46302945692067,6.921658184151129,7.583247524303362,7.866338923046544,8.007034012193408,8.326274787396764,8.57130251706327,8.521981708148035,8.942460926820582,8.58466490653125,8.45914025996762,8.476579508530941,8.46674164792014,8.671458150427666,8.607399459302387,8.874168090363968,8.949754525186103,8.887100204123687,8.971194463184467,8.967886572127473,9.128804883993665,8.864605368075784,9.103756886573398,9.8230364281385,9.938806432660483,10.03889218954233,9.874110233825451,9.908375586608903,10.025616685769192,9.939771264613375,9.886493976159556,10.272772653189536,10.198691266386755,9.831239388328504,9.714503852868623,9.634496378527837,9.269646477873591,8.715552125907816,8.620651899784468,8.474703139795285,8.169902647359145,7.8551570058813445,7.847371836159788,7.714677473800927,7.722234744709607,7.629489916393995
41,0.0,0.0,0.0,0.0,0.0,0.0,1.6094379124341003,3.4011973816621555,4.61512051684126,5.834810737062605,6.040254711277414,6.156978985585555,6.159095388491933,6.013715156042802,5.945420608606575,6.263398262591624,6.113682179832232,5.62040086571715,5.6937321388027,5.953243334287785,6.693323668269949,7.224753405767971,7.203405521083095,7.515344571180436,7.560601162768557,7.739794458408701,7.759187438507795,7.751475318021456,7.693025748417888,7.60489448081162,7.433666540166168,7.367077059881012,7.354362330421477,7.170119543449628,7.274479558773871,7.591861714889934,7.5652752818989315,7.7886260656250315,7.779466967458324,7.793174347189205,8.065265208897733,8.448057452581375,8.768885326134862,8.942460926820582,9.086815885690685,9.281450999434135,9.169101623959586,9.10219821335648,8.781401907682376,8.989943046329998,9.003070169818264,8.979164648964709,8.554103545436334,8.479698986988657,8.37216741936598,8.099554282376364,7.892452043520352,7.86480400332846,7.475339236566737,7.750614732770409,7.559038255443384,7.775695749915245,7.9294865233142895,8.190077049719049,8.392989587956931
42,0.0,0.0,0.0,0.0,0.0,0.0,0.6931471805599453,3.8066624897703196,5.863631175598097,7.802209316247118,8.935771938669784,9.330343164370879,9.203617826215355,9.15915233520675,9.14216859187285,8.995412975433313,8.798605650854423,8.669742589876522,8.452761331256848,8.244859395911256,8.142936010432265,7.880804344674901,8.257385655730436,8.406485069431817,8.574329382787047,8.624072553043334,8.75384509275524,8.756682421266532,8.555836815008442,8.676928249537397,8.44009614103127,8.392989587956931,8.648922962094131,8.585785982881848,8.630700432209832,8.647694999480395,8.74909824839902,9.165238398063762,9.197356444417888,9.367515046348181,9.643485495857657,9.888475432415625,10.364986368165066,10.663498673349581,10.798697640799045,10.996919781162696,11.151883858163988,11.120845376472186,10.930818639199273,10.855396362012028,10.945476578263147,10.783363231708234,10.547864568726643,10.568492427149794,10.194177596502213,10.14399939801143,9.865370230423,9.77673314419063,9.77542688246861,9.764857469366598,9.91214992561478,10.195261242891162,10.211119300295529,10.310218525765526,10.44380401506915
72,0.0,0.0,0.0,0.0,0.0,0.0,0.0,0.0,3.044522437723423,4.3694478524670215,5.863631175598097,5.817111159963204,5.799092654460526,5.19295685089021,0.0,4.0943445622221,4.3694478524670215,4.74493212836325,4.23410650459726,4.0943445622221,4.700480365792417,4.2626798770413155,4.2626798770413155,5.3706380281276624,6.42648845745769,6.933423025730715,7.365812837209472,7.313886831633462,7.615791072035833,7.822444729489319,7.70210434005105,7.440733707389261,7.136483208590247,7.2115567333138015,7.700295203420117,7.7651449029361315,7.878534196140362,7.469654172932128,7.45876269238096,7.929846429742503,8.028129059431759,8.117312461601975,8.362175469149628,8.447199819595703,8.546169299652755,8.281723990411392,8.730851903519232,8.610319169405722,8.562548893137034,8.610501368549889,8.454892165218858,8.266935347610456,8.174702882469461,8.11162807830774,7.575071699507561,7.579678823090456,7.3277805384216315,7.097548850614793,7.1569563646156364,7.29641326877392,7.257707677160043,7.421775793644647,8.164510268747042,8.474285690404962,8.92319149068606
44,0.0,0.0,0.0,0.0,0.0,0.0,1.0986122886681098,2.833213344056216,3.828641396489095,5.153291594497779,6.340359303727752,7.341483852363161,7.669495251007694,7.87777633327726,7.67786350067821,7.438383530044307,7.275864600546533,7.325148957955575,6.7650389767805414,6.432940092739179,6.226536669287466,5.966146739123692,5.780743515792329,5.799092654460526,5.771441123130016,6.175867270105761,6.066108090103747,6.682108597449809,6.573680166960646,6.391917113392602,6.532334292222349,6.493753839851686,6.327936783729195,6.495265555937008,6.5722825426940075,6.53813982376767,6.639875833826536,7.1049654482698426,7.242082359256962,7.794411205726601,7.9215356321335495,8.16223106548118,8.546557800046141,8.775240458738327,8.69165057315339,9.009814110527381,9.068892008391808,8.852807917623322,8.355614995760183,8.679822114864455,9.17626639164243,8.82893352896109,8.573951525234847,8.455955881945048,8.146998697389993,7.982757702011113,7.751045117971802,7.814803429489359,7.823645930834952,7.7752758464868625,7.838737559599282,7.914252278742441,7.8160138391590275,7.952263308657046,8.023552392404348
45,0.0,0.0,0.0,0.0,0.0,0.0,0.6931471805599453,2.833213344056216,5.043425116919247,6.186208623900494,7.136483208590247,7.165493475060845,6.9440872082295275,6.912742820493176,7.119635638017636,6.948897222313312,7.029972911706386,7.1180162044653335,7.312553498102598,7.670428522190693,8.393216011596527,8.665785595466064,9.009814110527381,9.345482965918476,9.333707785926467,9.465989834846651,9.42512911890764,9.267759862843668,9.089414904047302,8.76748487464946,8.596558746796978,8.691818541575723,8.859363449152088,8.646289764750648,8.89041055197428,8.991313336173812,8.633731007664188,8.653470809708786,8.7937637591133,8.720460512725655,8.891649112650057,9.003316202541857,9.134754385019587,9.306014122044465,9.199582715323222,9.569691731118324,9.881395306061313,9.98686316145718,9.817657295930935,10.078532700359306,10.528516479019784,10.38399828829976,10.353511663841456,10.16569795901424,10.05173512899633,9.911406117780423,9.805709329617423,9.532061486651386,9.14686794902061,8.998631198287637,8.967121656230923,8.952087643548404,8.87626525995469,8.77940359789435,8.777247096750544
46,0.0,0.0,0.0,0.0,0.0,0.0,0.0,2.0794415416798357,1.791759469228055,3.9889840465642745,4.969813299576001,6.025865973825314,6.82001636467413,6.405228458030842,6.089044875446846,6.690842277418564,6.338594078203183,6.22455842927536,6.206575926724928,6.008813185442595,6.144185634125646,5.971261839790462,5.993961427306569,5.996452088619021,6.054439346269371,6.0112671744041615,6.093569770045136,6.331501849893691,6.413458957167357,6.46302945692067,6.92461239604856,7.499423290592229,7.5740450053721995,7.344719054149673,7.604396348796338,7.896924656268864,7.9561263512135,8.284251797621916,8.447628728030327,8.61794309451638,8.968396191198256,8.9851948179913,9.230731061623917,8.99118884193151,8.837100411162755,8.733110697638708,8.537583881063972,8.27614021955846,7.87359778968554,7.960672608388117,8.030084094267563,7.773594467360194,7.429520842786462,7.009408932708637,6.967909201801884,6.9782137426306985,6.866933284461882,7.028201432058005,6.98933526597456,7.016609683894219,7.114769448366463,7.213768308118642,7.154615356913663,7.203405521083095,7.208600337960199
47,0.0,0.0,0.0,0.0,0.0,0.0,0.0,3.4339872044851463,5.605802066295998,7.095893221097532,7.501634457883413,7.501082124259871,7.284134806195205,7.8632667240095735,8.15248607578024,7.653020413804189,7.822044008185619,7.8328075165248645,7.930565854233965,8.191740021277457,8.123261319121745,8.496378051702317,8.65277248565806,9.207135241027235,9.293393927111468,9.63756697186586,9.579141495712756,9.763535592108683,9.425532393502772,9.320270431348378,9.243388226022383,9.229848838364227,9.218506934642576,9.05122740031911,9.263691547473178,9.1539816383068,9.071537969095724,9.476849879195163,9.509703949201802,9.795233967095873,9.716253951381153,9.772410288929185,10.20006742192352,10.33419796600033,10.224809892531864,10.435761507507989,10.72394997039761,11.013666027575601,10.955025703818272,10.674521271753145,10.652967806436234,10.445724630256212,10.127790431570185,9.845116639209799,9.768297642474444,9.536617962187327,8.979290649090876,9.198166571044474,9.026297334283887,8.915432254432663,9.101529466118004,9.008346579384707,8.82790796297859,9.044403844431551,9.035867930125628
48,0.0,0.0,0.0,0.0,0.0,0.0,2.0794415416798357,3.9512437185814275,6.257667587882639,7.5352967024440884,8.328692583545568,8.787067645218054,8.626764827845529,8.623892810075294,8.830396801098097,8.969160133175821,9.067277989134345,8.893160828735379,9.001222992395064,9.359363643368622,9.436678814186912,10.045768059792898,10.491385322376976,10.786159451386606,11.014011942895687,11.188454919070612,11.053932989844254,10.932856938462077,10.929063089960264,10.824785726220822,10.628714626559486,10.490551734287916,10.285991049006945,10.01668230030247,10.317020031722052,10.783736513063017,10.397665367329228,10.343515104993404,10.390993370980501,10.620009404412524,10.719294745831961,11.39192099606508,11.238528092173613,11.356470465570062,11.21240128450515,11.588709888237037,11.50677659938335,11.616303015852312,11.352615857827386,11.781623475010162,11.923271972969877,11.987586979406279,11.77383482542412,11.701833615783992,11.721880838429064,11.258678168604686,10.300954090533025,10.924984788208892,10.676554356271946,10.370862730428172,10.228176350617005,10.210420629580021,9.987552927653796,10.099588732738454,10.065648918115544
49,0.0,0.0,0.0,0.0,0.0,0.0,0.0,2.1972245773362196,4.68213122712422,6.182084906716632,6.716594773520978,6.658011045870748,6.565264970035361,6.93828448401696,6.9440872082295275,7.0192966537150445,6.872128101338986,7.083387847625295,7.149131598557407,7.725330037917135,7.688455356549944,8.034955024502159,8.177515823846075,8.272315147956022,8.369388996647842,8.406708458240965,8.364275084991524,8.0323601479245,8.022568946988255,7.851661177889265,7.821242083523558,7.860185057472165,7.960672608388117,7.99799931797973,8.63141433550626,8.809116258125274,8.8065738205036,9.038246335337664,9.06566136060674,9.192176401348512,9.353487881194667,9.653679132512428,9.947791478092652,10.036181094261593,9.80410910855585,9.94063881816692,9.85098299855398,9.749695141856147,9.622979683832348,9.774289614064447,10.00192918784816,9.827092351282415,9.444384297758681,9.26302769425519,9.020389788017736,8.83695515733143,8.60337088765729,8.462948176563842,8.207401833376355,8.173293438966228,8.092851027538384,7.978996370854115,7.945909598613133,7.924072324923417,7.918992488165245
50,0.0,0.0,0.0,0.0,0.0,0.0,0.0,1.6094379124341003,3.784189633918261,5.087596335232384,5.521460917862246,5.521460917862246,4.5217885770490405,3.6888794541139363,3.7612001156935624,3.5553480614894135,2.5649493574615367,2.995732273553991,3.1354942159291497,4.23410650459726,4.3694478524670215,3.091042453358316,3.970291913552122,3.6375861597263857,3.8066624897703196,4.007333185232471,4.060443010546419,3.2188758248682006,3.4965075614664802,4.007333185232471,3.784189633918261,3.9512437185814275,3.7376696182833684,3.4011973816621555,3.4965075614664802,3.367295829986474,3.6635616461296463,4.3694478524670215,4.23410650459726,4.762173934797756,4.912654885736052,5.123963979403259,6.206575926724928,6.555356891810665,6.18826412308259,6.7580945044277305,6.595780513961311,6.57507584059962,6.434546518787453,6.583409222158765,7.00397413672268,7.025538314638521,6.900730664045173,6.827629234502852,6.840546529288687,6.678342114654332,6.682108597449809,6.6052979209482015,6.763884908562435,6.598509028614515,6.75343791859778,6.97354301952014,7.156176637480615,6.966024187106113,6.806829360392176
51,0.0,0.0,0.0,0.0,0.0,0.0,0.0,3.6109179126442243,4.787491742782046,6.368187186350492,7.418780882750794,7.8898337513942955,7.998335395952982,8.369388996647842,8.588955557643128,8.604837701268284,8.777555453213056,8.710454688248527,8.969796305981806,8.66319648553608,8.405591014834934,8.181440695719374,8.24380842366528,8.258940462988459,8.449556542700426,8.79346036105272,8.886823846515187,8.880724576151456,9.03455739202181,8.788898309344878,8.751790892775563,8.81537000096066,8.841881989497114,8.87360810154911,8.822764296703758,8.657476736863293,8.593227877692234,8.868131713503033,8.9001399880938,8.872627365918836,9.084550365917883,9.17812704961153,9.202912856147385,9.607773308387083,9.794676646677948,9.773151050808124,10.21982996548112,10.100574561530555,10.18885444703047,10.28117027963184,10.461959829769471,10.482233472786097,10.578063347510637,10.421268928868125,10.083932349317223,9.96401805227616,9.574149804815514,9.433643910491758,9.232395362757014,9.107753783201082,9.228474942171665,9.232982102457008,9.20099685697303,9.25378292981902,9.259416209622776
53,0.0,0.0,0.0,0.0,0.0,1.791759469228055,4.553876891600541,6.29156913955832,7.048386408721883,7.71289096149013,8.076204527239026,8.066835314417336,7.201916317531627,7.341483852363161,7.428927194802272,7.421177528595393,7.3864708488298945,6.884486652042782,7.642044402873258,7.790696031174738,7.629489916393995,7.955425088912672,8.035926369891792,8.327484416188264,8.470101583882387,8.745761999375512,8.650499558724462,8.621012520055235,8.511778558714738,8.387539983189367,8.266164436612492,8.135639903354386,8.037220031133012,7.922623574217286,7.96693349840484,8.26796230533871,8.235095497258357,8.354438940114811,8.42639282708974,8.509967146324497,8.655040258108363,9.14984699154722,9.485696794737327,9.584521190044581,9.867963996467081,9.670924779305427,10.151752892624117,9.538420349034803,9.555276687009526,9.213634938925614,10.12033130170181,9.573245865665552,9.562967133068346,9.341280911236778,9.053569596026234,8.974744612722734,8.656433258507741,8.696008608880904,8.46779284112111,8.495560891289124,8.58615939588096,8.753529336516431,8.893984438939794,8.965334573804839,9.139810605785655
54,0.0,0.0,0.0,0.0,0.0,0.0,0.0,0.0,2.4849066497880004,4.430816798843313,5.225746673713202,5.68697535633982,5.337538079701318,5.41610040220442,5.1647859739235145,4.927253685157205,4.990432586778736,5.459585514144159,5.648974238161206,4.990432586778736,4.927253685157205,5.420534999272286,5.641907070938114,6.0473721790462776,6.846943139585379,6.617402977974478,6.78105762593618,6.870053411798126,6.715383386334681,6.80128303447162,6.583409222158765,6.665683717782408,7.187657164114956,7.118826249062078,7.215975002651466,7.15305163493748,7.1808311990445555,7.27655640271871,7.537962659768208,7.555381944240273,7.917171988845776,8.054840221101024,8.553139318189707,8.82555985506085,8.73985662749357,8.952475967933584,9.057072635572965,9.112065802707843,9.100748695346088,9.121509158269568,9.254452946594503,9.029537661151497,8.799058378546453,8.628376720376853,8.25582842728183,8.036573409707312,7.641084249174914,7.703459047867175,7.444248649496705,7.527793987721444,7.753194269884341,7.950854857719988,7.933796874815411,7.881559917056899,7.924072324923417
55,0.0,0.0,0.0,0.0,0.0,0.0,0.0,3.295836866004329,5.541263545158426,6.650279048587422,6.882437470997847,7.075808863978387,6.893656354602635,7.305188215393037,7.587310506022615,7.731492029245684,7.717796211013582,7.897296472595885,8.117610746466228,7.75833346749091,7.5740450053721995,7.611347717403621,7.918264686095274,8.234564993267135,8.439015410352214,8.666647144584575,8.76170676846664,8.721276239991704,8.687948111838727,8.541495483939203,8.507748732588238,8.474494436883122,8.612503371220562,8.89604050162011,9.389239411968807,9.55272367519805,9.749928364409826,9.726869698658852,9.832313733081604,10.570111070155717,10.396047367495227,10.587442614727157,10.738589920723442,10.791687404243758,10.397573852297821,10.401805277658909,10.242563539313103,10.114072574602941,9.638414622945206,9.777357275391916,10.105693432635459,9.805929848941323,9.527192821727743,9.305104948420606,9.107088742165708,8.800113946766308,8.544419177669829,8.536407410340042,8.386856689688234,8.234830280442056,8.274866820685254,8.454040376410969,8.502485562543963,8.75004942158424,8.70748291785937
56,0.0,0.0,0.0,0.0,0.0,0.0,0.0,0.6931471805599453,3.044522437723423,4.07753744390572,4.653960350157523,4.30406509320417,3.871201010907891,5.204006687076795,4.477336814478207,4.30406509320417,4.477336814478207,4.276666119016055,4.442651256490317,3.713572066704308,4.709530201312334,4.859812404361672,5.3612921657094255,5.365976015021851,5.4510384535657,5.594711379601839,5.823045895483019,5.777652323222656,5.5053315359323625,5.356586274672012,5.755742213586912,5.560681631015528,5.231108616854587,5.726847747587197,6.182084906716632,6.52795791762255,6.802394763324311,6.993932975223189,7.215975002651466,7.5953872788539725,7.821242083523558,8.101374671228582,8.572438665642215,8.617762246337932,8.415824697027949,8.297294370266917,7.994969522697877,7.855932199718614,7.4133673356952405,7.2633296174768365,7.671360923190644,7.761744984658913,7.323170717943469,7.02197642307216,6.81783057145415,6.148468295917647,6.391917113392602,6.502790045915623,6.025865973825314,5.988961416889864,6.035481432524756,6.142037405587356,5.993961427306569,6.054439346269371,5.976350909297934
US,0.0,1.791759469228055,1.3862943611198906,0.6931471805599453,0.6931471805599453,2.1972245773362196,5.937536205082426,7.85748078694253,10.042814617757227,11.500903489742903,12.187908674902502,12.313455115659634,12.202952783818894,12.242457610979606,12.166697520455985,12.08303457633995,11.965331409246811,11.95107071246702,11.900606706712466,11.891135847745172,11.906614843865572,12.110766965715724,12.460230250373552,12.718503979453331,12.911938598497894,13.047603192606173,13.048202173064569,12.999458748752408,12.839843955509213,12.796885283111134,12.622457911087329,12.579382951369332,12.57748101750838,12.391859026216611,12.555334177912998,12.641701550827054,12.619132176204097,12.739681743567994,12.873866120025603,13.087260414668137,13.24500039120259,13.600133022931118,13.849774777201457,14.001837416152068,13.960236680123987,14.125379178619323,14.22874077277769,14.235269684753142,14.102555427445356,14.189615709392339,14.35644143658113,14.2637420091214,14.02745159477049,13.875583498220653,13.648774513630011,13.404776091138332,13.06622467877218,13.08076191250929,12.96327619976328,12.843950215572862,12.862208270949361,12.979079440079953,13.023062244329896,13.075816694747207,13.091737145662567
