Country/Region,2020-01-19,2020-01-26,2020-02-02,2020-02-09,2020-02-16,2020-02-23,2020-03-01,2020-03-08,2020-03-15,2020-03-22,2020-03-29,2020-04-05,2020-04-12,2020-04-19,2020-04-26,2020-05-03,2020-05-10,2020-05-17,2020-05-24,2020-05-31,2020-06-07,2020-06-14,2020-06-21,2020-06-28,2020-07-05,2020-07-12,2020-07-19,2020-07-26,2020-08-02,2020-08-09,2020-08-16,2020-08-23,2020-08-30,2020-09-06,2020-09-13,2020-09-20,2020-09-27,2020-10-04,2020-10-11,2020-10-18,2020-10-25,2020-11-01,2020-11-08,2020-11-15,2020-11-22,2020-11-29,2020-12-06,2020-12-13,2020-12-20,2020-12-27,2021-01-03,2021-01-10,2021-01-17,2021-01-24,2021-01-31,2021-02-07,2021-02-14,2021-02-21,2021-02-28,2021-03-07,2021-03-14,2021-03-21,2021-03-28,2021-04-04,2021-04-11
AT,0.0,0.0,0.0,0.0,0.0,2.1972245773362196,4.248495242049359,6.3561076606958915,7.677400430514807,8.604654467186231,8.163371316459912,7.613324979540639,6.762729506931879,6.1675164908883415,6.016157159698354,5.616771097666572,5.908082938168931,5.652489180268651,5.293304824724492,5.3612921657094255,5.19295685089021,5.501258210544727,5.54907608489522,6.371611847231857,6.42648845745769,6.672032945461067,6.639875833826536,6.773080375655535,6.561030665896573,7.138866999945524,7.5406215286571525,7.56164174558878,7.650644551436897,8.19118600464279,8.471777327885755,8.463792414689122,8.559869465696673,8.852378886511985,9.072341873818893,9.608780865147382,10.199732855648397,10.652424154738116,10.840972100417284,10.68443954523277,10.42522344230968,10.127750477118255,9.859169871885003,9.76347807952779,9.49363784611014,9.53372736904874,9.600285668426311,9.50599061407714,9.305741456739435,9.179468708309095,9.139273923542323,9.188197007290492,9.326611153641569,9.531046110875145,9.652073119254888,9.808847148382007,9.922063938109064,10.014402613107283,10.009018053745592,9.838575628358985,9.716675930469309
BE,0.0,0.0,0.0,0.0,0.0,0.0,5.123963979403259,6.253828811575473,7.661997558901893,8.751316246773456,9.137447046455858,9.168163293076997,9.123147160273806,9.004791129062925,8.340933226000878,8.0323601479245,7.780303087908373,7.507141079727608,7.226936018493289,6.786716950605081,6.740519359606223,6.448889394146858,6.490723534502507,6.444131256700441,6.447305862541213,7.1204443723924875,7.611347717403621,8.209308411646937,8.293799608846818,8.404696160189092,8.188411308079031,8.049107721326406,8.078998258685154,8.445267451844648,9.020389788017736,9.397234790615272,9.603732898850078,10.285615795279854,10.936387297838856,11.432734412960881,11.726584177073223,11.081203646708584,10.52169564643158,10.151284691288994,9.772467290097724,9.648208131191847,9.489259158757807,9.933094897288786,9.565914710470881,9.318207742845189,9.512295103714683,9.58293787645873,9.591854259261833,9.679280936368654,9.682404377188837,9.49137540170617,9.633252393688068,9.743025330095067,9.704731689278749,9.878784939895755,10.026589749670112,10.548546822289019,10.354913429020494,10.127150968697189,10.106958868052818
BG,0.0,0.0,0.0,0.0,0.0,0.0,0.0,3.713572066704308,4.804021044733257,5.123963979403259,5.147494476813453,5.062595033026967,5.37989735354046,5.910796644040527,5.849324779946859,5.7899601708972535,5.537334267018537,5.4510384535657,4.51085950651685,5.356586274672012,6.318968113746434,6.406879986069314,6.6240652277998935,6.9584483932976555,7.311886164077165,7.288244401020124,7.422971251049421,7.329093736246592,7.317876198626496,6.897704943128636,6.682108597449809,6.940222469119639,6.786716950605081,6.734591659972948,6.833031732786201,7.071573364211532,7.327123292259293,7.937731775260109,8.47407690034261,9.042394981126735,9.634430944207512,9.982344942613622,10.04107321548869,10.054576406898985,9.954655839110528,9.857286533635413,9.80410910855585,9.399058096275375,8.756997183623554,8.611775833902186,8.617219505483362,8.110727582974489,7.992944547318106,8.274357006756292,8.503905297089302,8.69349667588463,8.842604480678025,9.236690147298965,9.480749115757506,9.801842348773928,10.11058301942873,10.13816433966401,10.105979316119466,9.866408544294707,9.577203242302405
HR,0.0,0.0,0.0,0.0,0.0,1.791759469228055,1.791759469228055,3.258096538021482,5.123963979403259,6.111467339502679,6.150602768446279,6.0112671744041615,5.697093486505405,5.214935757608986,4.276666119016055,4.477336814478207,3.871201010907891,2.9444389791664403,1.0986122886681098,0.0,1.3862943611198906,3.871201010907891,5.783825182329737,6.152732694704104,6.359573868672378,6.364750756851911,6.289715570908998,6.068425588244111,5.765191102784844,6.776506992372183,7.299797366758161,7.581209826196346,7.537962659768208,7.395721608602045,7.213031659834869,7.156176637480615,7.2399325913204695,7.836369760545124,8.482394685873542,9.12674134809987,9.639326675125693,9.641343263872185,9.749170192151771,9.829087229959878,10.055478759522249,10.075800860133013,10.129387302044055,9.926422523818625,9.334767950351235,8.980927207648378,8.865735152124781,8.561784074744113,8.292298107063221,8.166784289056151,8.01829613851552,7.75491027202143,7.70796153183549,7.983440063006542,8.161375023197486,8.381144346952961,8.751632702472298,9.115590035430372,9.453208116138121,9.413199579987685,9.637306011530349
CY,0.0,0.0,0.0,0.0,0.0,0.0,0.0,3.258096538021482,4.060443010546419,4.553876891600541,5.5093883366279774,5.247024072160486,4.976733742420574,3.8918202981106265,3.9889840465642745,3.332204510175204,3.091042453358316,2.5649493574615367,2.833213344056216,2.772588722239781,2.995732273553991,1.6094379124341003,2.1972245773362196,2.0794415416798357,2.4849066497880004,3.1354942159291497,2.772588722239781,4.2626798770413155,4.6913478822291435,4.59511985013459,4.442651256490317,4.204692619390966,3.1354942159291497,2.772588722239781,4.204692619390966,4.543294782270004,4.844187086458591,5.1647859739235145,6.38856140554563,6.760414691083428,6.826545223556594,7.316548177182976,7.07326971745971,7.247792581767846,7.4815557019095165,7.575584651557793,7.738488122494646,8.006367567650246,7.557472901614746,8.307459327011946,8.179199798423086,7.495541943884256,6.98100574072173,6.78332520060396,6.773080375655535,6.61472560020376,6.637258031284457,7.147559271189454,7.67368812926773,7.9017475185201445,7.865187954187467,7.792761720816526,7.998671361015776,8.23031079913502,8.382975849296429
CZ,0.0,0.0,0.0,0.0,0.0,0.0,2.9444389791664403,5.135798437050262,6.692083742506628,7.400009517162692,7.518064181233078,7.214504414151143,6.652863029353347,6.61472560020376,5.998936561946683,5.8289456176102075,5.886104031450156,6.075346031088684,5.8289456176102075,5.820082930352362,6.049733455231958,6.124683390894205,6.745236349484363,7.040536390215956,6.51471269087253,6.606650186198215,7.213031659834869,7.304515946460155,7.336936913707618,7.412160334945205,7.549082710812286,7.742402021815782,8.204671828950811,8.942330199321866,9.465370112152714,9.615005159913578,9.75909741657673,10.416311178964792,10.911846852226676,11.314108605647077,11.34219645421208,11.240040046761179,10.75809435172215,10.389641313496469,10.236346124873199,10.14760951023553,10.3495506300728,10.678537248715708,10.794111697661032,11.125791313546788,11.376498455519377,11.021739056456585,10.80881844417394,10.765385454579738,10.80766521652648,10.873072575468,11.058354142754112,11.305581441189922,11.345323048182294,11.289081668541625,11.11688579750922,10.85156760689969,10.563930739922945,10.248423867569471,10.015431350758112
DK,0.0,0.0,0.0,0.0,0.0,1.0986122886681098,2.995732273553991,6.6895992691789665,6.212606095751519,6.774223886357614,7.53689712956617,7.5595594960077,7.1276936993473985,7.0925737159746784,6.8690144506657065,6.815639990074331,6.289715570908998,6.066108090103747,5.840641657373398,5.673323267171493,5.3706380281276624,5.529429087511423,5.648974238161206,5.056245805348308,4.736198448394496,5.424950017481403,5.579729825986222,5.860786223465865,6.481577129276431,6.947937068614969,6.628041376179533,6.29156913955832,6.863803391452954,7.507141079727608,7.965198290612176,8.236685322712457,8.035602692918582,7.930206206684683,7.958227192322312,8.405143687607614,8.84505705350085,8.971956271245688,8.831711917821577,9.054504940418054,9.073259831427816,9.259511415982631,9.812358619125026,10.106020149946213,9.881293067026359,9.703449989936393,9.449278529189034,8.98205864280585,8.651374372882257,8.33758794211651,8.036249942132116,7.9658927350845286,8.01102337918644,8.202756381655638,8.187021067343505,8.629092283913646,8.503094267036737,7.696667081526462,8.642768014324304,8.38548870041881,8.440312147080279
EE,0.0,0.0,0.0,0.0,0.0,0.0,2.1972245773362196,4.653960350157523,5.25227342804663,5.82600010738045,5.976350909297934,5.579729825986222,5.337538079701318,4.812184355372417,4.1588830833596715,3.5263605246161616,3.6109179126442243,3.9318256327243257,3.784189633918261,4.189654742026425,3.7376696182833684,2.0794415416798357,1.6094379124341003,1.9459101490553132,3.044522437723423,1.9459101490553132,2.4849066497880004,3.6635616461296463,4.31748811353631,3.6109179126442243,4.394449154672439,4.584967478670572,4.852030263919617,5.099866427824199,5.393627546352362,5.66988092298052,6.021023349349527,5.594711379601839,5.327876168789581,5.700443573390687,6.317164686747284,6.93537044601511,7.2991214627108,7.5822291942764615,7.750614732770409,7.938088726896952,8.074960359115858,8.16223106548118,8.244859395911256,8.232706009860976,8.366370301681654,8.189244525735901,8.158516244806831,8.178358165605836,8.233503140233994,8.351610750626559,8.572438665642215,8.904630097005011,9.136155473786806,9.228965836099349,9.225819942824568,9.072227069846548,8.73214326770192,8.476162841858246,8.094073148069352
FI,0.0,0.0,0.0,0.0,0.0,0.6931471805599453,2.4849066497880004,5.3471075307174685,5.697093486505405,6.467698726104354,6.5722825426940075,6.930494765951626,6.654152520183219,6.677083461247136,6.55250788703459,6.556778356158042,6.0063531596017325,5.641907070938114,5.552959584921617,4.927253685157205,4.812184355372417,4.007333185232471,4.02535169073515,3.912023005428146,3.7612001156935624,3.295836866004329,4.248495242049359,4.007333185232471,4.8283137373023015,5.0238805208462765,5.225746673713202,4.962844630259907,5.356586274672012,5.69035945432406,5.8998973535824915,6.484635235635252,6.70196036600254,7.284820912568604,7.275172319452771,7.214504414151143,7.2868764117507,7.148345743900068,7.448333860897476,7.656337166430183,8.036249942132116,7.976251943745623,8.080856419640986,7.784473235736469,7.584773077612199,7.48605261786314,7.488852955733459,7.443663683115591,7.711101251840158,7.838737559599282,7.779466967458324,7.917536353943631,8.094988759303774,8.23403420769204,8.411832675758411,8.401557847817314,8.540323608805092,8.394347361417392,8.174421152646497,7.868254265520613,7.563200592358071
FR,0.0,1.0986122886681098,1.6094379124341003,0.0,0.0,4.477336814478207,6.731018100482083,8.169336395928386,9.191463316206494,10.038018445493734,10.182103652974162,0.0,11.4372424068658,9.26974071525763,9.02905827475689,8.921991410536698,8.00903068506973,7.947678571301568,8.637462023807181,7.451241684987676,7.905810312658931,7.820840879907344,7.593877844605118,7.29505641646263,7.853604813097837,7.988542982737695,8.52456594574565,8.792093929503284,9.15556734612889,9.72728722274711,9.987736784981028,10.408375583635365,10.686201176455116,10.901487295336825,11.098288422979353,11.330923856987194,11.24690050833765,11.615707659613255,11.896042709414486,12.291644653792135,12.538906127047438,12.846638860904996,12.226037024449736,12.049722882824971,11.295416012273112,11.186502564202017,11.324799092787902,11.452102698524444,11.402541240480666,11.418790594219553,11.71762802154575,11.739359596382505,11.840702867985952,11.856188874997338,11.820402811749979,11.76393317955263,11.78220423062008,11.916836032072062,11.87553874205544,11.993263014855499,12.231209062064028,12.447323269853415,12.350800498206862,12.182379158647441,12.669564494077306
DE,0.0,2.0794415416798357,1.6094379124341003,1.0986122886681098,0.0,4.143134726391533,6.579251212010101,8.239065331769268,9.777243825961877,10.476780804620594,10.555734610523901,10.268686067415738,9.82195206455361,9.485772721999046,9.042394981126735,8.757311846936409,8.395703293828527,8.350902451694811,8.071843149609158,7.72356247227797,7.504942068396171,8.132412674500905,8.239593454305968,7.9157131993821155,7.828436359157585,7.907283609426348,8.256347772918016,8.461046030793236,8.682368589375221,8.933927891782632,9.145588494746486,9.102086786535928,9.014690384970896,9.18594521514146,9.402199633250627,9.400464740833158,9.61587214452889,10.062028580664679,10.626217806887722,11.053173111388238,11.551973086220894,11.822789684355659,11.787666664351708,11.761791342440219,11.732093122884846,11.784066485401768,11.934664104618221,12.057671240238923,11.83299243956601,11.754301784545499,11.950677043434332,11.609897898828109,11.503339667666632,11.376188941396757,11.003632000182314,10.857131870951632,10.849628306379168,10.928740306849777,10.967749913160826,11.123033464099866,11.506595472775356,11.64124831666514,11.543493466536646,11.7233727588232,11.883474714063453
GR,0.0,0.0,0.0,0.0,0.0,1.3862943611198906,3.7376696182833684,5.204006687076795,5.71042701737487,6.274762021241939,6.416732282512326,6.0112671744041615,5.0369526024136295,5.602118820879701,4.736198448394496,4.499809670330265,4.6913478822291435,4.04305126783455,3.6635616461296463,4.174387269895637,4.882801922586371,4.969813299576001,4.700480365792417,4.976733742420574,5.564520407322694,5.351858133476067,5.209486152841421,6.042632833682381,6.726233402358747,7.270312886079025,7.328437352895162,7.3752557780097545,7.25063551189868,7.408530566894626,7.571473648851271,7.718685495198466,7.776954403322442,7.80994708647679,7.956476798036782,8.52912176228151,9.133351330448047,9.652330254766719,9.781376414141157,9.776278985795086,9.465989834846651,9.353054474175359,9.134970064951407,8.80131894766524,8.44009614103127,8.432724034789787,8.430327258394575,8.313116702819253,8.09437844497296,8.481980435660493,8.815815203906352,9.018332049592685,8.916237731721479,9.29771001811309,9.557257866458935,9.651365655482898,9.685953239986429,9.739732565316011,9.946020083254831,9.918573189954168,9.887408982323437
HU,0.0,0.0,0.0,0.0,0.0,0.0,1.3862943611198906,3.258096538021482,4.290459441148391,5.480638923341991,5.814130531825066,6.448889394146858,6.261491684321042,6.411818267709897,6.212606095751519,5.602118820879701,5.560681631015528,5.480638923341991,5.0369526024136295,4.812184355372417,4.30406509320417,3.091042453358316,3.9512437185814275,3.58351893845611,4.007333185232471,4.454347296253507,4.6913478822291435,4.624972813284271,4.844187086458591,5.4116460518550396,5.545177444479562,6.284134161070802,7.706612913964197,8.27715777243181,8.536014945656826,8.72534492491121,8.80086724247048,8.836228571526014,9.014325488050225,9.330963814299922,9.86386275775286,10.296272607486918,10.366592440090708,10.421537021391439,10.446102498791525,10.568055201212758,10.394090060613085,10.07638988741359,9.638219074921247,9.33485624667375,9.530320210727126,9.223059144383958,8.952864141581468,8.982435503560263,9.087720658428273,9.271435471335993,9.571923252267498,10.086600462793985,10.482513733991373,10.775011017527744,10.88451678555052,11.06363385332151,10.908411678551898,10.447409403791308,10.402260837777945
IS,0.0,0.0,0.0,0.0,0.0,0.0,3.8918202981106265,4.663439094112067,5.75890177387728,6.194405391104672,6.118097198041348,5.605802066295998,4.2626798770413155,3.4011973816621555,2.0794415416798357,1.0986122886681098,0.0,0.6931471805599453,0.6931471805599453,0.0,0.6931471805599453,1.9459101490553132,1.6094379124341003,2.302585092994046,1.0986122886681098,1.6094379124341003,1.6094379124341003,3.912023005428146,4.127134385045092,3.784189633918261,4.07753744390572,3.7376696182833684,3.58351893845611,3.258096538021482,4.976733742420574,5.683579767338681,5.602118820879701,6.376726947898627,6.2878585601617845,5.981414211254481,6.154858094016418,5.288267030694535,4.812184355372417,4.418840607796598,4.624972813284271,4.653960350157523,4.330733340286331,4.23410650459726,4.127134385045092,4.2626798770413155,4.836281906951478,4.330733340286331,3.2188758248682006,3.044522437723423,2.9444389791664403,2.4849066497880004,2.4849066497880004,1.3862943611198906,2.302585092994046,2.5649493574615367,3.2188758248682006,4.189654742026425,4.127134385045092,3.4965075614664802,3.332204510175204
IE,0.0,0.0,0.0,0.0,0.0,0.0,2.833213344056216,4.709530201312334,6.486160788944089,7.396335293800808,7.691200097522863,8.371936178759098,8.670772279344538,8.24354550792826,7.869019376499023,7.367708572374371,7.160845906664299,6.280395838960195,5.849324779946859,5.537334267018537,4.718498871295094,4.3694478524670215,4.143134726391533,4.276666119016055,4.624972813284271,4.9344739331306915,4.77912349311153,5.480638923341991,6.282266746896006,6.304448802421981,6.57507584059962,6.699500340161678,6.70196036600254,7.086737934510577,7.4999765409521215,7.611842399580417,8.041734711487537,8.305484017727691,8.848509300888079,8.913281137711804,8.584477938221834,8.131236549696116,7.890208213109961,7.869783902530146,7.4949862339505335,7.603897968521881,7.4999765409521215,8.013012110368916,8.797548488481558,9.352881058758292,10.687411927154141,10.276877027171807,9.705280486511949,9.118115427933665,8.888066854754783,8.740016691519521,8.627302414096267,8.434246270595311,8.22121009392507,8.204945165019208,8.152774052744075,8.32020459757888,8.231642179973411,7.988882253309227,7.861341795599989
IT,0.0,0.6931471805599453,0.0,0.0,4.07753744390572,6.97166860472579,8.46695197497949,9.63390731544833,10.386561639971275,10.568595276064828,10.378478723292902,10.226983097777042,10.071287512811063,9.874367653962276,9.545168400484906,9.09829086816756,8.778325928634482,8.426611813185,8.112827478751374,7.667158255319148,7.52294091807237,7.392647520721623,7.528869256642251,7.1569563646156364,7.249925536717988,7.236339342754344,7.4073177104694174,7.584773077612199,7.7279755421055585,8.112227958349724,8.454892165218858,9.073030421011577,9.157466882369114,9.20623194393164,9.237177025929743,9.353141170607854,9.591990815318308,10.19402803583639,10.878839331539487,11.532463351343269,12.07208972240967,12.315196072548527,12.39694917067274,12.371498096997673,12.122696471358964,11.887649538942703,11.65948166531744,11.629000375945257,11.519662718622893,11.537052063746463,11.667061858981159,11.616086563682886,11.36734462560381,11.369031999595618,11.330383883972724,11.358853115408408,11.350135910621557,11.626513045332443,11.841775871959635,11.951670598313191,11.947904066850159,11.958393031870964,11.833515095249446,11.550510225297499,11.546031366867224
LV,0.0,0.0,0.0,0.0,0.0,0.0,0.0,3.2188758248682006,4.584967478670572,5.198497031265826,5.318119993844216,4.795790545596741,4.406719247264253,4.5217885770490405,4.204692619390966,4.07753744390572,4.204692619390966,3.8918202981106265,2.9444389791664403,3.044522437723423,2.3978952727983707,2.6390573296152584,1.3862943611198906,2.0794415416798357,3.912023005428146,2.772588722239781,2.833213344056216,3.4657359027997265,3.912023005428146,3.295836866004329,2.8903717578961645,3.871201010907891,3.784189633918261,3.6635616461296463,3.9318256327243257,4.9344739331306915,5.8998973535824915,6.3578422665081,6.679599185844383,6.980075940561763,7.2633296174768365,7.593877844605118,7.762596048540069,7.829232537543592,8.247220052745229,8.349011198176003,8.356789669923213,8.566173813637858,8.6164953924901,8.71768205216564,8.856945756159021,8.723394022000136,8.593969030218288,8.558718938244736,8.632662441222351,8.509564164251746,8.481980435660493,8.45553053102413,8.342601680684194,8.153349757998892,8.206583614320753,8.17948018535889,8.055475141757274,8.12355783506165,8.231376045573969
LI,0.0,0.0,0.0,0.0,0.0,0.0,0.0,1.0986122886681098,3.4965075614664802,2.9444389791664403,3.044522437723423,0.6931471805599453,0.0,0.6931471805599453,0.0,0.0,0.0,0.0,0.0,0.0,0.0,0.0,0.0,0.0,0.0,0.6931471805599453,0.0,0.6931471805599453,0.0,0.6931471805599453,2.0794415416798357,2.0794415416798357,0.0,1.3862943611198906,0.6931471805599453,1.3862943611198906,1.791759469228055,2.9444389791664403,4.31748811353631,4.812184355372417,5.262690188904886,5.44673737166631,5.3230099791384085,4.9344739331306915,4.969813299576001,4.8283137373023015,4.6443908991413725,5.43372200355424,5.666426688112432,5.308267697401205,4.844187086458591,3.9889840465642745,3.9889840465642745,4.02535169073515,3.2188758248682006,2.995732273553991,1.9459101490553132,3.044522437723423,3.1354942159291497,2.5649493574615367,3.2188758248682006,3.091042453358316,3.4011973816621555,4.07753744390572,4.189654742026425
LT,0.0,0.0,0.0,0.0,0.0,0.0,0.0,1.6094379124341003,4.143134726391533,5.598421958998375,5.840641657373398,5.493061443340548,5.10594547390058,5.3471075307174685,4.532599493153256,4.174387269895637,4.343805421853684,4.330733340286331,3.912023005428146,3.6375861597263857,4.060443010546419,3.4657359027997265,2.8903717578961645,2.8903717578961645,3.5263605246161616,3.912023005428146,4.454347296253507,4.51085950651685,4.927253685157205,5.0369526024136295,5.342334251964811,5.501258210544727,5.303304908059076,5.54907608489522,5.908082938168931,6.447305862541213,6.665683717782408,6.777646593635117,7.173958319756794,7.752764808851328,8.56197533418813,8.967631665167133,9.2771575450135,9.336796795928741,9.511333458487636,9.564652526725727,9.795289682058142,9.882110686776542,9.899730503658416,9.742320649814571,9.495594499353297,9.100078977718645,8.815073088844464,8.667507952075105,8.420241665339788,8.284756593190435,8.108021221376747,8.237743803890933,8.40200678160712,8.056743774975313,8.215006432761575,8.475746001502063,8.599878558034845,8.768729817231666,8.925454386826402
LU,0.0,0.0,0.0,0.0,0.0,0.0,0.0,3.8918202981106265,6.428105272684596,7.057036981697891,6.8001700683022,6.293419278846481,5.58724865840025,5.159055299214529,4.61512051684126,4.174387269895637,3.970291913552122,4.0943445622221,3.258096538021482,2.9444389791664403,3.332204510175204,3.7376696182833684,4.718498871295094,5.556828061699537,5.902633333401366,6.46302945692067,6.559615237493242,6.403574197934815,5.929589143389895,5.598421958998375,5.777652323222656,5.111987788356544,0.0,5.572154032177765,6.326149473155099,6.244166900663736,6.16541785423142,6.690842277418564,6.863803391452954,7.77485576666552,8.36240897761537,8.449342524508063,8.324821298768782,8.25088114470065,8.20166019080868,8.190908881182514,8.226305988015508,7.997326822998097,7.300472814267799,7.095064377287131,7.192182058713246,6.786716950605081,6.694562058521095,6.856461984594587,7.024649030453636,6.934397209928558,7.1252830915107115,7.191429330036379,7.078341579557671,7.095893221097532,7.280697195384741,7.31986492980897,7.402451520818244,7.216709486709457,7.153833801578843
MT,0.0,0.0,0.0,0.0,0.0,0.0,1.0986122886681098,2.70805020110221,4.007333185232471,4.330733340286331,4.1588830833596715,5.056245805348308,4.02535169073515,3.091042453358316,2.995732273553991,3.091042453358316,4.02535169073515,4.143134726391533,2.1972245773362196,2.1972245773362196,2.9444389791664403,2.8903717578961645,1.791759469228055,0.6931471805599453,0.6931471805599453,0.0,2.3978952727983707,5.0689042022202315,5.247024072160486,5.746203190540153,5.43372200355424,5.598421958998375,5.117993812416755,5.560681631015528,6.052089168924417,5.556828061699537,5.5053315359323625,6.1675164908883415,6.690842277418564,6.787844982309579,6.505784060128229,6.904750769961838,6.777646593635117,6.807934943699926,6.668228248417403,6.70196036600254,6.519147287940395,6.253828811575473,6.429719478039138,6.628041376179533,7.102499355774649,7.118826249062078,6.9985096422506015,7.072421900537371,6.75110146893676,6.980075940561763,7.01301578963963,7.284134806195205,7.599401333415815,7.62608275807238,7.400620577371135,6.806829360392176,5.942799375126701,5.883322388488279,5.937536205082426
NL,0.0,0.0,0.0,0.0,0.0,1.791759469228055,5.204006687076795,6.647688373563329,7.890582534656536,8.721113147762688,8.834191318202071,8.960082528170402,8.878497403738631,8.630700432209832,8.021584533455107,7.671360923190644,7.305188215393037,7.085064293952548,7.084226422097916,6.982862751468942,7.173958319756794,6.759255270663693,6.349138991379798,6.161207321695077,5.921578419643816,6.492239835020471,7.048386408721883,7.600902459542082,8.08794755464267,8.413608875159667,8.189244525735901,8.170468578330674,8.349957272040324,8.874867635688053,9.298534382712099,9.722984341548957,10.05440443785299,10.50207677030558,10.854604741562328,11.018629143155449,11.158048902972876,10.882245912728758,10.54684031483226,10.51330747050632,10.436025743207768,10.521911186900137,10.88102388984706,11.199173164785263,11.254569157900274,10.99976378140669,10.867996856680758,10.614499208879641,10.520994818887328,10.333092274830772,10.205479252168017,10.086267337660777,10.170762815210246,10.375239652315981,10.35863131887484,10.48203724319685,10.677338760511036,10.828282024901505,10.8260982711551,10.760516483531394,10.875799385088063
NO,0.0,0.0,0.0,0.0,0.0,2.70805020110221,4.882801922586371,6.849066282633458,6.93537044601511,7.5480289699350145,7.336285660021297,6.755768921984255,6.440946540632921,6.137727054086234,5.736572297479192,5.66988092298052,4.927253685157205,4.6913478822291435,4.51085950651685,4.543294782270004,4.574710978503383,4.736198448394496,4.6443908991413725,4.382026634673881,3.9318256327243257,3.9318256327243257,4.418840607796598,4.955827057601261,5.846438775057725,5.902633333401366,5.811140992976701,5.7430031878094825,6.529418838262226,6.663132695990803,6.658011045870748,6.645090969505644,6.5998704992128365,7.00669522683704,6.805722553416985,7.22983877815125,7.856319571406588,8.271804031154709,8.340694647925071,8.273336598504486,8.069029328774958,7.834788107388194,7.912056888179006,7.929846429742503,8.037866234709618,8.185350223178686,8.445267451844648,8.167919362957816,7.765569081097317,7.595889917718538,7.528331766707247,7.461065514354283,7.56164174558878,7.828436359157585,8.221478947267192,8.566744970245486,8.789050713521046,8.717190933223135,8.636397438894713,8.491259809389733,8.335671314792847
PL,0.0,0.0,0.0,0.0,0.0,0.0,1.6094379124341003,4.584967478670572,6.07073772800249,7.004881989712859,7.5953872788539725,7.911690520708339,7.777373602657861,7.836369760545124,7.650644551436897,7.730174795246222,7.8655717576847906,7.891330757661889,7.878534196140362,7.789454566086673,8.016647877057803,7.864419904994565,7.646831391430482,7.60339933974067,7.496652438168283,7.707512194600341,7.964155718840937,8.222553638396958,8.480736654405622,8.5016733797582,8.535229553902337,8.52872642722991,8.330381569349418,8.09040229659332,8.451053388911692,8.942460926820582,9.405907155520158,10.064670590127518,10.727487541514835,11.221449538279193,11.701767384587416,11.976086990316704,12.040478403868411,11.933981730191283,11.776197010041864,11.298245992068148,11.190334437030174,11.118548653847485,10.999546584416521,10.982288213867557,11.06051024875066,10.882245912728758,10.627818428076326,10.539932097726277,10.514773706615753,10.5477333127379,10.78116218843919,11.08457036856782,11.344033328487935,11.590025385351076,11.900498120236804,12.128246230065667,12.17488636967159,11.830025553054556,11.719744493364571
PT,0.0,0.0,0.0,0.0,0.0,0.0,2.995732273553991,5.003946305945459,7.01301578963963,8.266164436612492,8.585599224080298,8.605753368395717,8.21554741194707,8.217978203150732,7.580189417944541,7.628031126930335,7.247080584585756,7.415175109613295,7.4570320891223805,7.672292455628756,7.655390644826152,7.774015077250727,7.761319180947987,7.77485576666552,7.883069351305753,7.682021510826875,7.355641102974253,7.2115567333138015,7.112327444710911,7.275172319452771,7.293697720601438,7.59890045687141,7.822044008185619,8.121777419161074,8.458504195067558,8.499843553081124,8.576970395452099,8.899321434159964,9.431962766918454,9.8011225458581,10.133408088129361,10.381614349338879,10.53810479090567,10.707818262056689,10.455531892118072,10.237599863865716,10.168156850678836,10.169192384934412,10.008252891111209,10.337669684741787,10.86507664503757,11.054518335650037,11.351029870570525,11.368466006522587,10.83738241835864,10.006630611452996,9.414097209490203,8.923324744067562,8.624791202014256,8.36730010184162,8.120886021092838,7.993619994827744,8.039157390473237,8.239065331769268,8.197538739721184
RO,0.0,0.0,0.0,0.0,0.0,1.0986122886681098,1.791759469228055,4.736198448394496,5.497168225293202,6.98933526597456,7.6783263565068856,7.773594467360194,7.794823152179389,7.7039102096163115,7.64826303090192,7.782807262839695,7.360739903058278,7.050122520269059,7.151485463904735,7.053585727193677,7.236339342754344,7.62608275807238,7.73718007783463,7.847762537473608,8.159660737063376,8.436416881388949,8.85180655855245,9.039907859574642,9.049232211581426,9.076923258535832,9.008224187854049,9.022684613591526,8.991064332188461,9.050406334059858,9.123038043573386,9.178333575841096,9.459541457609681,9.816730688609846,10.088513781737209,10.286195673521677,10.478582911319936,10.927017035079881,10.936422894528368,10.995796684651125,10.881324834061799,10.654030618737362,10.681779786252992,10.492495693354927,10.158749733731797,10.070483943227337,10.335497215866404,10.05560760059696,9.781658844170995,9.782674932319381,9.706559843352812,9.726034127139034,9.751792189283934,9.993693820422276,10.159330600013353,10.319925570795222,10.532682706603556,10.579768290986172,10.546524948610623,10.393324445863634,10.093032954419403
SK,0.0,0.0,0.0,0.0,0.0,0.0,0.0,3.7612001156935624,4.897839799950911,4.736198448394496,5.187385805840755,5.54907608489522,5.8888779583328805,5.648974238161206,3.5263605246161616,3.871201010907891,3.6375861597263857,2.3978952727983707,2.833213344056216,1.9459101490553132,2.833213344056216,3.713572066704308,4.2626798770413155,4.5217885770490405,4.969813299576001,4.418840607796598,5.10594547390058,5.278114659230517,5.43372200355424,5.666426688112432,6.133398042996649,6.26530121273771,6.52795791762255,6.831953565565855,6.996681488176539,7.627544390488503,8.221747728346623,8.775858314797526,9.155989777226102,9.436120444611522,9.732877151670184,9.680531483645991,9.38429367909962,9.178849704884811,9.14580185083861,9.290075339995036,9.637697426500445,9.824498456285756,9.762730114819865,9.883029710633732,9.851773116849449,9.770870027921289,9.377463685012241,9.519221155568957,9.516647908551128,9.579141495712756,9.562615651570228,9.668461179310146,9.670041108226021,9.556126244582746,9.368113055848724,9.109525066737367,8.940760134888384,8.674367865788236,8.489410810403786
SI,0.0,0.0,0.0,0.0,0.0,0.0,1.9459101490553132,5.159055299214529,5.308267697401205,5.707110264748875,5.680172609017068,5.351858133476067,4.859812404361672,4.2626798770413155,3.9318256327243257,2.70805020110221,2.3978952727983707,1.0986122886681098,1.6094379124341003,2.3978952727983707,2.0794415416798357,3.295836866004329,3.970291913552122,4.672828834461906,4.997212273764115,4.727387818712341,4.836281906951478,4.653960350157523,4.330733340286331,5.0369526024136295,5.375278407684165,5.37989735354046,5.662960480135946,6.175867270105761,6.559615237493242,6.782192056006791,7.037905963447182,7.561121589530238,8.33423142973486,9.089076284483143,9.47523988153072,9.206633510044856,9.195429759240428,9.226410552153677,9.207636720401869,9.260843354149289,9.278559610953327,9.162409838218633,9.123801610558944,9.226115291091546,9.559235128595953,9.214133170214879,9.075322160298095,9.058819564334941,8.897545598709327,8.690642169706594,8.557182839632397,8.570733958344267,8.605020901781758,8.469682208745185,8.640295388550221,8.784315349902657,8.906528917594517,8.784162222270476,8.63817111796914
ES,0.0,0.0,0.0,0.0,0.0,3.7612001156935624,6.12029741895095,8.681181041521688,9.851299120790541,10.77605625551905,10.876782241878017,10.514855101175929,10.264617557935098,9.96636845057533,8.17695386822578,8.853093836138493,8.87066300440602,8.432070937999402,8.278428259199071,7.641084249174914,7.738488122494646,7.75491027202143,7.836369760545124,7.638198244285779,8.12058871174027,8.75573753930647,9.40640045488065,9.686636660844938,10.159678957896539,10.255938588321637,10.674544398220231,10.882414998258257,10.997137549374422,11.117465141678133,11.207948019431882,11.244274480424577,11.204373796213224,11.172967159064184,11.231198956223722,11.60433714640434,11.846149574992213,11.8716762528533,11.773434162784403,11.494140120066813,11.177144989027417,10.94091568787924,10.734830231847473,11.10737535324936,10.963272384049013,11.202506865544578,11.71255470921937,12.21505220831075,12.418745570661072,12.403114491949589,12.200411652301424,11.644348386330647,11.252689933142829,10.922894283023263,9.678968055041988,0.0,10.262140538858489,10.668769330855273,10.72856171434071,10.748217833797062,10.998275872479747
SE,0.0,0.0,0.0,0.0,0.0,2.5649493574615367,5.10594547390058,6.703188113240863,6.773080375655535,7.492760300922379,8.06117135969092,8.193123721512068,8.249836485425702,8.363575702750637,8.260751354700513,8.327484416188264,8.266935347610456,8.21878715560148,8.348774539791274,8.670429167315095,8.879750798513125,8.88016824790345,8.905851181208021,8.387995252944556,7.786136437783072,7.415776975415394,7.232733136177615,7.352441100243583,7.590852123688581,7.631431664576906,7.4342573821331355,6.738152494595957,6.934397209928558,7.326465613840322,7.4570320891223805,7.895808377083183,8.11969625295725,8.335191583433202,8.465689348549121,8.908424139496578,9.529593783265282,10.0036043438709,10.338317269274196,10.339805124127057,10.45834920029173,10.485228199271722,10.625853671765293,10.75837085628092,10.272565263191902,10.629368102712709,10.860766665087594,10.43455688277916,10.072386088997941,9.89298256789098,9.9572652582166,9.920787049614189,10.032540180450741,10.17133674723419,10.227453337065155,10.224338408254384,10.36549051160455,10.484193653750324,10.409491571022901,10.69670628682029,10.66282033455183
CH,0.0,0.0,0.0,0.0,0.0,2.8903717578961645,5.521460917862246,6.994849985833071,8.559486103606488,8.922791623969637,8.768574284141687,8.434246270595311,7.739359202689098,7.306531398939505,6.827629234502852,6.073044534100405,5.771441123130016,5.030437921392435,4.787491742782046,4.709530201312334,4.927253685157205,5.003946305945459,5.7430031878094825,6.466144724237619,6.428105272684596,6.51471269087253,6.697034247666484,7.01211529430638,6.946013991099227,7.29505641646263,7.440146680662688,7.647308832356238,7.711996507047669,7.918264686095274,7.8551570058813445,7.855932199718614,7.832014180505469,8.696844519654313,9.550662331752143,10.28298506894671,10.831667328802697,10.962353656681723,10.719338973071524,10.418285277054519,10.228790501392256,10.17378182963667,10.2865025318067,10.314205506925742,10.094438436028137,10.089925624841921,10.153740306328956,9.755277525370941,9.55044884660634,9.39607277189222,9.26416545867109,9.088624613292087,8.860499167616016,8.875846177738598,8.90354343566472,9.030615441029495,9.20673387638207,9.359449794564023,9.482274087459825,9.409273194575334,9.606159103032542
GB,0.0,0.6931471805599453,2.3978952727983707,1.6094379124341003,1.6094379124341003,3.6375861597263857,5.905361848054571,7.697121317282625,8.752581469146884,9.791549899295264,10.32084829289068,10.37947325345941,10.374958854223562,10.398915234122022,10.349134450277123,10.0359621369355,9.892527712299787,9.69437017295501,9.282102738203074,9.040974526342444,8.86488793377419,8.790725628263576,8.544419177669829,7.860185057472165,8.307212626628308,8.53954159508,8.437067146936952,8.568076401730806,8.669227347271736,8.938006576471201,8.884887201837403,9.005895898094458,9.342420712333391,9.952753793839046,10.13396415121713,10.569237842239122,10.834469833153273,11.615725705920077,11.6490634574597,11.90889227337708,11.968132664973206,11.981559406622031,12.060555423258267,11.911882776565092,11.624368444880414,11.520883713935275,11.735949009083862,12.06256595031212,12.436334799364376,12.747768832162645,12.942327207124054,12.73655971015542,12.46881376205693,12.093066308263458,11.803705234600157,11.485256176472715,11.271732498584736,11.079739664261464,10.664853972073217,10.608489190543079,10.530788690858559,10.542943829898158,10.236776155340317,9.490242257109001,9.656115343487846
