FIPS,2020-01-19,2020-01-26,2020-02-02,2020-02-09,2020-02-16,2020-02-23,2020-03-01,2020-03-08,2020-03-15,2020-03-22,2020-03-29,2020-04-05,2020-04-12,2020-04-19,2020-04-26,2020-05-03,2020-05-10,2020-05-17,2020-05-24,2020-05-31,2020-06-07,2020-06-14,2020-06-21,2020-06-28,2020-07-05,2020-07-12,2020-07-19,2020-07-26
18001,0.0,0.0,0.0,0.0,0.0,0.0,0.0,0.0,0.0,0.0,0.0,0.6931471805599453,1.0986122886681098,0.0,0.0,0.0,0.0,1.0986122886681098,1.6094379124341003,1.791759469228055,0.6931471805599453,2.3978952727983707,1.9459101490553132,1.9459101490553132,0.0,1.6094379124341003,2.6390573296152584,0.0
18003,0.0,0.0,0.0,0.0,0.0,0.0,0.0,0.0,1.3862943611198906,2.9444389791664403,3.58351893845611,4.343805421853684,5.056245805348308,4.897839799950911,5.153291594497779,5.298317366548036,5.220355825078324,5.429345628954441,5.958424693029782,5.5254529391317835,5.75890177387728,5.298317366548036,5.332718793265369,5.087596335232384,5.308267697401205,5.099866427824199,5.318119993844216,3.6375861597263857
18005,0.0,0.0,0.0,0.0,0.0,0.0,0.0,0.0,0.0,1.791759469228055,3.6375861597263857,4.143134726391533,3.1354942159291497,4.204692619390966,4.219507705176107,4.330733340286331,4.189654742026425,4.07753744390572,3.713572066704308,3.1780538303479458,2.833213344056216,2.833213344056216,2.302585092994046,1.791759469228055,2.70805020110221,3.4339872044851463,3.784189633918261,2.3978952727983707
18007,0.0,0.0,0.0,0.0,0.0,0.0,0.0,0.0,0.0,0.0,0.0,0.0,1.3862943611198906,0.6931471805599453,1.0986122886681098,1.0986122886681098,2.1972245773362196,1.0986122886681098,1.791759469228055,0.6931471805599453,1.6094379124341003,0.6931471805599453,1.791759469228055,1.0986122886681098,1.0986122886681098,0.6931471805599453,1.0986122886681098,0.0
18009,0.0,0.0,0.0,0.0,0.0,0.0,0.0,0.0,0.0,0.0,0.6931471805599453,1.0986122886681098,0.0,0.0,0.6931471805599453,1.3862943611198906,0.0,1.6094379124341003,1.791759469228055,1.0986122886681098,0.0,1.0986122886681098,1.0986122886681098,0.6931471805599453,1.0986122886681098,1.3862943611198906,1.3862943611198906,0.0
18011,0.0,0.0,0.0,0.0,0.0,0.0,0.0,0.0,0.0,1.791759469228055,3.7376696182833684,3.970291913552122,3.871201010907891,3.4339872044851463,2.772588722239781,3.044522437723423,3.6109179126442243,3.1354942159291497,3.6109179126442243,2.4849066497880004,3.4011973816621555,3.4011973816621555,3.044522437723423,3.332204510175204,3.8066624897703196,3.6375861597263857,3.9318256327243257,2.0794415416798357
18013,0.0,0.0,0.0,0.0,0.0,0.0,0.0,0.0,0.0,0.6931471805599453,0.6931471805599453,2.0794415416798357,0.6931471805599453,0.0,0.6931471805599453,2.0794415416798357,1.6094379124341003,1.0986122886681098,0.0,0.0,0.6931471805599453,0.0,0.0,0.0,1.6094379124341003,2.302585092994046,2.1972245773362196,0.0
18015,0.0,0.0,0.0,0.0,0.0,0.0,0.0,0.0,0.0,0.0,0.6931471805599453,0.6931471805599453,0.0,1.0986122886681098,2.772588722239781,3.828641396489095,1.9459101490553132,2.302585092994046,1.6094379124341003,1.0986122886681098,0.6931471805599453,1.6094379124341003,1.791759469228055,0.0,1.3862943611198906,1.6094379124341003,0.6931471805599453,0.0
18017,0.0,0.0,0.0,0.0,0.0,0.0,0.0,0.0,0.0,0.0,1.3862943611198906,2.9444389791664403,3.367295829986474,5.572154032177765,6.812345094177479,5.645446897643238,3.828641396489095,3.258096538021482,2.302585092994046,1.0986122886681098,1.6094379124341003,3.295836866004329,2.6390573296152584,0.0,1.791759469228055,2.9444389791664403,3.8501476017100584,1.6094379124341003
18019,0.0,0.0,0.0,0.0,0.0,0.0,0.0,0.0,1.3862943611198906,2.6390573296152584,3.7612001156935624,3.8066624897703196,3.9889840465642745,4.143134726391533,4.663439094112067,3.8066624897703196,3.258096538021482,3.912023005428146,3.8501476017100584,3.871201010907891,2.995732273553991,3.1780538303479458,3.1780538303479458,3.295836866004329,4.007333185232471,4.1588830833596715,4.927253685157205,2.70805020110221
18021,0.0,0.0,0.0,0.0,0.0,0.0,0.0,0.0,0.0,0.0,1.0986122886681098,2.1972245773362196,1.0986122886681098,1.6094379124341003,0.6931471805599453,0.6931471805599453,1.6094379124341003,2.1972245773362196,2.5649493574615367,0.6931471805599453,1.0986122886681098,0.0,1.0986122886681098,0.0,1.791759469228055,1.3862943611198906,2.4849066497880004,0.0
18023,0.0,0.0,0.0,0.0,0.0,0.0,0.0,0.0,0.0,0.0,0.6931471805599453,2.0794415416798357,1.6094379124341003,2.6390573296152584,2.833213344056216,3.6375861597263857,3.713572066704308,4.356708826689592,3.1354942159291497,3.044522437723423,2.302585092994046,2.3978952727983707,1.9459101490553132,2.4849066497880004,0.6931471805599453,2.3978952727983707,2.995732273553991,1.6094379124341003
18025,0.0,0.0,0.0,0.0,0.0,0.0,0.0,0.0,0.0,0.0,1.3862943611198906,1.9459101490553132,0.0,1.3862943611198906,0.6931471805599453,0.6931471805599453,0.6931471805599453,0.0,0.0,0.0,0.6931471805599453,0.0,0.0,1.0986122886681098,1.0986122886681098,1.0986122886681098,0.6931471805599453,0.6931471805599453
18027,0.0,0.0,0.0,0.0,0.0,0.0,0.0,0.0,0.0,0.0,0.0,2.1972245773362196,2.995732273553991,2.6390573296152584,1.9459101490553132,1.3862943611198906,1.9459101490553132,2.995732273553991,1.3862943611198906,3.091042453358316,2.302585092994046,2.5649493574615367,1.0986122886681098,2.1972245773362196,2.0794415416798357,2.5649493574615367,3.6375861597263857,1.0986122886681098
18029,0.0,0.0,0.0,0.0,0.0,0.0,0.0,0.0,0.0,2.0794415416798357,3.091042453358316,3.367295829986474,4.248495242049359,0.0,3.5553480614894135,3.367295829986474,2.1972245773362196,1.6094379124341003,1.791759469228055,1.6094379124341003,1.791759469228055,1.9459101490553132,2.3978952727983707,3.4339872044851463,3.4011973816621555,3.9512437185814275,4.394449154672439,1.9459101490553132
18031,0.0,0.0,0.0,0.0,0.0,0.0,0.0,0.0,0.0,3.4011973816621555,3.8918202981106265,3.784189633918261,3.7612001156935624,3.332204510175204,1.9459101490553132,2.3978952727983707,1.6094379124341003,1.3862943611198906,1.0986122886681098,1.9459101490553132,1.6094379124341003,1.0986122886681098,0.6931471805599453,2.0794415416798357,1.9459101490553132,1.6094379124341003,2.5649493574615367,1.0986122886681098
18033,0.0,0.0,0.0,0.0,0.0,0.0,0.0,0.0,0.0,0.0,0.6931471805599453,0.6931471805599453,4.007333185232471,0.0,1.791759469228055,0.6931471805599453,0.6931471805599453,1.0986122886681098,2.1972245773362196,2.8903717578961645,3.871201010907891,3.58351893845611,2.4849066497880004,2.1972245773362196,2.1972245773362196,1.6094379124341003,3.091042453358316,0.6931471805599453
18035,0.0,0.0,0.0,0.0,0.0,0.0,0.0,0.0,0.0,1.9459101490553132,3.2188758248682006,3.4011973816621555,3.367295829986474,3.9512437185814275,3.9889840465642745,3.044522437723423,3.7376696182833684,4.3694478524670215,3.8066624897703196,2.6390573296152584,0.6931471805599453,1.9459101490553132,2.3978952727983707,2.4849066497880004,3.6888794541139363,3.367295829986474,3.871201010907891,2.0794415416798357
18037,0.0,0.0,0.0,0.0,0.0,0.0,0.0,0.0,0.0,0.0,1.0986122886681098,1.9459101490553132,1.0986122886681098,1.0986122886681098,1.9459101490553132,2.8903717578961645,3.7612001156935624,4.454347296253507,3.332204510175204,2.833213344056216,3.091042453358316,2.3978952727983707,1.9459101490553132,2.302585092994046,3.6375861597263857,4.584967478670572,4.859812404361672,2.9444389791664403
18039,0.0,0.0,0.0,0.0,0.0,0.0,0.0,0.0,0.0,2.302585092994046,2.995732273553991,3.6888794541139363,4.343805421853684,4.499809670330265,4.04305126783455,4.948759890378168,5.308267697401205,5.703782474656201,5.780743515792329,5.926926025970411,5.973809611869261,6.230481447578482,5.966146739123692,5.645446897643238,5.793013608384144,5.963579343618446,5.940171252720432,3.6375861597263857
18041,0.0,0.0,0.0,0.0,0.0,0.0,0.0,0.0,0.0,1.0986122886681098,2.302585092994046,1.791759469228055,0.0,1.3862943611198906,1.0986122886681098,2.0794415416798357,1.3862943611198906,2.302585092994046,3.295836866004329,0.6931471805599453,1.3862943611198906,0.6931471805599453,2.1972245773362196,1.3862943611198906,2.0794415416798357,2.0794415416798357,2.9444389791664403,1.0986122886681098
18043,0.0,0.0,0.0,0.0,0.0,0.0,0.0,0.0,1.6094379124341003,2.0794415416798357,3.332204510175204,4.1588830833596715,3.4657359027997265,3.258096538021482,3.6109179126442243,3.4011973816621555,4.204692619390966,2.6390573296152584,1.9459101490553132,1.6094379124341003,2.302585092994046,2.3978952727983707,2.5649493574615367,2.6390573296152584,3.5553480614894135,4.127134385045092,4.624972813284271,1.9459101490553132
18045,0.0,0.0,0.0,0.0,0.0,0.0,0.0,0.0,0.0,0.0,0.0,0.0,0.6931471805599453,1.3862943611198906,1.0986122886681098,1.0986122886681098,1.0986122886681098,0.0,0.6931471805599453,0.0,0.6931471805599453,0.0,0.6931471805599453,1.3862943611198906,1.6094379124341003,2.0794415416798357,2.302585092994046,0.0
18047,0.0,0.0,0.0,0.0,0.0,0.0,0.0,0.0,0.6931471805599453,3.044522437723423,3.295836866004329,2.833213344056216,3.091042453358316,1.6094379124341003,1.0986122886681098,1.9459101490553132,1.0986122886681098,0.0,1.3862943611198906,1.9459101490553132,0.6931471805599453,0.0,1.3862943611198906,0.0,1.0986122886681098,2.3978952727983707,3.4657359027997265,1.0986122886681098
18049,0.0,0.0,0.0,0.0,0.0,0.0,0.0,0.0,0.0,0.0,0.0,0.0,0.6931471805599453,1.6094379124341003,3.044522437723423,1.6094379124341003,1.791759469228055,1.6094379124341003,0.6931471805599453,0.6931471805599453,0.6931471805599453,2.0794415416798357,1.3862943611198906,1.3862943611198906,1.3862943611198906,2.5649493574615367,3.091042453358316,0.0
18051,0.0,0.0,0.0,0.0,0.0,0.0,0.0,0.0,0.0,1.3862943611198906,0.0,0.0,0.0,0.0,0.0,0.0,1.0986122886681098,1.0986122886681098,0.6931471805599453,1.6094379124341003,0.6931471805599453,1.3862943611198906,1.6094379124341003,3.58351893845611,3.970291913552122,3.4965075614664802,3.2188758248682006,0.6931471805599453
18053,0.0,0.0,0.0,0.0,0.0,0.0,0.0,0.0,0.0,1.3862943611198906,2.302585092994046,2.995732273553991,2.995732273553991,4.060443010546419,3.4011973816621555,2.302585092994046,2.0794415416798357,2.833213344056216,3.4657359027997265,3.2188758248682006,3.1780538303479458,2.772588722239781,2.4849066497880004,1.3862943611198906,3.295836866004329,4.127134385045092,4.30406509320417,1.791759469228055
18055,0.0,0.0,0.0,0.0,0.0,0.0,0.0,0.0,0.0,0.0,2.0794415416798357,1.6094379124341003,3.332204510175204,1.3862943611198906,3.8918202981106265,3.9512437185814275,1.9459101490553132,2.5649493574615367,0.6931471805599453,1.6094379124341003,1.0986122886681098,1.9459101490553132,0.0,0.0,2.1972245773362196,2.4849066497880004,2.70805020110221,0.0
18057,0.0,0.0,0.0,0.0,0.0,0.0,0.0,0.0,2.302585092994046,3.9889840465642745,5.303304908059076,5.181783550292085,4.787491742782046,4.912654885736052,4.709530201312334,4.700480365792417,4.394449154672439,4.51085950651685,4.1588830833596715,3.8501476017100584,3.9889840465642745,4.736198448394496,4.04305126783455,4.700480365792417,5.030437921392435,5.2832037287379885,5.683579767338681,3.871201010907891
18059,0.0,0.0,0.0,0.0,0.0,0.0,0.0,0.0,0.0,2.8903717578961645,3.6375861597263857,4.007333185232471,3.1354942159291497,3.7376696182833684,3.9512437185814275,3.5553480614894135,3.1354942159291497,3.332204510175204,2.772588722239781,3.367295829986474,2.6390573296152584,2.6390573296152584,2.772588722239781,3.58351893845611,3.295836866004329,3.4339872044851463,4.248495242049359,0.6931471805599453
18061,0.0,0.0,0.0,0.0,0.0,0.0,0.0,0.0,0.0,1.9459101490553132,3.044522437723423,3.258096538021482,3.4339872044851463,3.4011973816621555,2.995732273553991,3.044522437723423,2.4849066497880004,2.70805020110221,2.3978952727983707,0.6931471805599453,0.6931471805599453,1.0986122886681098,0.6931471805599453,2.1972245773362196,1.791759469228055,2.0794415416798357,2.8903717578961645,1.3862943611198906
18063,0.0,0.0,0.0,0.0,0.0,0.0,0.0,0.6931471805599453,1.3862943611198906,3.4011973816621555,4.844187086458591,4.927253685157205,4.897839799950911,5.170483995038151,4.897839799950911,5.327876168789581,4.23410650459726,4.418840607796598,4.143134726391533,3.828641396489095,3.9889840465642745,3.713572066704308,3.8918202981106265,3.5263605246161616,4.1588830833596715,4.442651256490317,4.51085950651685,2.6390573296152584
18065,0.0,0.0,0.0,0.0,0.0,0.0,0.0,0.0,0.0,0.0,1.9459101490553132,2.6390573296152584,1.9459101490553132,1.0986122886681098,2.3978952727983707,3.367295829986474,3.9318256327243257,3.4657359027997265,2.833213344056216,2.6390573296152584,2.70805020110221,1.6094379124341003,2.302585092994046,3.7376696182833684,3.7376696182833684,2.772588722239781,3.1354942159291497,1.0986122886681098
18067,0.0,0.0,0.0,0.0,0.0,0.0,0.0,0.0,1.3862943611198906,1.3862943611198906,2.8903717578961645,2.9444389791664403,3.091042453358316,2.70805020110221,4.624972813284271,4.04305126783455,3.7612001156935624,4.07753744390572,4.0943445622221,3.6888794541139363,2.9444389791664403,3.5263605246161616,3.6635616461296463,3.367295829986474,3.4965075614664802,3.9889840465642745,4.382026634673881,1.791759469228055
18069,0.0,0.0,0.0,0.0,0.0,0.0,0.0,0.0,0.0,0.0,1.3862943611198906,0.0,0.0,0.0,1.3862943611198906,1.0986122886681098,1.9459101490553132,0.6931471805599453,1.6094379124341003,2.4849066497880004,2.4849066497880004,1.9459101490553132,2.0794415416798357,2.0794415416798357,2.995732273553991,2.0794415416798357,2.4849066497880004,0.0
18071,0.0,0.0,0.0,0.0,0.0,0.0,0.0,0.0,0.0,1.9459101490553132,3.044522437723423,3.58351893845611,2.995732273553991,3.1780538303479458,4.007333185232471,4.709530201312334,3.828641396489095,3.4965075614664802,3.367295829986474,2.9444389791664403,2.70805020110221,2.4849066497880004,2.70805020110221,3.258096538021482,2.1972245773362196,3.044522437723423,3.091042453358316,1.3862943611198906
18073,0.0,0.0,0.0,0.0,0.0,0.0,0.0,0.0,0.0,1.6094379124341003,2.302585092994046,0.0,1.791759469228055,2.4849066497880004,2.4849066497880004,0.0,1.791759469228055,2.1972245773362196,2.6390573296152584,2.1972245773362196,1.9459101490553132,2.0794415416798357,2.4849066497880004,2.4849066497880004,3.044522437723423,3.1354942159291497,3.091042453358316,1.9459101490553132
18075,0.0,0.0,0.0,0.0,0.0,0.0,0.0,0.0,0.0,0.0,0.6931471805599453,0.6931471805599453,1.3862943611198906,1.0986122886681098,1.6094379124341003,1.6094379124341003,1.9459101490553132,2.5649493574615367,2.1972245773362196,2.0794415416798357,1.0986122886681098,1.0986122886681098,0.0,1.0986122886681098,0.6931471805599453,0.6931471805599453,1.0986122886681098,0.0
18077,0.0,0.0,0.0,0.0,0.0,0.0,0.0,0.0,0.0,0.0,1.6094379124341003,2.0794415416798357,1.6094379124341003,1.3862943611198906,2.0794415416798357,1.3862943611198906,0.0,1.791759469228055,1.3862943611198906,1.3862943611198906,1.3862943611198906,1.0986122886681098,1.791759469228055,2.302585092994046,2.6390573296152584,3.58351893845611,2.995732273553991,0.0
18079,0.0,0.0,0.0,0.0,0.0,0.0,0.0,0.0,0.0,2.1972245773362196,3.2188758248682006,2.9444389791664403,2.1972245773362196,2.0794415416798357,2.302585092994046,2.6390573296152584,2.833213344056216,2.6390573296152584,1.3862943611198906,0.6931471805599453,2.0794415416798357,2.9444389791664403,2.1972245773362196,1.791759469228055,1.6094379124341003,1.791759469228055,1.9459101490553132,0.6931471805599453
18081,0.0,0.0,0.0,0.0,0.0,0.0,0.0,1.0986122886681098,1.3862943611198906,3.8066624897703196,4.61512051684126,4.897839799950911,4.663439094112067,4.919980925828125,4.927253685157205,4.804021044733257,5.247024072160486,4.442651256490317,3.4657359027997265,3.4657359027997265,3.6635616461296463,3.044522437723423,3.4339872044851463,3.58351893845611,4.430816798843313,4.356708826689592,4.709530201312334,2.995732273553991
18083,0.0,0.0,0.0,0.0,0.0,0.0,0.0,0.0,0.0,0.0,1.6094379124341003,2.0794415416798357,1.3862943611198906,1.0986122886681098,0.0,0.0,0.6931471805599453,0.6931471805599453,1.6094379124341003,1.0986122886681098,1.0986122886681098,1.791759469228055,2.70805020110221,2.0794415416798357,1.9459101490553132,2.1972245773362196,3.044522437723423,1.3862943611198906
18085,0.0,0.0,0.0,0.0,0.0,0.0,0.0,0.0,0.0,0.6931471805599453,2.1972245773362196,1.791759469228055,1.6094379124341003,1.6094379124341003,2.1972245773362196,1.0986122886681098,2.8903717578961645,2.6390573296152584,4.02535169073515,4.406719247264253,4.442651256490317,4.382026634673881,4.31748811353631,4.454347296253507,3.6888794541139363,4.04305126783455,4.804021044733257,1.791759469228055
18087,0.0,0.0,0.0,0.0,0.0,0.0,0.0,0.0,0.0,0.6931471805599453,0.6931471805599453,1.791759469228055,1.791759469228055,1.6094379124341003,1.791759469228055,2.302585092994046,2.4849066497880004,2.302585092994046,2.833213344056216,4.143134726391533,4.6913478822291435,4.762173934797756,4.276666119016055,3.4011973816621555,2.833213344056216,2.6390573296152584,3.1780538303479458,0.6931471805599453
18089,0.0,0.0,0.0,0.0,0.0,0.0,0.0,0.0,1.9459101490553132,4.110873864173311,5.501258210544727,5.8944028342648505,6.037870919922137,6.040254711277414,6.169610732491456,5.988961416889864,6.040254711277414,5.937536205082426,5.945420608606575,5.834810737062605,5.267858159063328,5.5093883366279774,5.8289456176102075,6.0112671744041615,6.182084906716632,6.20455776256869,6.2285110035911835,4.477336814478207
18091,0.0,0.0,0.0,0.0,0.0,0.0,0.0,0.0,0.0,0.6931471805599453,2.70805020110221,2.4849066497880004,4.634728988229636,3.091042453358316,4.290459441148391,4.5217885770490405,3.5263605246161616,3.4657359027997265,3.7612001156935624,3.2188758248682006,2.4849066497880004,2.772588722239781,3.367295829986474,3.9318256327243257,3.970291913552122,4.219507705176107,4.110873864173311,1.791759469228055
18093,0.0,0.0,0.0,0.0,0.0,0.0,0.0,0.0,0.0,1.6094379124341003,3.4339872044851463,3.295836866004329,2.6390573296152584,2.70805020110221,2.5649493574615367,2.3978952727983707,2.833213344056216,2.1972245773362196,2.833213344056216,2.4849066497880004,1.6094379124341003,2.5649493574615367,3.1780538303479458,3.367295829986474,2.302585092994046,3.1354942159291497,2.8903717578961645,1.0986122886681098
18095,0.0,0.0,0.0,0.0,0.0,0.0,0.0,0.0,0.0,2.3978952727983707,4.0943445622221,5.093750200806762,4.477336814478207,4.276666119016055,3.6635616461296463,4.143134726391533,3.713572066704308,3.6375861597263857,2.302585092994046,2.833213344056216,2.1972245773362196,1.791759469228055,2.995732273553991,2.833213344056216,2.9444389791664403,3.4011973816621555,3.8918202981106265,1.9459101490553132
18097,0.0,0.0,0.0,0.0,0.0,0.0,0.0,0.6931471805599453,3.7612001156935624,6.2878585601617845,6.893656354602635,7.066466970136958,6.782192056006791,7.005789019253503,7.135687347028144,7.140453043101158,6.80903930604298,6.790097235513905,6.580639137284949,6.244166900663736,5.8377304471659395,5.652489180268651,5.627621113690637,5.8971538676367405,6.159095388491933,6.380122536899765,6.84587987526405,5.017279836814924
18099,0.0,0.0,0.0,0.0,0.0,0.0,0.0,0.0,0.0,1.3862943611198906,0.0,2.302585092994046,2.0794415416798357,1.3862943611198906,1.3862943611198906,0.6931471805599453,2.0794415416798357,3.044522437723423,3.713572066704308,4.543294782270004,4.51085950651685,4.0943445622221,3.9889840465642745,4.394449154672439,4.127134385045092,4.61512051684126,4.007333185232471,0.6931471805599453
18101,0.0,0.0,0.0,0.0,0.0,0.0,0.0,0.0,0.0,0.0,0.0,0.0,1.0986122886681098,0.6931471805599453,0.0,0.0,0.0,1.0986122886681098,0.0,1.0986122886681098,0.0,1.6094379124341003,0.6931471805599453,0.6931471805599453,0.6931471805599453,1.3862943611198906,2.1972245773362196,0.0
18103,0.0,0.0,0.0,0.0,0.0,0.0,0.0,0.0,0.0,0.0,1.9459101490553132,1.9459101490553132,1.9459101490553132,2.995732273553991,4.204692619390966,2.6390573296152584,1.9459101490553132,1.6094379124341003,1.791759469228055,2.0794415416798357,2.6390573296152584,2.6390573296152584,0.0,1.3862943611198906,2.3978952727983707,2.5649493574615367,3.258096538021482,1.3862943611198906
18105,0.0,0.0,0.0,0.0,0.0,0.0,0.0,0.0,0.0,2.70805020110221,3.367295829986474,3.4011973816621555,3.6375861597263857,1.9459101490553132,2.302585092994046,2.4849066497880004,1.3862943611198906,2.4849066497880004,2.1972245773362196,1.9459101490553132,2.3978952727983707,3.1354942159291497,2.9444389791664403,3.8918202981106265,4.1588830833596715,4.663439094112067,4.859812404361672,3.044522437723423
18107,0.0,0.0,0.0,0.0,0.0,0.0,0.0,0.0,0.0,1.3862943611198906,2.302585092994046,1.9459101490553132,1.3862943611198906,1.6094379124341003,4.189654742026425,3.367295829986474,3.7376696182833684,3.784189633918261,3.295836866004329,2.6390573296152584,2.3978952727983707,2.1972245773362196,2.3978952727983707,2.302585092994046,1.3862943611198906,2.1972245773362196,2.1972245773362196,0.6931471805599453
18109,0.0,0.0,0.0,0.0,0.0,0.0,0.0,0.0,0.0,2.6390573296152584,3.828641396489095,3.5263605246161616,2.833213344056216,3.091042453358316,3.295836866004329,3.5263605246161616,3.8501476017100584,2.772588722239781,3.044522437723423,2.1972245773362196,2.302585092994046,1.9459101490553132,2.1972245773362196,2.6390573296152584,2.70805020110221,3.1354942159291497,2.995732273553991,2.0794415416798357
18111,0.0,0.0,0.0,0.0,0.0,0.0,0.0,0.0,0.0,0.0,0.0,2.0794415416798357,3.091042453358316,2.5649493574615367,2.833213344056216,1.0986122886681098,1.9459101490553132,0.0,1.6094379124341003,1.3862943611198906,1.791759469228055,0.0,1.0986122886681098,1.9459101490553132,0.6931471805599453,0.0,1.0986122886681098,0.0
18113,0.0,0.0,0.0,0.0,0.0,0.0,0.0,0.0,0.0,0.0,1.9459101490553132,1.6094379124341003,2.995732273553991,2.833213344056216,3.4965075614664802,3.784189633918261,2.995732273553991,3.258096538021482,3.9889840465642745,4.060443010546419,3.58351893845611,3.58351893845611,4.07753744390572,3.9512437185814275,3.784189633918261,3.6375861597263857,3.7612001156935624,1.6094379124341003
18115,0.0,0.0,0.0,0.0,0.0,0.0,0.0,0.0,0.0,0.0,0.0,0.0,0.0,0.6931471805599453,0.0,1.6094379124341003,1.0986122886681098,0.0,0.0,0.0,0.0,0.0,0.0,0.0,2.1972245773362196,1.9459101490553132,1.791759469228055,0.0
18117,0.0,0.0,0.0,0.0,0.0,0.0,0.0,0.0,0.0,0.0,1.3862943611198906,2.3978952727983707,2.1972245773362196,3.4657359027997265,3.8501476017100584,2.1972245773362196,1.9459101490553132,0.6931471805599453,1.3862943611198906,1.6094379124341003,0.0,0.0,0.0,1.0986122886681098,0.0,2.1972245773362196,2.3978952727983707,0.0
18119,0.0,0.0,0.0,0.0,0.0,0.0,0.0,0.0,0.0,1.791759469228055,1.791759469228055,1.6094379124341003,1.0986122886681098,0.0,0.6931471805599453,1.3862943611198906,0.0,0.6931471805599453,1.6094379124341003,0.0,0.0,1.0986122886681098,0.6931471805599453,1.6094379124341003,1.6094379124341003,1.0986122886681098,2.70805020110221,0.0
18121,0.0,0.0,0.0,0.0,0.0,0.0,0.0,0.0,0.0,0.0,0.6931471805599453,1.6094379124341003,0.0,1.3862943611198906,0.0,1.3862943611198906,0.6931471805599453,0.0,0.0,0.0,0.6931471805599453,0.0,0.6931471805599453,0.0,1.6094379124341003,1.0986122886681098,2.0794415416798357,0.6931471805599453
18123,0.0,0.0,0.0,0.0,0.0,0.0,0.0,0.0,0.0,0.0,0.0,1.0986122886681098,0.6931471805599453,0.0,1.6094379124341003,1.6094379124341003,1.6094379124341003,0.6931471805599453,2.1972245773362196,2.1972245773362196,3.7376696182833684,2.995732273553991,2.70805020110221,2.1972245773362196,2.995732273553991,2.833213344056216,0.0,0.0
18125,0.0,0.0,0.0,0.0,0.0,0.0,0.0,0.0,0.0,0.0,0.0,0.0,0.6931471805599453,0.0,0.0,0.0,1.0986122886681098,0.0,0.0,0.0,0.0,0.0,0.0,1.3862943611198906,0.0,1.9459101490553132,1.6094379124341003,0.6931471805599453
18127,0.0,0.0,0.0,0.0,0.0,0.0,0.0,0.0,0.0,2.1972245773362196,3.7376696182833684,4.02535169073515,4.110873864173311,3.7376696182833684,3.6888794541139363,4.060443010546419,4.382026634673881,4.343805421853684,4.23410650459726,3.4011973816621555,3.091042453358316,3.295836866004329,3.8501476017100584,4.0943445622221,4.663439094112067,4.330733340286331,4.700480365792417,3.367295829986474
18129,0.0,0.0,0.0,0.0,0.0,0.0,0.0,0.0,0.0,0.6931471805599453,1.0986122886681098,0.0,0.0,1.0986122886681098,1.0986122886681098,1.0986122886681098,0.0,0.0,0.0,0.0,0.6931471805599453,1.791759469228055,1.3862943611198906,2.302585092994046,2.9444389791664403,3.5263605246161616,3.7376696182833684,2.302585092994046
18131,0.0,0.0,0.0,0.0,0.0,0.0,0.0,0.0,0.0,0.0,0.0,0.0,0.0,2.0794415416798357,2.833213344056216,2.0794415416798357,0.0,1.3862943611198906,2.0794415416798357,1.6094379124341003,0.0,0.6931471805599453,1.3862943611198906,1.791759469228055,0.6931471805599453,0.0,0.6931471805599453,0.0
18133,0.0,0.0,0.0,0.0,0.0,0.0,0.0,0.0,0.0,1.6094379124341003,2.1972245773362196,2.8903717578961645,2.8903717578961645,2.0794415416798357,2.5649493574615367,2.6390573296152584,3.4657359027997265,2.4849066497880004,1.9459101490553132,1.791759469228055,2.4849066497880004,1.6094379124341003,1.0986122886681098,1.791759469228055,1.6094379124341003,2.772588722239781,2.772588722239781,0.6931471805599453
18135,0.0,0.0,0.0,0.0,0.0,0.0,0.0,0.0,0.0,0.0,1.3862943611198906,1.0986122886681098,1.3862943611198906,0.6931471805599453,0.0,1.791759469228055,2.1972245773362196,1.9459101490553132,2.302585092994046,1.791759469228055,2.4849066497880004,1.791759469228055,1.3862943611198906,1.0986122886681098,0.6931471805599453,0.6931471805599453,2.1972245773362196,0.0
18137,0.0,0.0,0.0,0.0,0.0,0.0,0.0,0.0,0.0,2.70805020110221,3.58351893845611,3.4011973816621555,2.0794415416798357,0.0,1.6094379124341003,1.6094379124341003,2.0794415416798357,1.6094379124341003,0.0,0.0,0.0,0.0,0.6931471805599453,0.6931471805599453,2.70805020110221,3.044522437723423,3.2188758248682006,1.0986122886681098
18139,0.0,0.0,0.0,0.0,0.0,0.0,0.0,0.0,0.0,1.0986122886681098,1.9459101490553132,1.3862943611198906,1.791759469228055,2.0794415416798357,1.6094379124341003,1.3862943611198906,1.0986122886681098,1.6094379124341003,0.0,1.6094379124341003,0.0,0.0,0.6931471805599453,1.3862943611198906,1.3862943611198906,1.791759469228055,2.0794415416798357,0.0
18141,0.0,0.0,0.0,0.0,0.0,0.0,0.0,0.0,1.6094379124341003,3.2188758248682006,4.060443010546419,4.574710978503383,5.308267697401205,5.10594547390058,4.5217885770490405,4.941642422609304,5.087596335232384,5.220355825078324,4.897839799950911,4.709530201312334,4.90527477843843,4.897839799950911,5.0238805208462765,4.700480365792417,5.288267030694535,5.7899601708972535,5.736572297479192,4.060443010546419
18143,0.0,0.0,0.0,0.0,0.0,0.0,0.0,0.0,0.0,0.0,1.791759469228055,1.9459101490553132,2.0794415416798357,2.6390573296152584,2.70805020110221,3.332204510175204,2.6390573296152584,3.091042453358316,1.6094379124341003,2.0794415416798357,2.70805020110221,1.791759469228055,1.6094379124341003,1.791759469228055,1.3862943611198906,2.9444389791664403,3.5553480614894135,1.6094379124341003
18145,0.0,0.0,0.0,0.0,0.0,0.0,0.0,0.0,0.0,2.1972245773362196,3.091042453358316,3.58351893845611,3.4339872044851463,4.343805421853684,3.7376696182833684,3.6109179126442243,3.2188758248682006,3.4339872044851463,4.0943445622221,3.295836866004329,2.0794415416798357,0.6931471805599453,0.6931471805599453,2.5649493574615367,3.4339872044851463,2.995732273553991,2.70805020110221,0.6931471805599453
18147,0.0,0.0,0.0,0.0,0.0,0.0,0.0,0.0,0.0,0.0,0.0,0.0,0.6931471805599453,0.0,0.0,0.6931471805599453,0.0,1.791759469228055,1.791759469228055,0.6931471805599453,0.0,0.6931471805599453,1.791759469228055,1.9459101490553132,2.833213344056216,3.4657359027997265,2.70805020110221,0.0
18149,0.0,0.0,0.0,0.0,0.0,0.0,0.0,0.0,0.0,0.6931471805599453,0.0,1.791759469228055,1.0986122886681098,0.6931471805599453,1.0986122886681098,1.6094379124341003,1.791759469228055,1.0986122886681098,2.1972245773362196,1.791759469228055,1.791759469228055,1.9459101490553132,1.9459101490553132,3.295836866004329,2.4849066497880004,3.258096538021482,2.833213344056216,1.0986122886681098
18151,0.0,0.0,0.0,0.0,0.0,0.0,0.0,0.0,0.0,0.0,1.3862943611198906,2.0794415416798357,1.6094379124341003,1.3862943611198906,1.6094379124341003,3.6109179126442243,1.3862943611198906,2.302585092994046,1.791759469228055,1.9459101490553132,2.5649493574615367,1.6094379124341003,2.4849066497880004,2.0794415416798357,2.0794415416798357,2.4849066497880004,3.5263605246161616,1.0986122886681098
18153,0.0,0.0,0.0,0.0,0.0,0.0,0.0,0.0,0.0,0.0,0.6931471805599453,0.6931471805599453,0.6931471805599453,1.6094379124341003,1.3862943611198906,1.3862943611198906,1.6094379124341003,1.791759469228055,1.3862943611198906,0.6931471805599453,1.3862943611198906,0.0,1.0986122886681098,0.0,1.6094379124341003,2.6390573296152584,0.6931471805599453,0.0
18155,0.0,0.0,0.0,0.0,0.0,0.0,0.0,0.0,0.0,0.0,1.791759469228055,1.791759469228055,0.0,0.0,0.0,0.0,0.0,1.0986122886681098,0.0,0.6931471805599453,0.0,0.0,0.0,1.0986122886681098,1.791759469228055,1.0986122886681098,0.6931471805599453,0.0
18157,0.0,0.0,0.0,0.0,0.0,0.0,0.0,0.0,0.6931471805599453,2.1972245773362196,2.833213344056216,2.70805020110221,2.4849066497880004,2.772588722239781,3.8918202981106265,4.653960350157523,4.189654742026425,4.174387269895637,3.6109179126442243,3.871201010907891,3.6375861597263857,3.8501476017100584,4.290459441148391,4.553876891600541,4.330733340286331,4.406719247264253,4.68213122712422,2.4849066497880004
18159,0.0,0.0,0.0,0.0,0.0,0.0,0.0,0.0,0.0,0.6931471805599453,1.3862943611198906,1.0986122886681098,0.0,1.9459101490553132,1.0986122886681098,0.0,0.0,0.0,1.0986122886681098,0.0,0.0,0.0,0.6931471805599453,0.0,0.6931471805599453,1.791759469228055,3.367295829986474,1.9459101490553132
18161,0.0,0.0,0.0,0.0,0.0,0.0,0.0,0.0,0.0,0.0,0.6931471805599453,1.0986122886681098,1.3862943611198906,0.0,0.0,0.0,0.0,0.0,0.0,0.0,0.6931471805599453,0.0,0.0,0.0,0.0,1.0986122886681098,1.6094379124341003,0.0
18163,0.0,0.0,0.0,0.0,0.0,0.0,0.0,0.0,0.0,2.1972245773362196,3.2188758248682006,2.8903717578961645,3.295836866004329,3.4965075614664802,3.5263605246161616,3.5553480614894135,2.9444389791664403,3.6635616461296463,3.258096538021482,3.4965075614664802,3.1780538303479458,2.8903717578961645,3.8501476017100584,4.736198448394496,5.41610040220442,5.802118375377063,5.817111159963204,3.6635616461296463
18165,0.0,0.0,0.0,0.0,0.0,0.0,0.0,0.0,0.0,0.0,0.6931471805599453,0.0,0.6931471805599453,0.6931471805599453,0.0,0.0,0.0,0.0,0.6931471805599453,0.0,0.0,0.6931471805599453,0.0,0.0,1.791759469228055,0.0,0.6931471805599453,0.0
18167,0.0,0.0,0.0,0.0,0.0,0.0,0.0,0.0,0.6931471805599453,0.6931471805599453,1.791759469228055,3.4339872044851463,2.302585092994046,2.3978952727983707,1.6094379124341003,2.302585092994046,3.367295829986474,3.367295829986474,3.4965075614664802,2.833213344056216,2.5649493574615367,2.302585092994046,2.3978952727983707,2.4849066497880004,3.044522437723423,3.4339872044851463,4.330733340286331,2.995732273553991
18169,0.0,0.0,0.0,0.0,0.0,0.0,0.0,0.0,0.0,0.0,0.0,1.791759469228055,0.6931471805599453,1.0986122886681098,3.7612001156935624,2.1972245773362196,1.9459101490553132,0.0,1.6094379124341003,1.791759469228055,1.6094379124341003,1.3862943611198906,2.5649493574615367,1.9459101490553132,1.3862943611198906,1.9459101490553132,2.833213344056216,1.3862943611198906
18171,0.0,0.0,0.0,0.0,0.0,0.0,0.0,0.0,0.0,0.0,0.0,0.0,1.3862943611198906,1.6094379124341003,0.0,0.0,0.0,0.0,0.0,0.0,0.0,0.0,0.0,0.0,0.0,0.0,1.0986122886681098,0.0
18173,0.0,0.0,0.0,0.0,0.0,0.0,0.0,0.0,0.0,1.791759469228055,1.791759469228055,3.091042453358316,3.044522437723423,3.2188758248682006,3.044522437723423,2.995732273553991,3.295836866004329,2.70805020110221,1.0986122886681098,0.0,1.6094379124341003,1.9459101490553132,1.791759469228055,3.295836866004329,3.6375861597263857,4.23410650459726,4.584967478670572,2.1972245773362196
18175,0.0,0.0,0.0,0.0,0.0,0.0,0.0,0.0,0.0,1.3862943611198906,2.4849066497880004,1.9459101490553132,1.6094379124341003,2.4849066497880004,1.3862943611198906,1.3862943611198906,0.6931471805599453,0.6931471805599453,0.0,0.0,1.3862943611198906,1.6094379124341003,0.6931471805599453,1.6094379124341003,0.0,1.791759469228055,2.302585092994046,1.0986122886681098
18177,0.0,0.0,0.0,0.0,0.0,0.0,0.0,0.0,0.0,0.0,1.6094379124341003,2.3978952727983707,1.791759469228055,2.0794415416798357,1.791759469228055,2.70805020110221,2.1972245773362196,1.6094379124341003,2.4849066497880004,2.4849066497880004,2.0794415416798357,2.1972245773362196,2.5649493574615367,2.772588722239781,2.8903717578961645,3.6888794541139363,4.07753744390572,2.1972245773362196
18179,0.0,0.0,0.0,0.0,0.0,0.0,0.0,0.0,0.0,0.0,0.0,0.0,0.6931471805599453,0.0,0.0,1.3862943611198906,1.791759469228055,1.791759469228055,2.1972245773362196,1.9459101490553132,2.70805020110221,2.4849066497880004,0.0,1.6094379124341003,2.3978952727983707,2.1972245773362196,2.9444389791664403,1.6094379124341003
18181,0.0,0.0,0.0,0.0,0.0,0.0,0.0,0.0,0.0,0.0,0.6931471805599453,0.0,1.0986122886681098,2.4849066497880004,3.6635616461296463,4.477336814478207,3.4965075614664802,3.5263605246161616,3.044522437723423,2.302585092994046,0.0,1.0986122886681098,2.302585092994046,1.3862943611198906,2.6390573296152584,3.044522437723423,3.2188758248682006,1.791759469228055
18183,0.0,0.0,0.0,0.0,0.0,0.0,0.0,0.0,0.0,0.0,1.3862943611198906,1.791759469228055,1.3862943611198906,0.0,1.6094379124341003,0.0,1.791759469228055,1.791759469228055,1.9459101490553132,1.9459101490553132,2.6390573296152584,2.1972245773362196,1.791759469228055,2.5649493574615367,2.772588722239781,2.1972245773362196,2.8903717578961645,1.0986122886681098
80018,0.0,0.0,0.0,0.0,0.0,0.0,0.0,0.0,0.0,0.0,0.0,0.0,0.0,0.0,0.0,0.0,0.0,0.0,0.0,0.0,0.0,0.0,0.0,0.0,0.0,0.0,0.0,0.0
90018,0.0,0.0,0.0,0.0,0.0,0.0,0.0,0.0,0.0,4.02535169073515,0.0,2.995732273553991,0.0,0.0,0.0,0.0,0.0,0.0,0.0,0.0,0.0,0.0,0.0,0.0,5.262690188904886,0.0,0.0,0.0
