fips,fct_date,horizon,avl_date,value,fct_std,fct_lb,fct_ub
51003,2020-08-09,0,2020-08-02,6051.921346076444,1,5492.123814065842,6668.777547456914
51005,2020-08-09,0,2020-08-02,411.9871459554492,1,297.486997462398,570.5574021061904
51007,2020-08-09,0,2020-08-02,553.2991739581563,1,488.79333473581914,626.3178201237946
51009,2020-08-09,0,2020-08-02,1259.0558511589136,1,1021.2190538071035,1552.2836461264512
51011,2020-08-09,0,2020-08-02,587.9264756788746,1,550.6945026208831,627.6756698298568
51015,2020-08-09,0,2020-08-02,1946.175888551981,1,1819.6317013818564,2081.520445211376
51017,2020-08-09,0,2020-08-02,29.241830587829828,1,14.002161850188594,61.06804544012776
51019,2020-08-09,0,2020-08-02,2543.75224208183,1,2303.274013686391,2809.3381120294966
51021,2020-08-09,0,2020-08-02,59.00000000000002,1,18.589494363201972,187.256303586754
51023,2020-08-09,0,2020-08-02,1469.4272510730261,1,1159.7712211022233,1861.7606704742611
51027,2020-08-09,0,2020-08-02,548.8143670090232,1,429.4788869561965,701.3085359565858
51031,2020-08-09,0,2020-08-02,1680.02656208388,1,1420.755504283913,1986.611518165448
51033,2020-08-09,0,2020-08-02,1508.979628534111,1,1354.8271071118274,1680.6716572013481
51037,2020-08-09,0,2020-08-02,364.31196280436143,1,282.48977058974464,469.83367208407105
51043,2020-08-09,0,2020-08-02,512.3557484399241,1,433.3909118184237,605.7081627715745
51045,2020-08-09,0,2020-08-02,129.711380230419,1,102.83720528725084,163.6085122527753
51051,2020-08-09,0,2020-08-02,308.4350240060421,1,128.82125407316377,738.4818966253638
51063,2020-08-09,0,2020-08-02,382.41051240557886,1,303.34773370395226,482.07975122377565
51067,2020-08-09,0,2020-08-02,1233.6837535970305,1,977.1818862924765,1557.5151619559597
51071,2020-08-09,0,2020-08-02,167.07025589177644,1,112.01649749129342,249.1817815131486
51073,2020-08-09,0,2020-08-02,1046.1281702539059,1,961.2807160806435,1138.4646860085093
51079,2020-08-09,0,2020-08-02,1229.6451479918123,1,1077.4343828911378,1403.358955301298
51083,2020-08-09,0,2020-08-02,1126.9652598925395,1,939.9780018327156,1351.1493827817105
51085,2020-08-09,0,2020-08-02,4543.155594994192,1,4207.730688218055,4905.319349007112
51091,2020-08-09,0,2020-08-02,30.000000000000004,1,22.27963442344887,40.39563589305436
51095,2020-08-09,0,2020-08-02,4396.441989656372,1,4081.2892025424985,4735.930537922327
51097,2020-08-09,0,2020-08-02,249.1892857278819,1,169.38535556571293,366.59190467904546
51099,2020-08-09,0,2020-08-02,957.1087234545073,1,878.2764618158878,1043.016804320037
51101,2020-08-09,0,2020-08-02,572.4523928851185,1,448.83990730052034,730.1083009548115
51103,2020-08-09,0,2020-08-02,252.6780572565856,1,140.24543635283064,455.2461903882382
51105,2020-08-09,0,2020-08-02,691.6064042134215,1,555.5069697109717,861.0502557652649
51109,2020-08-09,0,2020-08-02,1271.7041109928668,1,1188.4559602160032,1360.7835713342063
51111,2020-08-09,0,2020-08-02,462.16350606507865,1,367.0232838059226,581.9660925144808
51113,2020-08-09,0,2020-08-02,486.6087425599366,1,411.04897906546114,576.0580378380004
51115,2020-08-09,0,2020-08-02,146.68448730711754,1,127.66901831725528,168.53218658801154
51119,2020-08-09,0,2020-08-02,274.18303069814186,1,247.03367333678517,304.316141631141
51121,2020-08-09,0,2020-08-02,2237.322021284676,1,1957.4460037882238,2557.214767221183
51125,2020-08-09,0,2020-08-02,280.2950207055244,1,244.3009406188608,321.5922887291773
51127,2020-08-09,0,2020-08-02,957.9017494138251,1,823.059867133662,1114.8347746872425
51133,2020-08-09,0,2020-08-02,518.7672896081938,1,396.8431787855115,678.1507536328024
51137,2020-08-09,0,2020-08-02,1655.396352071839,1,1431.624181923686,1914.1455677079575
51141,2020-08-09,0,2020-08-02,1025.4273590695757,1,771.6345710299591,1362.6933113233715
51143,2020-08-09,0,2020-08-02,3473.816513777633,1,3025.5692188910098,3988.4730106480147
51145,2020-08-09,0,2020-08-02,1060.924436931393,1,940.4762764241488,1196.7985680167992
51155,2020-08-09,0,2020-08-02,598.6219889037259,1,478.44859782620637,748.9796965174111
51157,2020-08-09,0,2020-08-02,291.15458234485834,1,221.4528442378224,382.79477110428
51161,2020-08-09,0,2020-08-02,3631.57121295271,1,3174.4234655010023,4154.5526669881
51163,2020-08-09,0,2020-08-02,482.20416284368713,1,372.96989501051024,623.4306247618963
51167,2020-08-09,0,2020-08-02,1049.2155185114784,1,833.3957504122397,1320.9249072133773
51169,2020-08-09,0,2020-08-02,724.6146496839074,1,570.4972096514489,920.3662728820821
51173,2020-08-09,0,2020-08-02,1105.2696187748456,1,838.7475231906049,1456.4823101231132
51181,2020-08-09,0,2020-08-02,346.05781818674416,1,277.33557175093677,431.80906355466556
51185,2020-08-09,0,2020-08-02,928.0536695198531,1,694.5826538082283,1240.001616491651
51191,2020-08-09,0,2020-08-02,1640.6378473739794,1,1430.2171301726019,1882.0167158192896
51195,2020-08-09,0,2020-08-02,1068.2509725031136,1,910.9147715063274,1252.7628005930544
51197,2020-08-09,0,2020-08-02,844.5987932020018,1,701.4167581942684,1017.0089510189687
51199,2020-08-09,0,2020-08-02,2662.6744507417543,1,2380.9642307191075,2977.715977065142
51520,2020-08-09,0,2020-08-02,605.3257018046515,1,438.6971637836618,835.2440715709502
51530,2020-08-09,0,2020-08-02,343.99999999999994,1,47.92708938859341,2469.0838001976335
51580,2020-08-09,0,2020-08-02,93.38866538479294,1,63.37880297478294,137.60819726782967
51590,2020-08-09,0,2020-08-02,3142.4353234129962,1,2724.7852644796553,3624.102012941388
51600,2020-08-09,0,2020-08-02,609.7812404583584,1,552.3723251295024,673.1567536946368
51610,2020-08-09,0,2020-08-02,424.3917405527121,1,362.40790279909095,496.9768817354052
51650,2020-08-09,0,2020-08-02,9170.685333626225,1,8230.05367023062,10218.823941889386
51678,2020-08-09,0,2020-08-02,260.2924491136078,1,209.04626583685857,324.1012643508998
51680,2020-08-09,0,2020-08-02,4515.714687534014,1,4047.1946151341417,5038.472591102347
51700,2020-08-09,0,2020-08-02,13647.301985047128,1,11842.457211738112,15727.21337649956
51720,2020-08-09,0,2020-08-02,127.56018697933992,1,81.20494792325513,200.37696862489298
51735,2020-08-09,0,2020-08-02,333.42764727307394,1,291.1505498459596,381.8436751188582
51750,2020-08-09,0,2020-08-02,299.65466397354135,1,227.8481166481655,394.0911119302815
51775,2020-08-09,0,2020-08-02,1139.7647598869894,1,873.9944346149992,1486.3523798666897
51790,2020-08-09,0,2020-08-02,1051.5783081650923,1,794.2886508087929,1392.2104225930327
51810,2020-08-09,0,2020-08-02,37562.73107680084,1,33513.84205197207,42100.77626313315
51820,2020-08-09,0,2020-08-02,1195.9739296411658,1,1004.7145316270544,1423.6418359202885
51001,2020-08-09,0,2020-08-02,7693.307846285259,1,6279.497671190727,9425.433166295148
51029,2020-08-09,0,2020-08-02,4232.564145623332,1,3542.4262505678876,5057.155175480157
51081,2020-08-09,0,2020-08-02,3226.6935245739824,1,2034.8113640122608,5116.715625667647
51131,2020-08-09,0,2020-08-02,2062.880777699638,1,1324.8218296684531,3212.112759394698
51159,2020-08-09,0,2020-08-02,2223.5335022656573,1,1923.7775891849942,2569.9962737336714
51640,2020-08-09,0,2020-08-02,2437.6266065210984,1,1712.6405626807823,3469.5099498978116
51683,2020-08-09,0,2020-08-02,11354.000000000005,1,143.10756777963823,900814.1078779651
51685,2020-08-09,0,2020-08-02,3645.2044083474248,1,3501.777081746645,3794.50629450343
51025,2020-08-09,0,2020-08-02,1633.5266085373153,1,1380.441447266302,1933.0114914208716
51035,2020-08-09,0,2020-08-02,2197.303182275308,1,1751.0604731010274,2757.26700990905
51036,2020-08-09,0,2020-08-02,384.6018725639452,1,332.7267552391332,444.5647909299721
51041,2020-08-09,0,2020-08-02,31760.449075338824,1,29290.16797023931,34439.06933180182
51049,2020-08-09,0,2020-08-02,554.7946710854129,1,478.8081130126969,642.8402499867613
51053,2020-08-09,0,2020-08-02,1597.885501858737,1,1376.5726063891805,1854.7790833551633
51057,2020-08-09,0,2020-08-02,773.546180950802,1,630.3737004047747,949.2364508217023
51061,2020-08-09,0,2020-08-02,4296.117644423619,1,3958.8143880487564,4662.160183727369
51065,2020-08-09,0,2020-08-02,1316.715574664988,1,1259.4917320492898,1376.5393296742175
51069,2020-08-09,0,2020-08-02,4906.814276063366,1,4526.268135979794,5319.35484519574
51075,2020-08-09,0,2020-08-02,1119.3447177796243,1,1071.9974151041824,1168.7832261231533
51077,2020-08-09,0,2020-08-02,1141.6739043631535,1,635.151537914806,2052.139097675672
51087,2020-08-09,0,2020-08-02,27907.826354095512,1,26201.90175948977,29724.818410490567
51089,2020-08-09,0,2020-08-02,4417.210551820744,1,3839.276763076296,5082.141836391693
51093,2020-08-09,0,2020-08-02,2875.084439295152,1,2670.9326585689887,3094.8404882307614
51107,2020-08-09,0,2020-08-02,37152.25512671754,1,33327.56846679685,41415.86453796799
51117,2020-08-09,0,2020-08-02,2764.63097217034,1,2481.6055862041453,3079.935205970616
51135,2020-08-09,0,2020-08-02,1312.810576617623,1,995.966640884996,1730.4511409615602
51147,2020-08-09,0,2020-08-02,3321.6820263086574,1,2776.3364392738486,3974.1478474373293
51149,2020-08-09,0,2020-08-02,2676.745983024322,1,2255.9927697464764,3175.971640388733
51165,2020-08-09,0,2020-08-02,6762.472842619005,1,6267.854683644208,7296.123036561991
51175,2020-08-09,0,2020-08-02,1865.304936918034,1,1764.87242663848,1971.452698322149
51177,2020-08-09,0,2020-08-02,10702.255952008976,1,9376.57248110825,12215.367896220183
51179,2020-08-09,0,2020-08-02,9834.554136207393,1,9462.98500563272,10220.713125977003
51187,2020-08-09,0,2020-08-02,2548.5611224508293,1,2196.0857780156934,2957.609333792342
51193,2020-08-09,0,2020-08-02,1423.4883461972454,1,1096.5966144888423,1847.8253944855553
51540,2020-08-09,0,2020-08-02,4053.744134036962,1,3726.230455020152,4410.044333704586
51550,2020-08-09,0,2020-08-02,21944.29428958074,1,19904.64752432563,24192.945455538327
51570,2020-08-09,0,2020-08-02,1424.0259978558295,1,1325.953349139315,1529.3524797728246
51620,2020-08-09,0,2020-08-02,1450.1407754517154,1,1225.5111212418979,1715.9438475733093
51630,2020-08-09,0,2020-08-02,2962.293350344145,1,2647.1032661226827,3315.0130581594135
51670,2020-08-09,0,2020-08-02,1893.6347558352093,1,1714.8769183672275,2091.0262130772867
51690,2020-08-09,0,2020-08-02,1353.4907240720013,1,511.84911815968917,3579.056943060739
51710,2020-08-09,0,2020-08-02,28240.53018060901,1,24738.174505152296,32238.73874427495
51730,2020-08-09,0,2020-08-02,3910.276659176311,1,3372.6239465864546,4533.640214105353
51740,2020-08-09,0,2020-08-02,13589.991566980316,1,12006.187202071202,15382.724563776224
51760,2020-08-09,0,2020-08-02,22855.710136586968,1,20953.97413065635,24930.043465283277
51770,2020-08-09,0,2020-08-02,8456.006904243959,1,7720.291198207411,9261.833644464641
51800,2020-08-09,0,2020-08-02,9563.557165728284,1,8535.618305405329,10715.290022309593
51830,2020-08-09,0,2020-08-02,889.2576646063792,1,697.4250185082991,1133.855501416575
51013,2020-08-09,0,2020-08-02,21817.65706512164,1,20931.84641861972,22740.954156238273
51047,2020-08-09,0,2020-08-02,7029.054656447497,1,6141.67434352613,8044.648185458784
51059,2020-08-09,0,2020-08-02,116028.31558126838,1,111056.8652070276,121222.31247505518
51139,2020-08-09,0,2020-08-02,2397.83845827439,1,2245.4201205993177,2560.602899757169
51153,2020-08-09,0,2020-08-02,67217.78822653725,1,63684.93842819592,70946.61886439417
51171,2020-08-09,0,2020-08-02,5037.064794922788,1,4452.330961606313,5698.592931891314
51183,2020-08-09,0,2020-08-02,2061.3409713716237,1,1597.602555669971,2659.6894109707982
51510,2020-08-09,0,2020-08-02,20685.64963680421,1,19827.210225081933,21581.256063715868
51595,2020-08-09,0,2020-08-02,1252.8600352331794,1,904.8675323374606,1734.682936219104
51660,2020-08-09,0,2020-08-02,7609.705236064605,1,7278.017228355844,7956.5095771105625
51840,2020-08-09,0,2020-08-02,2807.557346732701,1,2367.1043238145594,3329.966565432317
51003,2020-08-16,1,2020-08-02,6568.706186724958,1,5307.175953617879,8130.105605054416
51005,2020-08-16,1,2020-08-02,416.83684831902,1,220.28163038914954,788.7764304703122
51007,2020-08-16,1,2020-08-02,579.0600492030848,1,446.841037600132,750.4022960468102
51009,2020-08-16,1,2020-08-02,1650.190302590366,1,1050.9281167721774,2591.164886830803
51011,2020-08-16,1,2020-08-02,649.8071931510108,1,561.5155662962137,751.9816254711778
51015,2020-08-16,1,2020-08-02,2071.9915695739005,1,1782.7807654351325,2408.1194657367023
51017,2020-08-16,1,2020-08-02,29.994428998599314,1,7.542798860805537,119.27479275987682
51019,2020-08-16,1,2020-08-02,2822.3016657560133,1,2456.3512300208026,3242.7718785402312
51021,2020-08-16,1,2020-08-02,59.00000000000002,1,11.52138002181771,302.13394518782746
51023,2020-08-16,1,2020-08-02,1540.1634912334948,1,956.1448520985055,2480.903991191662
51027,2020-08-16,1,2020-08-02,569.7380382132544,1,356.7455624543575,909.8962015221068
51031,2020-08-16,1,2020-08-02,2305.7484667394133,1,1691.1616004974333,3143.683010723159
51033,2020-08-16,1,2020-08-02,1659.9077394801943,1,1229.4783610543905,2241.0265937688664
51037,2020-08-16,1,2020-08-02,373.6866777499485,1,224.33592488667614,622.4671023971497
51043,2020-08-16,1,2020-08-02,540.1407674062447,1,371.5036800429814,785.3274793413956
51045,2020-08-16,1,2020-08-02,147.56728736059495,1,104.96481330397438,207.4609920555148
51051,2020-08-16,1,2020-08-02,384.0814862512106,1,87.3438796118275,1688.9401837488692
51063,2020-08-16,1,2020-08-02,476.29587990520514,1,338.7717523905627,669.6478192583613
51067,2020-08-16,1,2020-08-02,1301.2954414191047,1,817.8080214159509,2070.6202207777883
51071,2020-08-16,1,2020-08-02,169.60483302062903,1,85.06879046001193,338.14750660499107
51073,2020-08-16,1,2020-08-02,1049.8947968938837,1,799.0910647451752,1379.4161055928685
51079,2020-08-16,1,2020-08-02,1442.5673178877912,1,1154.4410592142096,1802.6043426196609
51083,2020-08-16,1,2020-08-02,1226.6169334510037,1,841.903230270375,1787.1283151456128
51085,2020-08-16,1,2020-08-02,4801.253812250108,1,4052.436147079366,5688.439578809908
51091,2020-08-16,1,2020-08-02,30.000000000000004,1,19.69637039888166,45.693697964326525
51095,2020-08-16,1,2020-08-02,4765.578805967939,1,4057.192940552179,5597.648839643259
51097,2020-08-16,1,2020-08-02,249.1892857278819,1,109.19806177636804,568.6483726125093
51099,2020-08-16,1,2020-08-02,1016.0853076066037,1,842.4045683316587,1225.5742562966864
51101,2020-08-16,1,2020-08-02,582.1985281186489,1,288.9916885332161,1172.8888393430807
51103,2020-08-16,1,2020-08-02,272.1491913488764,1,82.88579411877376,893.581139437638
51105,2020-08-16,1,2020-08-02,560.1012089350957,1,316.79603347479804,990.2692303611574
51109,2020-08-16,1,2020-08-02,1336.3649084503254,1,1188.6195680185608,1502.4749857639556
51111,2020-08-16,1,2020-08-02,520.8547574701512,1,356.78804799095855,760.36649743986
51113,2020-08-16,1,2020-08-02,521.6641252806099,1,367.4891711889728,740.521030114505
51115,2020-08-16,1,2020-08-02,193.0533430554448,1,155.56163872045826,239.5808733530771
51119,2020-08-16,1,2020-08-02,352.77909174272764,1,273.72487309673744,454.6648836214484
51121,2020-08-16,1,2020-08-02,2417.1105412982924,1,1826.7149506140029,3198.322413079028
51125,2020-08-16,1,2020-08-02,305.5729422563514,1,228.13526167734037,409.29588154270857
51127,2020-08-16,1,2020-08-02,1079.4794193693745,1,864.6968930349989,1347.6118929397821
51133,2020-08-16,1,2020-08-02,546.7908152329752,1,324.0421199059935,922.6584362239015
51137,2020-08-16,1,2020-08-02,1771.5773108070562,1,1291.93203856606,2429.2966460138487
51141,2020-08-16,1,2020-08-02,1182.9447633572315,1,643.330908263953,2175.176561826487
51143,2020-08-16,1,2020-08-02,4441.37169289231,1,3627.220432244855,5438.264060013844
51145,2020-08-16,1,2020-08-02,1194.8626990499536,1,961.8691933525731,1484.2942049165047
51155,2020-08-16,1,2020-08-02,632.6055986703873,1,401.4325203656536,996.9043940550645
51157,2020-08-16,1,2020-08-02,296.54826947576305,1,166.4243482868737,528.4135226264003
51161,2020-08-16,1,2020-08-02,4005.010223048728,1,2991.1934634539593,5362.443814718409
51163,2020-08-16,1,2020-08-02,495.22044187317886,1,293.1646180762956,836.5378047948545
51167,2020-08-16,1,2020-08-02,1659.8449250879928,1,1050.9193362003227,2621.595283708055
51169,2020-08-16,1,2020-08-02,1100.7681143323514,1,644.869985796666,1878.9685800524398
51173,2020-08-16,1,2020-08-02,1285.6815840559386,1,736.8301281829946,2243.3625775547303
51181,2020-08-16,1,2020-08-02,407.32634210136354,1,294.7728169578038,562.8563402894346
51185,2020-08-16,1,2020-08-02,1125.741041581154,1,616.2300152940046,2056.5257472821936
51191,2020-08-16,1,2020-08-02,1947.1764516857943,1,1450.3401658346231,2614.211633460347
51195,2020-08-16,1,2020-08-02,1540.027179829755,1,1078.4559906912405,2199.1474247310234
51197,2020-08-16,1,2020-08-02,918.8312098135864,1,623.8214712423804,1353.3532124922206
51199,2020-08-16,1,2020-08-02,2993.095043701413,1,2350.1014284303187,3812.013316639532
51520,2020-08-16,1,2020-08-02,675.4771370884192,1,293.42494902308624,1554.9780761596676
51530,2020-08-16,1,2020-08-02,343.99999999999994,1,21.18476311371133,5585.901497449822
51580,2020-08-16,1,2020-08-02,98.14133063514109,1,47.194246309311254,204.08675912969866
51590,2020-08-16,1,2020-08-02,3867.3837305974375,1,2838.807444964527,5268.640867565663
51600,2020-08-16,1,2020-08-02,641.240489490943,1,516.778353239951,795.678384716822
51610,2020-08-16,1,2020-08-02,430.3182558935839,1,306.7037547229619,603.7545954484932
51650,2020-08-16,1,2020-08-02,10605.675274145691,1,8371.141150867288,13436.68037528814
51678,2020-08-16,1,2020-08-02,287.3347803751548,1,182.98413972511418,451.19361785816636
51680,2020-08-16,1,2020-08-02,5580.5378819224525,1,4083.8245333385926,7625.793615112087
51700,2020-08-16,1,2020-08-02,15242.972938183835,1,11215.053551531179,20717.531389984502
51720,2020-08-16,1,2020-08-02,139.83979237379006,1,62.034594642017446,315.2300364658066
51735,2020-08-16,1,2020-08-02,372.42064344937387,1,255.0237251162968,543.859735418721
51750,2020-08-16,1,2020-08-02,356.2607766620809,1,238.22007967520196,532.7919508755052
51775,2020-08-16,1,2020-08-02,1245.7007320249484,1,717.351204605656,2163.19468595656
51790,2020-08-16,1,2020-08-02,1080.071286611846,1,615.8107419650552,1894.3384788009473
51810,2020-08-16,1,2020-08-02,43611.27693919245,1,33968.222705912915,55991.84545901683
51820,2020-08-16,1,2020-08-02,1215.9462760117854,1,831.7707198702176,1777.5635891314162
51001,2020-08-16,1,2020-08-02,7794.94081624054,1,4950.145841828911,12274.608520674119
51029,2020-08-16,1,2020-08-02,4279.282248249061,1,2490.8306387330313,7351.8673953256375
51081,2020-08-16,1,2020-08-02,3313.3328617683073,1,1379.1789540584073,7959.934873258524
51131,2020-08-16,1,2020-08-02,2063.656504733816,1,803.6222580491013,5299.353181019015
51159,2020-08-16,1,2020-08-02,2224.709098232469,1,1658.1903980749846,2984.7782121426276
51640,2020-08-16,1,2020-08-02,2445.5950080037287,1,865.4633400177033,6910.6739322435305
51683,2020-08-16,1,2020-08-02,11354.000000000005,1,23.381351887873677,5513509.938099805
51685,2020-08-16,1,2020-08-02,3778.525162080545,1,3364.8739775425893,4243.027375100283
51025,2020-08-16,1,2020-08-02,1721.7119697386786,1,1075.0385790281987,2757.3820740657234
51035,2020-08-16,1,2020-08-02,2165.149169594795,1,1114.4375093308743,4206.490617326488
51036,2020-08-16,1,2020-08-02,412.6049150233762,1,301.92848486062246,563.8514563474718
51041,2020-08-16,1,2020-08-02,34508.779222989004,1,28793.785894072862,41358.084964649635
51049,2020-08-16,1,2020-08-02,609.5931669271229,1,445.9244898156644,833.3335298939336
51053,2020-08-16,1,2020-08-02,1741.6357960779983,1,1247.8997344419822,2430.720323485469
51057,2020-08-16,1,2020-08-02,978.9283484401773,1,524.205901956312,1828.0998130762728
51061,2020-08-16,1,2020-08-02,4464.5928434271755,1,3718.577085589756,5360.273243984653
51065,2020-08-16,1,2020-08-02,1383.9026296110171,1,1256.5681420046346,1524.1405732194892
51069,2020-08-16,1,2020-08-02,5110.7676373974155,1,4266.689720027036,6121.829230015644
51075,2020-08-16,1,2020-08-02,1156.995093211095,1,1053.4694818688397,1270.6942809010736
51077,2020-08-16,1,2020-08-02,1291.7212027990215,1,363.3296392335606,4592.368707602069
51087,2020-08-16,1,2020-08-02,29841.250450215986,1,25971.04077224578,34288.199546633434
51089,2020-08-16,1,2020-08-02,5028.8204251309335,1,3300.915425834787,7661.218663855518
51093,2020-08-16,1,2020-08-02,3220.0877960640296,1,2743.829966709089,3779.0116516574453
51107,2020-08-16,1,2020-08-02,38480.34739338472,1,30181.291918252227,49061.4231997169
51117,2020-08-16,1,2020-08-02,3032.2682972661896,1,2333.8634808057795,3939.669608880076
51135,2020-08-16,1,2020-08-02,1365.2899293546,1,777.8896870913006,2396.247979796534
51147,2020-08-16,1,2020-08-02,4076.6805753879735,1,2774.2237399228366,5990.621547419919
51149,2020-08-16,1,2020-08-02,2810.3997056782646,1,1679.1414041907476,4703.8006959771465
51165,2020-08-16,1,2020-08-02,7102.195829656712,1,5992.835173248799,8416.915223691762
51175,2020-08-16,1,2020-08-02,1988.1202472914285,1,1765.1863806470033,2239.209502761602
51177,2020-08-16,1,2020-08-02,11730.672107979444,1,8727.75983209872,15766.779878478488
51179,2020-08-16,1,2020-08-02,10513.068048646011,1,9685.342185359443,11411.532776047157
51187,2020-08-16,1,2020-08-02,2647.7734922081145,1,1950.353789756694,3594.5808923798068
51193,2020-08-16,1,2020-08-02,1451.9344697175973,1,851.6163553700069,2475.4265122564493
51540,2020-08-16,1,2020-08-02,4843.860512519393,1,4349.446737617512,5394.475683957198
51550,2020-08-16,1,2020-08-02,25264.93800722641,1,20369.79539687425,31336.4508613054
51570,2020-08-16,1,2020-08-02,1531.6087934813363,1,1305.728339616575,1796.5647409921426
51620,2020-08-16,1,2020-08-02,1880.0142113677075,1,1306.8774855261606,2704.502506232659
51630,2020-08-16,1,2020-08-02,3307.644890121805,1,2571.9996117184337,4253.699988640035
51670,2020-08-16,1,2020-08-02,1967.0063568332807,1,1575.844576417448,2455.2637142798967
51690,2020-08-16,1,2020-08-02,1392.1648260403415,1,253.6985304565971,7639.472327158435
51710,2020-08-16,1,2020-08-02,32595.226354126236,1,24377.125043750275,43583.842605307924
51730,2020-08-16,1,2020-08-02,4449.493149550734,1,3224.5278130319184,6139.81036475648
51740,2020-08-16,1,2020-08-02,15907.836423576944,1,12120.964224888106,20877.815905080588
51760,2020-08-16,1,2020-08-02,24565.411984372604,1,20228.373836301293,29832.32714826568
51770,2020-08-16,1,2020-08-02,10918.477392450413,1,8491.502445596287,14039.111374368738
51800,2020-08-16,1,2020-08-02,11110.439038984669,1,8659.359729102267,14255.309803579643
51830,2020-08-16,1,2020-08-02,940.1857255676724,1,579.8615194609458,1524.414310821922
51013,2020-08-16,1,2020-08-02,22759.51193230014,1,20616.067549709882,25125.809378898794
51047,2020-08-16,1,2020-08-02,7277.9323494473165,1,5400.000320070226,9808.943730292762
51059,2020-08-16,1,2020-08-02,120053.14293023071,1,106979.2248768845,134724.82291784376
51139,2020-08-16,1,2020-08-02,2443.531352307569,1,2109.7941669781026,2830.0606586007393
51153,2020-08-16,1,2020-08-02,70518.912513242,1,60261.128695813895,82522.79918540125
51171,2020-08-16,1,2020-08-02,5343.282458868084,1,3657.030078378328,7807.063880619736
51183,2020-08-16,1,2020-08-02,2055.8693514866127,1,1114.943282491793,3790.864393510616
51510,2020-08-16,1,2020-08-02,20958.08291061629,1,18408.329225055444,23861.005195974954
51595,2020-08-16,1,2020-08-02,1315.7236109677142,1,635.5782388379471,2723.7065630551015
51660,2020-08-16,1,2020-08-02,7686.2321307169705,1,6470.370955808941,9130.56836628926
51840,2020-08-16,1,2020-08-02,2847.6800054887176,1,1944.345416705248,4170.699991877804
51003,2020-08-23,2,2020-08-02,7104.189048309414,1,5001.705093764556,10090.459370952898
51005,2020-08-23,2,2020-08-02,420.1877073098533,1,162.8963042569291,1083.8656541638566
51007,2020-08-23,2,2020-08-02,601.5258374049253,1,400.2245252601767,904.0758629933463
51009,2020-08-23,2,2020-08-02,2110.3087895493313,1,1017.8600187533168,4375.260944725704
51011,2020-08-23,2,2020-08-02,718.1982382490637,1,587.4697577849195,878.0174682845611
51015,2020-08-23,2,2020-08-02,2205.9409376300314,1,1715.310462181371,2836.9065120279834
51017,2020-08-23,2,2020-08-02,30.444091739701786,1,4.20142816001849,220.60182551147065
51019,2020-08-23,2,2020-08-02,3322.4022628829885,1,2884.4707490865417,3826.822234167442
51021,2020-08-23,2,2020-08-02,59.00000000000002,1,7.981458994868204,436.13579951211426
51023,2020-08-23,2,2020-08-02,1595.3506445713094,1,772.4792574770274,3294.772842764366
51027,2020-08-23,2,2020-08-02,583.2525243421994,1,295.08241378299766,1152.8423628855007
51031,2020-08-23,2,2020-08-02,3190.2521387812444,1,1943.045959375396,5238.0174848103015
51033,2020-08-23,2,2020-08-02,1807.0380066518564,1,1082.9417932750298,3015.292583370658
51037,2020-08-23,2,2020-08-02,380.769480158687,1,175.6899314734604,825.234524280169
51043,2020-08-23,2,2020-08-02,569.4325661467932,1,304.40686214672496,1065.1975619138016
51045,2020-08-23,2,2020-08-02,167.85758028432542,1,108.96495283731342,258.5800895171888
51051,2020-08-23,2,2020-08-02,384.0814862512106,1,36.78231293746054,4010.584878981337
51063,2020-08-23,2,2020-08-02,593.1703072183835,1,384.63314990219925,914.7703817391102
51067,2020-08-23,2,2020-08-02,1352.525144309078,1,671.5660313412762,2723.9678313310446
51071,2020-08-23,2,2020-08-02,170.64694599227317,1,67.10149204821532,433.97515148494136
51073,2020-08-23,2,2020-08-02,1052.4346530653677,1,621.1510121671248,1783.1713661843137
51079,2020-08-23,2,2020-08-02,1690.5141200015505,1,1230.526243659506,2322.4518815832735
51083,2020-08-23,2,2020-08-02,1314.587087041286,1,730.62837682791,2365.2779774562914
51085,2020-08-23,2,2020-08-02,5066.065064901159,1,3826.3953524861895,6707.361074212108
51091,2020-08-23,2,2020-08-02,30.000000000000004,1,17.91915132131472,50.225592934719785
51095,2020-08-23,2,2020-08-02,5131.8923329872305,1,3953.06138203746,6662.259037272801
51097,2020-08-23,2,2020-08-02,249.1892857278819,1,82.85792203480699,749.4189885124903
51099,2020-08-23,2,2020-08-02,1074.7053130423126,1,791.179481445441,1459.8350146432917
51101,2020-08-23,2,2020-08-02,589.792199784202,1,177.66955764544542,1957.87530253473
51103,2020-08-23,2,2020-08-02,287.8262501499381,1,46.9902469923877,1763.0030820820164
51105,2020-08-23,2,2020-08-02,430.9010862669574,1,159.490505703621,1164.1805593812742
51109,2020-08-23,2,2020-08-02,1405.796719063818,1,1164.9662317720572,1696.413476573011
51111,2020-08-23,2,2020-08-02,585.4788943980809,1,345.3757179638501,992.5003929242008
51113,2020-08-23,2,2020-08-02,552.2607029907969,1,319.53456450495315,954.4879269646649
51115,2020-08-23,2,2020-08-02,248.05404335639102,1,169.8113703414954,362.34798825139984
51119,2020-08-23,2,2020-08-02,461.883282638132,1,302.10946273264864,706.1551957058965
51121,2020-08-23,2,2020-08-02,2579.5721382703096,1,1659.5421702767637,4009.65551567198
51125,2020-08-23,2,2020-08-02,329.5978962444018,1,206.73751393991725,525.4719916981655
51127,2020-08-23,2,2020-08-02,1216.4636283248444,1,918.9880813319107,1610.2317201900598
51133,2020-08-23,2,2020-08-02,566.6282218301754,1,260.93758047607264,1230.4381039658936
51137,2020-08-23,2,2020-08-02,1886.9767816169092,1,1128.192952118815,3156.0925528511175
51141,2020-08-23,2,2020-08-02,1344.2041084160494,1,505.14266479777956,3576.9789625786743
51143,2020-08-23,2,2020-08-02,5678.326669638806,1,4393.468760793697,7338.937755712285
51145,2020-08-23,2,2020-08-02,1345.7102314566298,1,973.6372351731457,1859.9699781664651
51155,2020-08-23,2,2020-08-02,659.9438319776349,1,328.91189816672704,1324.1414001525557
51157,2020-08-23,2,2020-08-02,301.26193246365347,1,120.55439256668765,752.8448364212827
51161,2020-08-23,2,2020-08-02,4384.633935198337,1,2727.9496191118155,7047.422947624762
51163,2020-08-23,2,2020-08-02,505.6061167276403,1,225.68613856415098,1132.71265527785
51167,2020-08-23,2,2020-08-02,2827.374024308839,1,1226.484443902248,6517.851826886678
51169,2020-08-23,2,2020-08-02,1672.185957128201,1,683.4394382968421,4091.3733076115855
51173,2020-08-23,2,2020-08-02,1440.5405426453406,1,616.9810340689934,3363.4049353498945
51181,2020-08-23,2,2020-08-02,479.4339967135076,1,318.6825272477073,721.2725441518267
51185,2020-08-23,2,2020-08-02,1319.7044946717087,1,514.2323699395412,3386.834542254648
51191,2020-08-23,2,2020-08-02,2271.3396689918427,1,1413.6697135295947,3649.355887419569
51195,2020-08-23,2,2020-08-02,2220.155914351368,1,1223.1435378983044,4029.855966454174
51197,2020-08-23,2,2020-08-02,985.301163912936,1,536.9581450614426,1807.9963820962212
51199,2020-08-23,2,2020-08-02,3332.2700998098585,1,2251.429008505792,4931.989405900132
51520,2020-08-23,2,2020-08-02,700.768019156984,1,159.99450455174693,3069.3292750837895
51530,2020-08-23,2,2020-08-02,343.99999999999994,1,11.323015904542133,10450.92588384785
51580,2020-08-23,2,2020-08-02,101.11951818511349,1,35.15618255678467,290.84946698845096
51590,2020-08-23,2,2020-08-02,4684.83097238699,1,2834.5795598731793,7742.820681603454
51600,2020-08-23,2,2020-08-02,672.2838936905897,1,472.41610453825615,956.7108940063245
51610,2020-08-23,2,2020-08-02,432.0562654838057,1,250.61977052110453,744.8439369155569
51650,2020-08-23,2,2020-08-02,12166.08792257828,1,8257.803625777202,17924.09968164806
51678,2020-08-23,2,2020-08-02,310.9433563722779,1,154.50545611163463,625.7757706769866
51680,2020-08-23,2,2020-08-02,6744.183945618413,1,3880.737904622611,11720.455802531274
51700,2020-08-23,2,2020-08-02,16872.03522939364,1,10257.98421947066,27750.63469502878
51720,2020-08-23,2,2020-08-02,146.36765405915608,1,47.21375707808821,453.7552501773553
51735,2020-08-23,2,2020-08-02,401.2635768005035,1,214.21440579646793,751.6415969695174
51750,2020-08-23,2,2020-08-02,423.4883998952925,1,254.0263263086886,705.9993641286659
51775,2020-08-23,2,2020-08-02,1340.149715015657,1,565.4507081877076,3176.229568113555
51790,2020-08-23,2,2020-08-02,1101.4955989748064,1,470.66129386374905,2577.846469168339
51810,2020-08-23,2,2020-08-02,50253.20482979831,1,33347.48094876268,75729.39615876328
51820,2020-08-23,2,2020-08-02,1234.9440617312266,1,664.355940980148,2295.5869610426057
51001,2020-08-23,2,2020-08-02,7897.916415502785,1,3694.3877257260997,16884.281872176445
51029,2020-08-23,2,2020-08-02,4326.795806662075,1,1419.2142355183425,13191.216297031386
51081,2020-08-23,2,2020-08-02,3367.921597989697,1,944.6660157825236,12007.308086349954
51131,2020-08-23,2,2020-08-02,2064.33967771858,1,457.23206609068507,9320.208754033561
51159,2020-08-23,2,2020-08-02,2225.610191776685,1,1419.1347451359134,3490.3949344611838
51640,2020-08-23,2,2020-08-02,2419.2727330107723,1,304.02246672758076,19251.473812735945
51683,2020-08-23,2,2020-08-02,11354.000000000005,1,5.822937498724576,22138880.252147082
51685,2020-08-23,2,2020-08-02,3922.376829321177,1,3114.8489318008496,4939.257192900456
51025,2020-08-23,2,2020-08-02,1784.392195352139,1,816.2170915025281,3900.9909740707308
51035,2020-08-23,2,2020-08-02,2102.607696777854,1,557.8077078890204,7925.59705436888
51036,2020-08-23,2,2020-08-02,439.83934827628764,1,265.5198887588982,728.6032439843967
51041,2020-08-23,2,2020-08-02,37494.930900887884,1,27694.786298932675,50762.978565266465
51049,2020-08-23,2,2020-08-02,661.7882735397814,1,402.1403242846637,1089.081826782292
51053,2020-08-23,2,2020-08-02,1898.318272899885,1,1086.7000406163952,3316.1057610539583
51057,2020-08-23,2,2020-08-02,1224.844863711584,1,390.69374431180916,3839.951271304001
51061,2020-08-23,2,2020-08-02,4639.6749128725,1,3416.7834464657567,6300.248065005421
51065,2020-08-23,2,2020-08-02,1449.3530820061505,1,1238.5996825192299,1695.9671360872594
51069,2020-08-23,2,2020-08-02,5323.198387778445,1,3935.4337057451758,7200.335006095986
51075,2020-08-23,2,2020-08-02,1192.9306574487214,1,1024.3356855102063,1389.2746036395522
51077,2020-08-23,2,2020-08-02,1446.7804605257807,1,185.00675230139035,11314.039487322318
51087,2020-08-23,2,2020-08-02,31827.839961540318,1,25311.63390316612,40021.57270814153
51089,2020-08-23,2,2020-08-02,5529.0196393270935,1,2428.087462617783,12590.179984334833
51093,2020-08-23,2,2020-08-02,3577.7008338126416,1,2756.836357764656,4642.982605845473
51107,2020-08-23,2,2020-08-02,39855.9153533245,1,26543.340734853442,59845.292441488105
51117,2020-08-23,2,2020-08-02,3032.2682972661896,1,1983.721123910463,4635.05223379404
51135,2020-08-23,2,2020-08-02,1407.3562312073434,1,593.2363276768626,3338.7226457867964
51147,2020-08-23,2,2020-08-02,4900.93642013253,1,2637.4616810946095,9106.929577916359
51149,2020-08-23,2,2020-08-02,2810.3997056782646,1,1241.7193239302821,6360.8146812732775
51165,2020-08-23,2,2020-08-02,7458.98531154146,1,5613.776886178494,9910.700586404148
51175,2020-08-23,2,2020-08-02,2105.827424115687,1,1738.5304624745788,2550.7227143122595
51177,2020-08-23,2,2020-08-02,12857.912268403157,1,7839.394401793908,21089.117274686436
51179,2020-08-23,2,2020-08-02,11201.866400717168,1,9553.231032517537,13135.012691768672
51187,2020-08-23,2,2020-08-02,2721.532678039337,1,1767.8396853126787,4189.712550957879
51193,2020-08-23,2,2020-08-02,1474.6251345918033,1,648.0327836286015,3355.5698762551337
51540,2020-08-23,2,2020-08-02,5892.001990260244,1,5290.710504074551,6561.630508132106
51550,2020-08-23,2,2020-08-02,28957.89621121088,1,20284.58122864231,41339.76164098442
51570,2020-08-23,2,2020-08-02,1647.3192903791698,1,1261.3192759542171,2151.4464229545574
51620,2020-08-23,2,2020-08-02,2384.2936192641096,1,1323.0061527210626,4296.923374975509
51630,2020-08-23,2,2020-08-02,3693.258372901478,1,2424.3920765345424,5626.217615965935
51670,2020-08-23,2,2020-08-02,2043.220845994675,1,1409.8968320452857,2961.0332689740458
51690,2020-08-23,2,2020-08-02,1409.4135793105536,1,137.8384781750232,14411.408656316275
51710,2020-08-23,2,2020-08-02,37368.445230016936,1,23182.964250527486,60233.9150342693
51730,2020-08-23,2,2020-08-02,5019.851456263864,1,2968.8107753534423,8487.879676317374
51740,2020-08-23,2,2020-08-02,18483.617120708583,1,11823.766847736973,28894.69204396063
51760,2020-08-23,2,2020-08-02,26403.006616536983,1,19075.984012865465,36544.31445962296
51770,2020-08-23,2,2020-08-02,13892.876360880093,1,8303.256305787234,23245.339716199607
51800,2020-08-23,2,2020-08-02,12812.060193749698,1,8509.599934352267,19289.847663180444
51830,2020-08-23,2,2020-08-02,978.6083635691223,1,472.89270905359933,2025.1408214011797
51013,2020-08-23,2,2020-08-02,23907.22717784348,1,20095.961990661453,28441.31132406691
51047,2020-08-23,2,2020-08-02,7528.402988546164,1,4593.10608043179,12339.547697235575
51059,2020-08-23,2,2020-08-02,124358.15981958616,1,98859.53104107684,156433.5957378546
51139,2020-08-23,2,2020-08-02,2490.0949641148845,1,1947.5794765617577,3183.7329387228665
51153,2020-08-23,2,2020-08-02,73947.21957369558,1,54086.56155256072,101100.73788599776
51171,2020-08-23,2,2020-08-02,5732.516280549906,1,2597.401846343511,12651.774677465033
51183,2020-08-23,2,2020-08-02,2055.8693514866127,1,763.9755902148187,5532.37412885604
51510,2020-08-23,2,2020-08-02,20970.534157038688,1,16019.307436442472,27452.07959684358
51595,2020-08-23,2,2020-08-02,1381.74143302107,1,408.94502042959544,4668.621189521999
51660,2020-08-23,2,2020-08-02,7763.528617018889,1,5373.089335927718,11217.452906329649
51840,2020-08-23,2,2020-08-02,2888.3760551133223,1,1525.2986132808394,5469.562591293024
51003,2020-08-30,3,2020-08-02,7657.11149281885,1,4619.745891167891,12691.46784145657
51005,2020-08-30,3,2020-08-02,422.4957626035074,1,121.84542536359885,1464.9927880775956
51007,2020-08-30,3,2020-08-02,620.9847069388144,1,354.0483230140781,1089.1790221431215
51009,2020-08-30,3,2020-08-02,2639.0719258678664,1,940.4679524659961,7405.569335607687
51011,2020-08-30,3,2020-08-02,793.7842558952852,1,619.550293902013,1017.0174255568752
51015,2020-08-30,3,2020-08-02,2348.5498164033443,1,1625.0715033279992,3394.1191072716165
51017,2020-08-30,3,2020-08-02,30.71052574236413,1,2.4561316211120707,383.99260986892125
51019,2020-08-30,3,2020-08-02,4152.469809220421,1,3605.350043578179,4782.616197614472
51021,2020-08-30,3,2020-08-02,59.00000000000002,1,5.857106793136849,594.3207325635441
51023,2020-08-30,3,2020-08-02,1637.9650670854885,1,620.2043719934603,4325.879794057073
51027,2020-08-30,3,2020-08-02,591.8830110012218,1,245.74016089249446,1425.5931852552667
51031,2020-08-30,3,2020-08-02,4398.202635002517,1,2177.259933737742,8884.647220478884
51033,2020-08-30,3,2020-08-02,1953.315890548046,1,970.4312541403833,3931.698357806148
51037,2020-08-30,3,2020-08-02,386.08995855173066,1,137.49358448975167,1084.1629931146936
51043,2020-08-30,3,2020-08-02,600.3128572308785,1,240.00936161396464,1501.5061251499665
51045,2020-08-30,3,2020-08-02,190.9109067751535,1,113.97096249081251,319.79175685779967
51051,2020-08-30,3,2020-08-02,384.0814862512106,1,19.73240312688095,7475.9565336458245
51063,2020-08-30,3,2020-08-02,738.6480882708179,1,439.865169576406,1240.382362694349
51067,2020-08-30,3,2020-08-02,1390.8530867361455,1,548.7547407221904,3525.203821178098
51071,2020-08-30,3,2020-08-02,171.07273902434682,1,54.68149120261,535.2063631339913
51073,2020-08-30,3,2020-08-02,1054.145605880159,1,481.38875622400553,2308.3691590822314
51079,2020-08-30,3,2020-08-02,1978.9333857819968,1,1301.876953975245,3008.100983280066
51083,2020-08-30,3,2020-08-02,1391.1636046855624,1,622.1466568114065,3110.7394917471934
51085,2020-08-30,3,2020-08-02,5337.344420562326,1,3554.804842021406,8013.729791002772
51091,2020-08-30,3,2020-08-02,30.000000000000004,1,16.546070323745518,54.3935800096532
51095,2020-08-30,3,2020-08-02,5493.123472619428,1,3792.043816928287,7957.2934655288445
51097,2020-08-30,3,2020-08-02,249.1892857278819,1,66.52512881657552,933.4111970347678
51099,2020-08-30,3,2020-08-02,1132.7621327487368,1,730.9774346658497,1755.3894122272504
51101,2020-08-30,3,2020-08-02,595.6883186869306,1,107.7843055968359,3292.172928657612
51103,2020-08-30,3,2020-08-02,300.2488398328165,1,26.39495059843626,3415.4019529134157
51105,2020-08-30,3,2020-08-02,342.01477910144314,1,82.34173370281017,1420.5932261032376
51109,2020-08-30,3,2020-08-02,1477.9187359474008,1,1135.7664062015072,1923.1452683738155
51111,2020-08-30,3,2020-08-02,656.4534135773463,1,331.3524700168718,1300.5217198936462
51113,2020-08-30,3,2020-08-02,578.6626262821427,1,273.3112409007379,1225.1615921547789
51115,2020-08-30,3,2020-08-02,311.818609020602,1,173.84280164420264,559.3032556535863
51119,2020-08-30,3,2020-08-02,591.3506111653332,1,304.97175296216324,1146.6489664339458
51121,2020-08-30,3,2020-08-02,2724.7341219908108,1,1481.437520049401,5011.467534110688
51125,2020-08-30,3,2020-08-02,352.20510042561114,1,183.43675430380077,676.2463348014251
51127,2020-08-30,3,2020-08-02,1370.8036504967615,1,981.9202426791619,1913.7019144122462
51133,2020-08-30,3,2020-08-02,580.4727832344919,1,210.27692311228273,1602.4043299134387
51137,2020-08-30,3,2020-08-02,2001.078966534835,1,960.9196638118814,4167.171493216568
51141,2020-08-30,3,2020-08-02,1506.9551632936286,1,380.03172042825673,5975.590304983589
51143,2020-08-30,3,2020-08-02,7259.665921920336,1,5346.554758200272,9857.3290055729
51145,2020-08-30,3,2020-08-02,1515.6017745695374,1,974.8158104794076,2356.392576304912
51155,2020-08-30,3,2020-08-02,681.6873461501591,1,266.87331453914226,1741.266783094152
51157,2020-08-30,3,2020-08-02,305.3714222874636,1,85.49370888150283,1090.7434800742888
51161,2020-08-30,3,2020-08-02,4767.838008521083,1,2426.3428299377574,9368.947782239573
51163,2020-08-30,3,2020-08-02,513.8496356195618,1,172.6014684082773,1529.7752125826876
51167,2020-08-30,3,2020-08-02,4304.279445536673,1,1247.4515311869295,14851.736586223547
51169,2020-08-30,3,2020-08-02,2540.231533607548,1,685.5573447279093,9412.452939141383
51173,2020-08-30,3,2020-08-02,1569.1961055277275,1,503.5162198971294,4890.3616612518645
51181,2020-08-30,3,2020-08-02,564.2968872683872,1,347.2779038404532,916.9341713346814
51185,2020-08-30,3,2020-08-02,1504.2121688100228,1,412.49812880407177,5485.247303681383
51191,2020-08-30,3,2020-08-02,2608.569256449551,1,1336.7568178105623,5090.404982440169
51195,2020-08-30,3,2020-08-02,3200.652786254233,1,1337.3310075714573,7660.166555743001
51197,2020-08-30,3,2020-08-02,1044.043590120901,1,452.98910241943173,2406.2985450437195
51199,2020-08-30,3,2020-08-02,3677.2361191367945,1,2107.6650682403,6415.661425358197
51520,2020-08-30,3,2020-08-02,695.7433501815193,1,78.4525966422891,6170.080150806339
51530,2020-08-30,3,2020-08-02,343.99999999999994,1,6.677342724623124,17722.01980342095
51580,2020-08-30,3,2020-08-02,102.9565453072104,1,26.591635314077564,398.62348051923004
51590,2020-08-30,3,2020-08-02,5592.686947771696,1,2736.4149391422366,11430.337865930649
51600,2020-08-30,3,2020-08-02,702.827156358189,1,424.18929188251104,1164.49429810537
51610,2020-08-30,3,2020-08-02,429.97996052574837,1,199.68787670452542,925.858742678164
51650,2020-08-30,3,2020-08-02,13849.571953232684,1,7947.048684836784,24136.085092035493
51678,2020-08-30,3,2020-08-02,331.1900099132006,1,127.80911176925703,858.2081601844744
51680,2020-08-30,3,2020-08-02,7989.305251047788,1,3527.735969683315,18093.4738152044
51700,2020-08-30,3,2020-08-02,18520.853545143986,1,9137.472219200587,37540.143248794695
51720,2020-08-30,3,2020-08-02,149.72042927552144,1,36.533066794604096,613.586783405692
51735,2020-08-30,3,2020-08-02,421.96818000926885,1,177.12592735675344,1005.2573759103367
51750,2020-08-30,3,2020-08-02,503.3170455053008,1,273.24088963960685,927.1234939628326
51775,2020-08-30,3,2020-08-02,1423.1570771789166,1,435.47681555854507,4650.9389110110915
51790,2020-08-30,3,2020-08-02,1117.5061712093159,1,359.74630491521316,3471.3908819306216
51810,2020-08-30,3,2020-08-02,57493.35137167367,1,31901.991140585596,103613.7662185452
51820,2020-08-30,3,2020-08-02,1252.9963340629054,1,516.5994252684341,3039.104839033225
51001,2020-08-30,3,2020-08-02,8002.252380968365,1,2631.3919051399253,24335.42606999419
51029,2020-08-30,3,2020-08-02,4373.825055743328,1,651.909935405292,29345.074494615263
51081,2020-08-30,3,2020-08-02,3402.0354367045866,1,662.9424973087512,17458.294134979104
51131,2020-08-30,3,2020-08-02,2064.9413140824663,1,250.06906792612287,17051.2197528737
51159,2020-08-30,3,2020-08-02,2226.3008040051727,1,1214.5331036417651,4080.922335547971
51640,2020-08-30,3,2020-08-02,2367.194516223829,1,76.2643898821777,73476.09921612564
51683,2020-08-30,3,2020-08-02,11354.000000000005,1,1.8037498638711198,71469619.2538206
51685,2020-08-30,3,2020-08-02,4100.542706280631,1,2721.8017785185966,6177.691049633649
51025,2020-08-30,3,2020-08-02,1828.3203438022088,1,618.6286103239212,5403.4928611056785
51035,2020-08-30,3,2020-08-02,2019.7003901040046,1,221.27980149512084,18434.532380381843
51036,2020-08-30,3,2020-08-02,466.1660164945556,1,228.1985477461464,952.2880714216649
51041,2020-08-30,3,2020-08-02,40739.483543532515,1,26146.29235803372,63477.6624030135
51049,2020-08-30,3,2020-08-02,710.9475491358032,1,354.59196421275385,1425.4311113461642
51053,2020-08-30,3,2020-08-02,2069.09634800835,1,914.4276416282859,4681.791650259167
51057,2020-08-30,3,2020-08-02,1516.0547493301624,1,267.37322274394495,8596.305865556582
51061,2020-08-30,3,2020-08-02,4821.622945713877,1,3080.9974365090875,7545.623879835395
51065,2020-08-30,3,2020-08-02,1512.8936170396707,1,1209.3417964314463,1892.6387091171086
51069,2020-08-30,3,2020-08-02,5544.458892691307,1,3563.126453394017,8627.542360575393
51075,2020-08-30,3,2020-08-02,1227.1472653824217,1,987.9279562321548,1524.2917273834933
51077,2020-08-30,3,2020-08-02,1605.4746714112352,1,86.58971924019959,29767.378196398855
51087,2020-08-30,3,2020-08-02,33863.989024806935,1,24331.586037494824,47130.90839639797
51089,2020-08-30,3,2020-08-02,5926.005770255701,1,1706.880178357316,20574.112251336017
51093,2020-08-30,3,2020-08-02,3945.533232584343,1,2721.070264919832,5720.9961426284835
51107,2020-08-30,3,2020-08-02,41280.65613369308,1,22767.879370600767,74846.34572636752
51117,2020-08-30,3,2020-08-02,3032.2682972661896,1,1767.0636227867,5203.350297090844
51135,2020-08-30,3,2020-08-02,1440.8123019034174,1,448.7695448587063,4625.848864075274
51147,2020-08-30,3,2020-08-02,5783.370914927205,1,2414.164351286,13854.640477069765
51149,2020-08-30,3,2020-08-02,2810.3997056782646,1,999.329253562729,7903.647849312845
51165,2020-08-30,3,2020-08-02,7833.69864929231,1,5167.633944899367,11875.228621503897
51175,2020-08-30,3,2020-08-02,2217.9714421963117,1,1692.2452495603231,2907.023860564265
51177,2020-08-30,3,2020-08-02,14093.472767813048,1,6830.528068409812,29079.153568770747
51179,2020-08-30,3,2020-08-02,11907.387441965257,1,9056.141795495947,15656.322404711964
51187,2020-08-30,3,2020-08-02,2798.905802075242,1,1578.7743088427533,4961.997193020384
51193,2020-08-30,3,2020-08-02,1492.6559304140537,1,490.09333325975297,4546.11718910973
51540,2020-08-30,3,2020-08-02,7006.4540304779775,1,6287.568295082842,7807.533179336113
51550,2020-08-30,3,2020-08-02,33046.83928475561,1,19748.08951586004,55301.227282537235
51570,2020-08-30,3,2020-08-02,1771.7715228620486,1,1198.5889423349045,2619.058309606669
51620,2020-08-30,3,2020-08-02,2963.570494274058,1,1285.3442934300692,6832.994178621318
51630,2020-08-30,3,2020-08-02,4123.827636316961,1,2226.8896570054794,7636.6398849414045
51670,2020-08-30,3,2020-08-02,2122.3883751083567,1,1232.984595826807,3653.3566031897303
51690,2020-08-30,3,2020-08-02,1417.0195665518002,1,81.2147341435715,24723.893677236018
51710,2020-08-30,3,2020-08-02,42566.09218632415,1,21423.3625887227,84574.59451152729
51730,2020-08-30,3,2020-08-02,5618.177798608938,1,2653.902085723724,11893.401021302092
51740,2020-08-30,3,2020-08-02,21325.438138948888,1,11216.406363412627,40545.45610094759
51760,2020-08-30,3,2020-08-02,28378.060943426113,1,17633.406395026836,45669.81131540933
51770,2020-08-30,3,2020-08-02,17434.953302137284,1,7599.644189573467,39998.924826606664
51800,2020-08-30,3,2020-08-02,14670.413132614658,1,8149.055146498635,26410.549151095885
51830,2020-08-30,3,2020-08-02,1007.2101300331057,1,383.8364334169663,2642.980597256835
51013,2020-08-30,3,2020-08-02,25076.632269130656,1,18889.549462205658,33290.23210529125
51047,2020-08-30,3,2020-08-02,7780.23864668302,1,3802.8980851803362,15917.364084835755
51059,2020-08-30,3,2020-08-02,128937.44226435275,1,87558.32790317285,189871.87644855503
51139,2020-08-30,3,2020-08-02,2537.545885979627,1,1770.8866509443496,3636.110261499998
51153,2020-08-30,3,2020-08-02,77515.29923808809,1,46116.89232830178,130291.121379028
51171,2020-08-30,3,2020-08-02,6213.3564898245995,1,1572.6299439464228,24548.558939915987
51183,2020-08-30,3,2020-08-02,2055.8693514866127,1,583.6511162305305,7241.6528861953975
51510,2020-08-30,3,2020-08-02,20746.776658687748,1,13042.798870863999,33001.25578774312
51595,2020-08-30,3,2020-08-02,1451.071769034301,1,244.15228411613785,8624.163753007293
51660,2020-08-30,3,2020-08-02,7841.602434358047,1,4268.461233822159,14405.830431653836
51840,2020-08-30,3,2020-08-02,2929.653689906153,1,1150.5150866239298,7460.024507776161
