11001,2020-08-30,0.0,2020-08-23,502.27387451171876,86.82212110490202
11001,2020-09-06,1.0,2020-08-23,480.65523132324216,86.38044494852141
11001,2020-09-13,2.0,2020-08-23,509.0795086669922,108.4725363970017
11001,2020-09-20,3.0,2020-08-23,509.8207940673828,116.5265387336807
10001,2020-08-30,0.0,2020-08-23,53.44652198791504,11.743443177189128
10001,2020-09-06,1.0,2020-08-23,37.73550868988037,9.200224449511289
10001,2020-09-13,2.0,2020-08-23,37.11167160034179,10.752494097840584
10001,2020-09-20,3.0,2020-08-23,35.0357222366333,7.344581148598665
10003,2020-08-30,0.0,2020-08-23,143.9373913574219,41.3155181296322
10003,2020-09-06,1.0,2020-08-23,130.32051475524904,30.996641215029587
10003,2020-09-13,2.0,2020-08-23,118.06108619689941,27.54409084919048
10003,2020-09-20,3.0,2020-08-23,104.57038909912109,20.875622381883197
10005,2020-08-30,0.0,2020-08-23,141.1249801635742,33.29376531030665
10005,2020-09-06,1.0,2020-08-23,124.29858352661132,29.926868478567666
10005,2020-09-13,2.0,2020-08-23,133.8959299468994,29.95798586536008
10005,2020-09-20,3.0,2020-08-23,137.3801104736328,25.367014779997117
15001,2020-08-30,0.0,2020-08-23,94.81760208129883,12.801095522427302
15001,2020-09-06,1.0,2020-08-23,96.67224815368652,19.710462815662368
15001,2020-09-13,2.0,2020-08-23,69.08813873291015,25.562902783414987
15001,2020-09-20,3.0,2020-08-23,57.09973724126816,26.423044680370978
15003,2020-08-30,0.0,2020-08-23,1334.9331555175781,229.34346690363697
15003,2020-09-06,1.0,2020-08-23,1082.2824609375,334.2671233426348
15003,2020-09-13,2.0,2020-08-23,829.5093817138672,435.16189184826754
15003,2020-09-20,3.0,2020-08-23,617.3022146606445,406.3556696070198
15005,2020-08-30,0.0,2020-08-23,0.05214058704674244,0.005519464432542556
15005,2020-09-06,1.0,2020-08-23,0.07989833883941173,0.00903773219758387
15005,2020-09-13,2.0,2020-08-23,0.10867814019322396,0.012501997074257894
15005,2020-09-20,3.0,2020-08-23,0.12735639318823813,0.021448181242987144
15007,2020-08-30,0.0,2020-08-23,0.788225594162941,0.29177930067816077
15007,2020-09-06,1.0,2020-08-23,1.2952922642230988,0.24033754524402395
15007,2020-09-13,2.0,2020-08-23,1.5437141096591949,0.28921911773752323
15007,2020-09-20,3.0,2020-08-23,1.8724725532531739,0.3190977901804363
15009,2020-08-30,0.0,2020-08-23,52.40322452545166,8.987367797190322
15009,2020-09-06,1.0,2020-08-23,37.408881645202634,11.773176711646926
15009,2020-09-13,2.0,2020-08-23,31.634955883026123,13.415745426067835
15009,2020-09-20,3.0,2020-08-23,21.52190013587475,11.142972979165279
09001,2020-08-30,0.0,2020-08-23,547.7830987548828,90.64949719603756
09001,2020-09-06,1.0,2020-08-23,661.3331243896484,94.34953451356095
09001,2020-09-13,2.0,2020-08-23,744.1875103759766,141.36975134404437
09001,2020-09-20,3.0,2020-08-23,835.2615319824218,109.64595404345522
09003,2020-08-30,0.0,2020-08-23,365.6536001586914,56.046989763399985
09003,2020-09-06,1.0,2020-08-23,404.54717498779297,67.72748763513442
09003,2020-09-13,2.0,2020-08-23,437.69078186035154,65.08415485176947
09003,2020-09-20,3.0,2020-08-23,466.58294189453125,69.96807504862271
09005,2020-08-30,0.0,2020-08-23,47.72984714508057,7.576058535115814
09005,2020-09-06,1.0,2020-08-23,57.147425689697265,10.105920730185295
09005,2020-09-13,2.0,2020-08-23,61.825217208862306,10.680943955090157
09005,2020-09-20,3.0,2020-08-23,66.77146369934081,10.931462363592765
09007,2020-08-30,0.0,2020-08-23,34.304368057250976,5.4207252245585815
09007,2020-09-06,1.0,2020-08-23,38.687228775024415,6.668035679237041
09007,2020-09-13,2.0,2020-08-23,44.73770359039307,8.004293787896065
09007,2020-09-20,3.0,2020-08-23,49.53193683624268,8.61485459228617
09009,2020-08-30,0.0,2020-08-23,361.9009631347656,49.944896169129265
09009,2020-09-06,1.0,2020-08-23,416.91763397216795,74.86033096889568
09009,2020-09-13,2.0,2020-08-23,483.93334716796875,83.94730364571296
09009,2020-09-20,3.0,2020-08-23,540.9058923339844,86.05660071334677
09011,2020-08-30,0.0,2020-08-23,46.09141490936279,7.951076873445779
09011,2020-09-06,1.0,2020-08-23,47.678944244384766,7.678888862558779
09011,2020-09-13,2.0,2020-08-23,50.958917121887204,8.826608163160712
09011,2020-09-20,3.0,2020-08-23,51.97914493560791,10.6833570565528
09013,2020-08-30,0.0,2020-08-23,40.756625175476074,4.856864494246917
09013,2020-09-06,1.0,2020-08-23,45.127979049682615,8.713428417774086
09013,2020-09-13,2.0,2020-08-23,48.835719985961916,7.563387587390634
09013,2020-09-20,3.0,2020-08-23,51.02525287628174,10.29084668292137
09015,2020-08-30,0.0,2020-08-23,27.14287120819092,3.701322416101013
09015,2020-09-06,1.0,2020-08-23,27.347537689208984,4.574723098986989
09015,2020-09-13,2.0,2020-08-23,29.73706684112549,4.746067845404801
09015,2020-09-20,3.0,2020-08-23,33.647428855895996,5.808888063122755
33001,2020-08-30,0.0,2020-08-23,3.4329307317733764,0.493059256380918
33001,2020-09-06,1.0,2020-08-23,3.7071227121353147,0.6354246945135156
33001,2020-09-13,2.0,2020-08-23,3.6699508929252627,0.627897698323584
33001,2020-09-20,3.0,2020-08-23,3.6913660526275636,0.6447726141728348
33003,2020-08-30,0.0,2020-08-23,4.348725862503052,0.5896205753113621
33003,2020-09-06,1.0,2020-08-23,4.305217761993408,0.7885291359319286
33003,2020-09-13,2.0,2020-08-23,4.068706007003784,0.6780064339100799
33003,2020-09-20,3.0,2020-08-23,4.047394213676452,0.6872281083126192
33005,2020-08-30,0.0,2020-08-23,10.795884132385254,2.294911132004447
33005,2020-09-06,1.0,2020-08-23,10.196779670715332,2.4120356599531205
33005,2020-09-13,2.0,2020-08-23,7.744347953796387,1.8357060130973442
33005,2020-09-20,3.0,2020-08-23,7.179454216957092,1.6614259855788058
33007,2020-08-30,0.0,2020-08-23,1.1284016120433806,0.15350426921958624
33007,2020-09-06,1.0,2020-08-23,1.373567819595337,0.1543754375345814
33007,2020-09-13,2.0,2020-08-23,1.3745130109786987,0.23167568871391458
33007,2020-09-20,3.0,2020-08-23,1.4422306215763092,0.26330028998480126
33009,2020-08-30,0.0,2020-08-23,3.9884380006790163,0.5209587615391217
33009,2020-09-06,1.0,2020-08-23,4.50500867843628,0.5277608730333252
33009,2020-09-13,2.0,2020-08-23,4.677462196350097,0.7736475104776706
33009,2020-09-20,3.0,2020-08-23,4.793598966598511,0.7272956992683409
33011,2020-08-30,0.0,2020-08-23,92.31971893310546,9.041002907509661
33011,2020-09-06,1.0,2020-08-23,111.48121704101563,13.83694081640261
33011,2020-09-13,2.0,2020-08-23,119.8860237121582,19.776953976250784
33011,2020-09-20,3.0,2020-08-23,121.3643563079834,22.835231550576207
33013,2020-08-30,0.0,2020-08-23,17.317869663238525,2.345462995800313
33013,2020-09-06,1.0,2020-08-23,18.236607608795165,2.6853466180061827
33013,2020-09-13,2.0,2020-08-23,19.752759799957275,3.2858531075847397
33013,2020-09-20,3.0,2020-08-23,19.762419033050538,3.8463124702720113
33015,2020-08-30,0.0,2020-08-23,65.94310966491699,7.787966053563921
33015,2020-09-06,1.0,2020-08-23,74.95699996948242,9.69109468491503
33015,2020-09-13,2.0,2020-08-23,78.54892692565917,11.539822072899742
33015,2020-09-20,3.0,2020-08-23,80.46020919799804,13.20729326344163
33017,2020-08-30,0.0,2020-08-23,12.856558752059936,1.689076378960643
33017,2020-09-06,1.0,2020-08-23,15.00553521156311,2.3508278761623376
33017,2020-09-13,2.0,2020-08-23,15.819848136901856,2.6713834641552734
33017,2020-09-20,3.0,2020-08-23,16.51345724105835,2.502822259759193
33019,2020-08-30,0.0,2020-08-23,2.5427040672302246,0.38682632492882285
33019,2020-09-06,1.0,2020-08-23,2.683436074256897,0.44691077995127865
33019,2020-09-13,2.0,2020-08-23,2.558745400905609,0.45874148141019955
33019,2020-09-20,3.0,2020-08-23,2.5531140208244323,0.4395358517422541
25001,2020-08-30,0.0,2020-08-23,35.450338973999024,7.352157828941353
25001,2020-09-06,1.0,2020-08-23,44.694286041259765,10.199035450853362
25001,2020-09-13,2.0,2020-08-23,51.39194076538086,13.728706371885329
25001,2020-09-20,3.0,2020-08-23,58.27489837646485,15.559082677463286
25003,2020-08-30,0.0,2020-08-23,34.40884437561035,5.2594679025325535
25003,2020-09-06,1.0,2020-08-23,42.27001663208008,7.1933633739520015
25003,2020-09-13,2.0,2020-08-23,46.826486320495604,8.953725494686708
25003,2020-09-20,3.0,2020-08-23,48.19834014892578,11.77292759604815
25005,2020-08-30,0.0,2020-08-23,231.46140472412108,34.70028373726822
25005,2020-09-06,1.0,2020-08-23,289.664440612793,56.08638297587889
25005,2020-09-13,2.0,2020-08-23,336.46759521484375,78.7600534106439
25005,2020-09-20,3.0,2020-08-23,374.76768981933594,99.95329084561244
25007,2020-08-30,0.0,2020-08-23,0.06788015440106392,0.03054354030751207
25007,2020-09-06,1.0,2020-08-23,0.12668606489896775,0.03892734856144168
25007,2020-09-13,2.0,2020-08-23,0.17822058394551277,0.04881444473273683
25007,2020-09-20,3.0,2020-08-23,0.2253941436111927,0.05857990029277283
25009,2020-08-30,0.0,2020-08-23,484.58733032226564,75.15676382245795
25009,2020-09-06,1.0,2020-08-23,621.7298602294921,139.0150345543692
25009,2020-09-13,2.0,2020-08-23,686.1913815307618,209.69373758820035
25009,2020-09-20,3.0,2020-08-23,744.9871691894531,254.4760767882357
25011,2020-08-30,0.0,2020-08-23,12.891229743957519,1.4765068433020072
25011,2020-09-06,1.0,2020-08-23,15.931288852691651,3.2643094992251327
25011,2020-09-13,2.0,2020-08-23,17.414307613372802,4.205104749966648
25011,2020-09-20,3.0,2020-08-23,18.620573053359987,5.017587616860924
25013,2020-08-30,0.0,2020-08-23,167.71014877319337,25.841292650383288
25013,2020-09-06,1.0,2020-08-23,218.98452590942384,45.85967129831758
25013,2020-09-13,2.0,2020-08-23,256.43240447998045,58.98090739247217
25013,2020-09-20,3.0,2020-08-23,276.89106414794924,60.509836311086175
25015,2020-08-30,0.0,2020-08-23,54.0577889251709,6.992448650861675
25015,2020-09-06,1.0,2020-08-23,61.53117424011231,12.459476615608436
25015,2020-09-13,2.0,2020-08-23,65.13186367034912,15.229560773476877
25015,2020-09-20,3.0,2020-08-23,62.70713722229004,14.743355598809917
25017,2020-08-30,0.0,2020-08-23,724.8706829833984,116.04920002618675
25017,2020-09-06,1.0,2020-08-23,943.5006384277344,164.74188628409445
25017,2020-09-13,2.0,2020-08-23,1109.869690551758,231.61430512910968
25017,2020-09-20,3.0,2020-08-23,1215.2976904296875,281.9164883125674
25019,2020-08-30,0.0,2020-08-23,0.07187863692641258,0.026456780395672563
25019,2020-09-06,1.0,2020-08-23,0.13533203810453415,0.037470136750190175
25019,2020-09-13,2.0,2020-08-23,0.1981525917351246,0.05069269448591142
25019,2020-09-20,3.0,2020-08-23,0.24753051310777663,0.055963620109465526
25021,2020-08-30,0.0,2020-08-23,234.3260125732422,41.549306321332224
25021,2020-09-06,1.0,2020-08-23,320.1643304443359,66.61320838828946
25021,2020-09-13,2.0,2020-08-23,376.8376452636719,74.16832756818332
25021,2020-09-20,3.0,2020-08-23,420.3539324951172,102.38927042076256
25023,2020-08-30,0.0,2020-08-23,241.3423602294922,40.03912962578347
25023,2020-09-06,1.0,2020-08-23,331.4032916259766,73.16513407340544
25023,2020-09-13,2.0,2020-08-23,406.21376037597656,87.65360574330357
25023,2020-09-20,3.0,2020-08-23,469.84233337402344,102.81377389236567
25025,2020-08-30,0.0,2020-08-23,806.063744506836,148.87817648073496
25025,2020-09-06,1.0,2020-08-23,996.0178930664063,209.60862450956466
25025,2020-09-13,2.0,2020-08-23,1132.4009423828124,294.7546769967524
25025,2020-09-20,3.0,2020-08-23,1199.1258795166016,370.44129387154675
25027,2020-08-30,0.0,2020-08-23,272.26217010498044,46.39746852906967
25027,2020-09-06,1.0,2020-08-23,374.57504180908205,70.1499683340818
25027,2020-09-13,2.0,2020-08-23,437.02010009765627,95.78362281118764
25027,2020-09-20,3.0,2020-08-23,482.8284832763672,137.40450163964692
04001,2020-08-30,0.0,2020-08-23,72.70140747070313,5.680559749726981
04001,2020-09-06,1.0,2020-08-23,92.06823440551757,7.258744680752221
04001,2020-09-13,2.0,2020-08-23,114.6220263671875,11.911238727173446
04001,2020-09-20,3.0,2020-08-23,131.9495640563965,19.932326913420933
04003,2020-08-30,0.0,2020-08-23,44.81674499511719,2.969973259750537
04003,2020-09-06,1.0,2020-08-23,59.755857391357424,7.705403197832314
04003,2020-09-13,2.0,2020-08-23,80.6345287322998,9.330630295414263
04003,2020-09-20,3.0,2020-08-23,94.68170791625977,14.109049151230394
04005,2020-08-30,0.0,2020-08-23,102.93923431396485,9.59566366906604
04005,2020-09-06,1.0,2020-08-23,124.71922653198243,13.92609817267839
04005,2020-09-13,2.0,2020-08-23,143.1107635498047,21.913904605779617
04005,2020-09-20,3.0,2020-08-23,158.06058303833007,29.466338297896016
04007,2020-08-30,0.0,2020-08-23,40.90807319641113,4.392353996588974
04007,2020-09-06,1.0,2020-08-23,41.749716148376464,4.249276371096852
04007,2020-09-13,2.0,2020-08-23,50.28456634521484,6.755383018643703
04007,2020-09-20,3.0,2020-08-23,53.43779289245605,9.040997993038037
04009,2020-08-30,0.0,2020-08-23,52.96308601379395,6.5976060993773205
04009,2020-09-06,1.0,2020-08-23,51.02834846496582,7.040895870155255
04009,2020-09-13,2.0,2020-08-23,51.33846351623535,10.050325930461435
04009,2020-09-20,3.0,2020-08-23,52.9451252746582,9.365993798495824
04011,2020-08-30,0.0,2020-08-23,1.3703974390029907,0.5604857057187468
04011,2020-09-06,1.0,2020-08-23,2.145800623893738,0.6590440052706174
04011,2020-09-13,2.0,2020-08-23,2.996353120803833,0.7740784102250567
04011,2020-09-20,3.0,2020-08-23,3.925639247894287,0.8521666371447197
04012,2020-08-30,0.0,2020-08-23,8.731952600479126,2.1730725261182453
04012,2020-09-06,1.0,2020-08-23,11.706939086914062,2.861378479793189
04012,2020-09-13,2.0,2020-08-23,16.80840742111206,3.4372891835853494
04012,2020-09-20,3.0,2020-08-23,22.172263164520263,3.6348716954620923
04013,2020-08-30,0.0,2020-08-23,3407.790625,325.97583082715835
04013,2020-09-06,1.0,2020-08-23,4284.666552734375,481.1003787551797
04013,2020-09-13,2.0,2020-08-23,5578.841313476562,800.3492568906237
04013,2020-09-20,3.0,2020-08-23,6741.558564453125,792.5215716690483
04015,2020-08-30,0.0,2020-08-23,143.02634338378905,13.964563790652242
04015,2020-09-06,1.0,2020-08-23,167.95176651000978,18.203908483079676
04015,2020-09-13,2.0,2020-08-23,184.5122805786133,26.78215709740816
04015,2020-09-20,3.0,2020-08-23,206.26927322387695,34.332128522005554
04017,2020-08-30,0.0,2020-08-23,117.32627136230468,10.681716966402188
04017,2020-09-06,1.0,2020-08-23,155.35725372314454,13.986210877294452
04017,2020-09-13,2.0,2020-08-23,178.08500396728516,22.633958825810865
04017,2020-09-20,3.0,2020-08-23,201.27535858154297,30.391948776178214
04019,2020-08-30,0.0,2020-08-23,775.2580187988282,68.51830619810346
04019,2020-09-06,1.0,2020-08-23,818.3552978515625,95.86636884052098
04019,2020-09-13,2.0,2020-08-23,912.8201684570313,140.36981589760552
04019,2020-09-20,3.0,2020-08-23,962.4354296875,165.01455656114766
04021,2020-08-30,0.0,2020-08-23,475.92522583007815,48.8979185038139
04021,2020-09-06,1.0,2020-08-23,506.80931396484374,69.1741309951278
04021,2020-09-13,2.0,2020-08-23,560.4025659179688,84.19727097393758
04021,2020-09-20,3.0,2020-08-23,588.8282830810547,102.17552654907692
04023,2020-08-30,0.0,2020-08-23,36.23158885955811,10.693443863360713
04023,2020-09-06,1.0,2020-08-23,46.72048171997071,15.786513800419545
04023,2020-09-13,2.0,2020-08-23,66.45712127685547,19.775524502041677
04023,2020-09-20,3.0,2020-08-23,93.77375953674317,26.76337957129462
04025,2020-08-30,0.0,2020-08-23,71.07155647277833,7.11284403226976
04025,2020-09-06,1.0,2020-08-23,78.922806930542,11.230409082696813
04025,2020-09-13,2.0,2020-08-23,93.95065925598145,14.908914523486324
04025,2020-09-20,3.0,2020-08-23,103.68610580444336,14.174468678910983
04027,2020-08-30,0.0,2020-08-23,280.92411529541016,22.870710649514507
04027,2020-09-06,1.0,2020-08-23,362.2792950439453,41.45322390459094
04027,2020-09-13,2.0,2020-08-23,464.77484436035155,51.94844414339927
04027,2020-09-20,3.0,2020-08-23,517.0917333984376,63.519753848054386
32001,2020-08-30,0.0,2020-08-23,3.762921109199524,0.4316703497798969
32001,2020-09-06,1.0,2020-08-23,3.9096267414093018,0.47390495956731393
32001,2020-09-13,2.0,2020-08-23,4.428041319847107,0.5985840277125144
32001,2020-09-20,3.0,2020-08-23,5.007463536262512,0.7421008429788758
32003,2020-08-30,0.0,2020-08-23,2755.323505859375,417.95094551653415
32003,2020-09-06,1.0,2020-08-23,2620.0317651367186,445.3032482544858
32003,2020-09-13,2.0,2020-08-23,2564.9982763671874,357.66819226169275
32003,2020-09-20,3.0,2020-08-23,2505.348854980469,383.39316703165355
32005,2020-08-30,0.0,2020-08-23,14.830590171813965,1.7940991083782272
32005,2020-09-06,1.0,2020-08-23,14.209781465530396,2.3005050563182294
32005,2020-09-13,2.0,2020-08-23,14.874019966125488,2.080357325157514
32005,2020-09-20,3.0,2020-08-23,14.66461103439331,2.441723197585394
32007,2020-08-30,0.0,2020-08-23,54.683182373046876,9.53361923349233
32007,2020-09-06,1.0,2020-08-23,47.08579814910889,8.791108538859849
32007,2020-09-13,2.0,2020-08-23,41.23769924163818,8.162766118431072
32007,2020-09-20,3.0,2020-08-23,37.72161922454834,7.590114994214183
32009,2020-08-30,0.0,2020-08-23,0.08261724814772606,0.02383812741190371
32009,2020-09-06,1.0,2020-08-23,0.12057217672467231,0.02349287158065963
32009,2020-09-13,2.0,2020-08-23,0.14964293524622918,0.02528377974860613
32009,2020-09-20,3.0,2020-08-23,0.1881227022409439,0.02451189515254278
32011,2020-08-30,0.0,2020-08-23,0.4471524000167847,0.06263827410503492
32011,2020-09-06,1.0,2020-08-23,0.4801088243722916,0.059580769267981046
32011,2020-09-13,2.0,2020-08-23,0.5076519703865051,0.06595147310658939
32011,2020-09-20,3.0,2020-08-23,0.5710056221485138,0.06652720835121721
32013,2020-08-30,0.0,2020-08-23,4.74550323009491,0.5068232361697558
32013,2020-09-06,1.0,2020-08-23,5.399475502967834,0.6537989427807556
32013,2020-09-13,2.0,2020-08-23,5.862982692718506,0.7463097227039258
32013,2020-09-20,3.0,2020-08-23,5.9504788303375244,0.845603078115582
32015,2020-08-30,0.0,2020-08-23,3.582112293243408,0.5331008394931145
32015,2020-09-06,1.0,2020-08-23,3.5238907766342162,0.5107890854297615
32015,2020-09-13,2.0,2020-08-23,3.579186406135559,0.519201844166464
32015,2020-09-20,3.0,2020-08-23,3.557000160217285,0.5270435064652017
32017,2020-08-30,0.0,2020-08-23,0.48841120302677155,0.05472287387538792
32017,2020-09-06,1.0,2020-08-23,0.533278477191925,0.071698041902247
32017,2020-09-13,2.0,2020-08-23,0.5340526300668716,0.0760632850068146
32017,2020-09-20,3.0,2020-08-23,0.5852862650156021,0.07751919603845252
32019,2020-08-30,0.0,2020-08-23,20.674332180023193,3.5648521279670455
32019,2020-09-06,1.0,2020-08-23,18.729288730621338,3.3951810380252687
32019,2020-09-13,2.0,2020-08-23,17.273609428405763,3.309566207865564
32019,2020-09-20,3.0,2020-08-23,16.48357593536377,2.8770581650018126
32021,2020-08-30,0.0,2020-08-23,0.5064593178033828,0.06839327543414024
32021,2020-09-06,1.0,2020-08-23,0.6557065767049789,0.09243007071265995
32021,2020-09-13,2.0,2020-08-23,0.7456467819213867,0.09173101547117468
32021,2020-09-20,3.0,2020-08-23,0.8584921956062317,0.11035759812672816
32023,2020-08-30,0.0,2020-08-23,19.848505744934084,1.9492596061580112
32023,2020-09-06,1.0,2020-08-23,20.799259700775146,2.585122954797694
32023,2020-09-13,2.0,2020-08-23,21.70646114349365,2.5124608438237392
32023,2020-09-20,3.0,2020-08-23,22.154377765655518,3.699656720070665
32027,2020-08-30,0.0,2020-08-23,1.5792405819892883,0.2329087020459958
32027,2020-09-06,1.0,2020-08-23,1.370623551607132,0.23642330195917202
32027,2020-09-13,2.0,2020-08-23,1.3156497931480409,0.22548329609236145
32027,2020-09-20,3.0,2020-08-23,1.2197038948535919,0.23208028458916655
32029,2020-08-30,0.0,2020-08-23,0.2787764352560043,0.03914203121077567
32029,2020-09-06,1.0,2020-08-23,0.2800137919187546,0.045143411485182416
32029,2020-09-13,2.0,2020-08-23,0.34907269954681397,0.0427027330790984
32029,2020-09-20,3.0,2020-08-23,0.42071109235286713,0.05973231973178377
32031,2020-08-30,0.0,2020-08-23,342.57084564208986,54.479886404075195
32031,2020-09-06,1.0,2020-08-23,309.30867462158204,43.7117624772393
32031,2020-09-13,2.0,2020-08-23,275.0187677001953,52.00744573566427
32031,2020-09-20,3.0,2020-08-23,255.14022186279297,37.72253360775161
32033,2020-08-30,0.0,2020-08-23,2.486798725128174,0.28976283193327423
32033,2020-09-06,1.0,2020-08-23,2.5554465770721437,0.3226421477451643
32033,2020-09-13,2.0,2020-08-23,2.523462371826172,0.3453448078218871
32033,2020-09-20,3.0,2020-08-23,2.5719677448272704,0.38233095957290303
32510,2020-08-30,0.0,2020-08-23,19.370957832336426,2.4370187705193938
32510,2020-09-06,1.0,2020-08-23,18.031071414947508,2.5629993421077844
32510,2020-09-13,2.0,2020-08-23,16.328210945129396,2.2655936538210493
32510,2020-09-20,3.0,2020-08-23,16.05496253967285,2.454420339733252
                                                                                                                                                                                                                                                                           201953
34003,2020-08-30,0.0,2020-08-23,359.6649951171875,143.38201334348102
34003,2020-09-06,1.0,2020-08-23,609.6826019287109,333.72154562089617
34003,2020-09-13,2.0,2020-08-23,921.797197265625,511.9071625319836
34003,2020-09-20,3.0,2020-08-23,1089.0544110107421,534.2017427183464
34005,2020-08-30,0.0,2020-08-23,103.36140319824219,19.300681005221314
34005,2020-09-06,1.0,2020-08-23,98.28620727539062,20.85677408015046
34005,2020-09-13,2.0,2020-08-23,93.07364501953126,21.69625420846022
34005,2020-09-20,3.0,2020-08-23,95.58612930297852,23.151473892360862
34007,2020-08-30,0.0,2020-08-23,147.68489791870118,21.0108375509464
34007,2020-09-06,1.0,2020-08-23,143.90478240966797,28.060139091968864
34007,2020-09-13,2.0,2020-08-23,135.51321502685548,29.590473113492497
34007,2020-09-20,3.0,2020-08-23,142.03625228881836,34.03184904277403
34009,2020-08-30,0.0,2020-08-23,18.10791135787964,2.6881955539790408
34009,2020-09-06,1.0,2020-08-23,16.7196368598938,3.063814208129079
34009,2020-09-13,2.0,2020-08-23,15.899479751586915,3.477638747067997
34009,2020-09-20,3.0,2020-08-23,15.008628273010254,3.276985173926315
34011,2020-08-30,0.0,2020-08-23,56.21101325988769,12.975372091354465
34011,2020-09-06,1.0,2020-08-23,57.64267768859863,14.190049003819396
34011,2020-09-13,2.0,2020-08-23,59.18822265625,16.36273600002785
34011,2020-09-20,3.0,2020-08-23,61.37167243957519,18.068740274990834
34013,2020-08-30,0.0,2020-08-23,315.300751953125,110.07590410278105
34013,2020-09-06,1.0,2020-08-23,527.1550799560547,244.10637420205782
34013,2020-09-13,2.0,2020-08-23,769.1844219970703,385.2858823903588
34013,2020-09-20,3.0,2020-08-23,905.0072680664063,431.6652855225566
34015,2020-08-30,0.0,2020-08-23,91.72663467407227,5.870248292732675
34015,2020-09-06,1.0,2020-08-23,75.01433486938477,5.85258865654289
34015,2020-09-13,2.0,2020-08-23,63.68428955078125,7.652739446317247
34015,2020-09-20,3.0,2020-08-23,58.65638000488281,9.884590389371391
34017,2020-08-30,0.0,2020-08-23,285.1679327392578,129.87549220071998
34017,2020-09-06,1.0,2020-08-23,548.3434637451172,277.12112651051535
34017,2020-09-13,2.0,2020-08-23,965.7232867431641,418.46345313269836
34017,2020-09-20,3.0,2020-08-23,1258.8997985839844,450.7606846474333
34019,2020-08-30,0.0,2020-08-23,23.700070838928223,3.337133519863899
34019,2020-09-06,1.0,2020-08-23,20.783972511291505,3.6845958484383416
34019,2020-09-13,2.0,2020-08-23,20.649602088928223,5.098481134708141
34019,2020-09-20,3.0,2020-08-23,19.92307294845581,5.36635249386667
34021,2020-08-30,0.0,2020-08-23,105.0893768310547,36.485988573181885
34021,2020-09-06,1.0,2020-08-23,153.46008819580078,59.521434718041974
34021,2020-09-13,2.0,2020-08-23,222.63591613769532,89.73833747988573
34021,2020-09-20,3.0,2020-08-23,260.44962356567385,111.07019740591217
34023,2020-08-30,0.0,2020-08-23,255.7848336791992,78.4174708846729
34023,2020-09-06,1.0,2020-08-23,363.01769653320315,151.18221734620542
34023,2020-09-13,2.0,2020-08-23,517.2216058349609,255.17676205375926
34023,2020-09-20,3.0,2020-08-23,613.6837524414062,293.1947035548719
34025,2020-08-30,0.0,2020-08-23,175.1822952270508,66.21676403016987
34025,2020-09-06,1.0,2020-08-23,243.8230352783203,117.09139847467482
34025,2020-09-13,2.0,2020-08-23,315.6537600708008,161.23099239348576
34025,2020-09-20,3.0,2020-08-23,340.0692385864258,165.07923494943836
34027,2020-08-30,0.0,2020-08-23,133.07228393554686,56.26159486281982
34027,2020-09-06,1.0,2020-08-23,218.72401641845704,110.26841042041195
34027,2020-09-13,2.0,2020-08-23,325.0730950927734,177.03064213720873
34027,2020-09-20,3.0,2020-08-23,382.7177809143066,192.53769317416206
34029,2020-08-30,0.0,2020-08-23,210.27291412353514,35.69902963485845
34029,2020-09-06,1.0,2020-08-23,205.66250671386717,55.178408233647154
34029,2020-09-13,2.0,2020-08-23,211.33177398681642,54.366787028896404
34029,2020-09-20,3.0,2020-08-23,202.41803268432616,51.61034027284948
34031,2020-08-30,0.0,2020-08-23,254.8865832519531,96.75183588469349
34031,2020-09-06,1.0,2020-08-23,359.4764923095703,134.87979710107209
34031,2020-09-13,2.0,2020-08-23,491.15239990234375,208.53619149001372
34031,2020-09-20,3.0,2020-08-23,588.8554663085938,261.90253209544267
34033,2020-08-30,0.0,2020-08-23,21.591504249572754,3.1461954065967683
34033,2020-09-06,1.0,2020-08-23,20.07241823196411,3.8600817979071818
34033,2020-09-13,2.0,2020-08-23,18.71126792907715,4.147044964051644
34033,2020-09-20,3.0,2020-08-23,19.27730028152466,5.252156607010684
34035,2020-08-30,0.0,2020-08-23,90.94817626953125,35.35671555501071
34035,2020-09-06,1.0,2020-08-23,156.7850779724121,71.19257876871697
34035,2020-09-13,2.0,2020-08-23,234.62460678100587,107.60499112493395
34035,2020-09-20,3.0,2020-08-23,274.4864093017578,109.6977818276281
34037,2020-08-30,0.0,2020-08-23,32.172356147766116,6.978808663755414
34037,2020-09-06,1.0,2020-08-23,40.61780830383301,12.366132481983591
34037,2020-09-13,2.0,2020-08-23,37.62835056304932,13.339147275583171
34037,2020-09-20,3.0,2020-08-23,37.002025299072265,11.85715197681397
34039,2020-08-30,0.0,2020-08-23,256.8565118408203,108.38961852007282
34039,2020-09-06,1.0,2020-08-23,477.74591857910156,227.42249624202302
34039,2020-09-13,2.0,2020-08-23,828.2366583251953,381.09770337111803
34039,2020-09-20,3.0,2020-08-23,1041.920132446289,413.44054852973267
34041,2020-08-30,0.0,2020-08-23,19.934180736541748,6.862323718200911
34041,2020-09-06,1.0,2020-08-23,31.0672159576416,9.984617697858612
34041,2020-09-13,2.0,2020-08-23,43.854200477600095,16.56139618702881
34041,2020-09-20,3.0,2020-08-23,51.2444421005249,21.899199095878235
