fips,fct_date,horizon,avl_date,method,value,fct_std
1001,2020-08-09,0,2020-08-02,spatial,196.42848394302453,333.61400959715013
1001,2020-08-16,1,2020-08-02,spatial,171.51937388214947,264.1458340400421
1001,2020-08-23,2,2020-08-02,spatial,159.54209221917066,184.35661191923995
1001,2020-08-30,3,2020-08-02,spatial,132.0531490728292,131.49013986790473
1003,2020-08-09,0,2020-08-02,spatial,789.2648692325423,1173.1970655269529
1003,2020-08-16,1,2020-08-02,spatial,836.2865066165651,729.3564434261241
1003,2020-08-23,2,2020-08-02,spatial,735.6129842900767,1080.3777943697999
1003,2020-08-30,3,2020-08-02,spatial,878.6191750989983,1470.5801343081241
1005,2020-08-09,0,2020-08-02,spatial,29.838938041009307,37.49356833077697
1005,2020-08-16,1,2020-08-02,spatial,33.60985014481849,55.1767880879629
1005,2020-08-23,2,2020-08-02,spatial,30.181308418237748,45.059830701709394
1005,2020-08-30,3,2020-08-02,spatial,22.0395565923944,17.80504007807983
1007,2020-08-09,0,2020-08-02,spatial,113.34178244573927,161.39498910285903
1007,2020-08-16,1,2020-08-02,spatial,110.015284221006,146.41112040768328
1007,2020-08-23,2,2020-08-02,spatial,137.36752276368745,223.77252429580605
1007,2020-08-30,3,2020-08-02,spatial,99.19331774301406,123.35618073815144
1009,2020-08-09,0,2020-08-02,spatial,154.32862860240238,231.68999215098233
1009,2020-08-16,1,2020-08-02,spatial,165.59773264478295,280.6767316697116
1009,2020-08-23,2,2020-08-02,spatial,146.87611828900455,219.80353074820235
1009,2020-08-30,3,2020-08-02,spatial,158.55332782114854,252.1156355786272
1011,2020-08-09,0,2020-08-02,spatial,52.6130970608058,91.88327881595896
1011,2020-08-16,1,2020-08-02,spatial,53.08422738369318,73.1226922199557
1011,2020-08-23,2,2020-08-02,spatial,45.356685527275744,61.45587097758605
1011,2020-08-30,3,2020-08-02,spatial,40.650089283937255,48.936304162714436
1013,2020-08-09,0,2020-08-02,spatial,24.820829802460647,31.80515828852461
1013,2020-08-16,1,2020-08-02,spatial,22.493039603116266,12.74857958905347
1013,2020-08-23,2,2020-08-02,spatial,25.58974701284236,14.077998394576454
1013,2020-08-30,3,2020-08-02,spatial,28.612263237011753,50.14583220506039
1015,2020-08-09,0,2020-08-02,spatial,530.1592601002536,656.7604724018845
1015,2020-08-16,1,2020-08-02,spatial,605.7012812051628,898.6784940993456
1015,2020-08-23,2,2020-08-02,spatial,666.2525529999231,1212.3944640338968
1015,2020-08-30,3,2020-08-02,spatial,544.4996233828067,706.4807409655772
1017,2020-08-09,0,2020-08-02,spatial,53.821362433381005,69.242045333598
1017,2020-08-16,1,2020-08-02,spatial,53.123314099240034,73.2999887550687
1017,2020-08-23,2,2020-08-02,spatial,51.31331177422693,70.91718389964616
1017,2020-08-30,3,2020-08-02,spatial,45.655704805489286,45.55560543477613
1019,2020-08-09,0,2020-08-02,spatial,102.11282482398651,177.64254930067517
1019,2020-08-16,1,2020-08-02,spatial,97.29375029623228,176.82410715764283
1019,2020-08-23,2,2020-08-02,spatial,95.66957045407007,144.58583839749392
1019,2020-08-30,3,2020-08-02,spatial,100.2895340530708,154.77896252836382
1021,2020-08-09,0,2020-08-02,spatial,231.11423498536803,368.32869149167396
1021,2020-08-16,1,2020-08-02,spatial,216.92764147805028,377.8353996425145
1021,2020-08-23,2,2020-08-02,spatial,202.7383140505632,324.327946492822
1021,2020-08-30,3,2020-08-02,spatial,188.19320415625663,213.1949552818916
1023,2020-08-09,0,2020-08-02,spatial,10.68055489256649,6.58519676404891
1023,2020-08-16,1,2020-08-02,spatial,11.028321272551864,8.065440429662733
1023,2020-08-23,2,2020-08-02,spatial,15.669903947485034,20.798915600816073
1023,2020-08-30,3,2020-08-02,spatial,16.407929080252377,25.57824723151929
1025,2020-08-09,0,2020-08-02,spatial,290.6942402206738,340.9081976340953
1025,2020-08-16,1,2020-08-02,spatial,375.96031506562696,630.7008354539928
1025,2020-08-23,2,2020-08-02,spatial,227.70547776820945,197.70260397529472
1025,2020-08-30,3,2020-08-02,spatial,369.96012889300897,604.5152696935663
1027,2020-08-09,0,2020-08-02,spatial,124.01567092822323,318.8856620645292
1027,2020-08-16,1,2020-08-02,spatial,120.70183050194193,272.2047354930756
1027,2020-08-23,2,2020-08-02,spatial,115.04521790382414,199.4594952531277
1027,2020-08-30,3,2020-08-02,spatial,79.66469599885926,89.91833624175936
1029,2020-08-09,0,2020-08-02,spatial,34.398644668532114,68.15929366847668
1029,2020-08-16,1,2020-08-02,spatial,27.252473267099518,42.502668367188036
1029,2020-08-23,2,2020-08-02,spatial,21.56518444032572,26.31624666209596
1029,2020-08-30,3,2020-08-02,spatial,24.88098424831334,36.659091148454024
1031,2020-08-09,0,2020-08-02,spatial,109.407494676223,136.67581395110707
1031,2020-08-16,1,2020-08-02,spatial,115.91932083083825,219.9312968262103
1031,2020-08-23,2,2020-08-02,spatial,113.54082865356285,154.6098771629416
1031,2020-08-30,3,2020-08-02,spatial,102.34064321202013,143.3153245261319
1033,2020-08-09,0,2020-08-02,spatial,263.70431680592003,727.8239489556939
1033,2020-08-16,1,2020-08-02,spatial,197.36544652304372,241.18434793795848
1033,2020-08-23,2,2020-08-02,spatial,178.37573181680474,201.24681369093904
1033,2020-08-30,3,2020-08-02,spatial,196.34880079798214,249.54887473778584
1035,2020-08-09,0,2020-08-02,spatial,36.39426314372443,44.709106028269844
1035,2020-08-16,1,2020-08-02,spatial,46.15144288701993,65.52245828209317
1035,2020-08-23,2,2020-08-02,spatial,43.11559116398257,64.48807898343765
1035,2020-08-30,3,2020-08-02,spatial,40.23957300735683,52.63117017717364
1037,2020-08-09,0,2020-08-02,spatial,10.961043162536173,5.7985425655656835
1037,2020-08-16,1,2020-08-02,spatial,17.98476571189033,20.65571378240654
1037,2020-08-23,2,2020-08-02,spatial,16.300997304878102,19.372526658576906
1037,2020-08-30,3,2020-08-02,spatial,19.729722739962643,26.23118437446177
1039,2020-08-09,0,2020-08-02,spatial,116.49451688108908,251.2178292713023
1039,2020-08-16,1,2020-08-02,spatial,88.98334317502096,140.1930116494028
1039,2020-08-23,2,2020-08-02,spatial,70.6136801609361,65.46752709834875
1039,2020-08-30,3,2020-08-02,spatial,77.3551194792105,94.11846225190376
1041,2020-08-09,0,2020-08-02,spatial,65.74177088942673,100.78708768476248
1041,2020-08-16,1,2020-08-02,spatial,62.99444421101615,83.60063528470866
1041,2020-08-23,2,2020-08-02,spatial,53.76071477849648,61.787610261399784
1041,2020-08-30,3,2020-08-02,spatial,48.729299703939006,50.643924724290066
1043,2020-08-09,0,2020-08-02,spatial,332.34778425725835,753.6178641028139
1043,2020-08-16,1,2020-08-02,spatial,251.35365402093345,397.40488611273673
1043,2020-08-23,2,2020-08-02,spatial,247.55401339620659,374.471115605926
1043,2020-08-30,3,2020-08-02,spatial,181.81686455946837,182.2961059318413
1045,2020-08-09,0,2020-08-02,spatial,146.3484864366479,285.1275456184128
1045,2020-08-16,1,2020-08-02,spatial,124.33477455376313,233.41320104356998
1045,2020-08-23,2,2020-08-02,spatial,155.924310334365,386.98619695570983
1045,2020-08-30,3,2020-08-02,spatial,70.14629005702129,39.025135165560606
1047,2020-08-09,0,2020-08-02,spatial,110.31475640338644,184.954879978886
1047,2020-08-16,1,2020-08-02,spatial,79.90799499110489,93.7413467738585
1047,2020-08-23,2,2020-08-02,spatial,101.31216583218549,156.51780067814943
1047,2020-08-30,3,2020-08-02,spatial,93.2483606892724,130.85627278442257
1049,2020-08-09,0,2020-08-02,spatial,244.63938565287788,280.7713282741488
1049,2020-08-16,1,2020-08-02,spatial,259.02842011891784,371.5786241568822
1049,2020-08-23,2,2020-08-02,spatial,231.7281798250229,297.06099751329543
1049,2020-08-30,3,2020-08-02,spatial,213.56444831484677,209.3874440826638
1051,2020-08-09,0,2020-08-02,spatial,250.13613644214286,340.4273120140038
1051,2020-08-16,1,2020-08-02,spatial,340.09688608571787,571.2216568665866
1051,2020-08-23,2,2020-08-02,spatial,259.99486187654753,365.89568211711526
1051,2020-08-30,3,2020-08-02,spatial,244.4282540830385,261.2357548318981
1053,2020-08-09,0,2020-08-02,spatial,348.3442732630917,757.1539596817349
1053,2020-08-16,1,2020-08-02,spatial,235.00488349597137,487.3295785890909
1053,2020-08-23,2,2020-08-02,spatial,232.43986286263168,399.4052830174168
1053,2020-08-30,3,2020-08-02,spatial,170.38720297271368,178.98025596871742
1055,2020-08-09,0,2020-08-02,spatial,451.1413878651118,711.7524194887964
1055,2020-08-16,1,2020-08-02,spatial,463.4650644857448,765.9354285112248
1055,2020-08-23,2,2020-08-02,spatial,532.6124664136796,1296.0705470955668
1055,2020-08-30,3,2020-08-02,spatial,413.05554907224763,595.0980184708782
1057,2020-08-09,0,2020-08-02,spatial,59.55547136035853,40.74693867990002
1057,2020-08-16,1,2020-08-02,spatial,59.34950377067279,79.22197206711714
1057,2020-08-23,2,2020-08-02,spatial,50.625292999978754,51.737051751079186
1057,2020-08-30,3,2020-08-02,spatial,61.81011108446206,85.57003571336209
1059,2020-08-09,0,2020-08-02,spatial,192.4405774735836,285.92234356978713
1059,2020-08-16,1,2020-08-02,spatial,219.10181099812215,438.33170374591487
1059,2020-08-23,2,2020-08-02,spatial,201.828720667046,299.7148008994808
1059,2020-08-30,3,2020-08-02,spatial,157.7710651485396,188.7847462774397
1061,2020-08-09,0,2020-08-02,spatial,63.863301998380884,70.8338981305003
1061,2020-08-16,1,2020-08-02,spatial,61.290702991003435,62.08376724643149
1061,2020-08-23,2,2020-08-02,spatial,66.01291421795293,89.989797929724
1061,2020-08-30,3,2020-08-02,spatial,72.94786037949306,98.8942046402427
1063,2020-08-09,0,2020-08-02,spatial,19.424857741560785,26.816375952719678
1063,2020-08-16,1,2020-08-02,spatial,16.775008543591884,21.32710125089089
1063,2020-08-23,2,2020-08-02,spatial,17.550571764317013,23.323062712954197
1063,2020-08-30,3,2020-08-02,spatial,19.836783942777164,32.67426468455317
1065,2020-08-09,0,2020-08-02,spatial,31.423191891023478,19.688775225050914
1065,2020-08-16,1,2020-08-02,spatial,33.433061441677715,32.24564621268621
1065,2020-08-23,2,2020-08-02,spatial,62.776857299439484,151.48919197084481
1065,2020-08-30,3,2020-08-02,spatial,42.97376665924567,56.45307374699779
1067,2020-08-09,0,2020-08-02,spatial,32.38636665470604,38.22839101063673
1067,2020-08-16,1,2020-08-02,spatial,33.02909568695215,19.968167279675395
1067,2020-08-23,2,2020-08-02,spatial,30.61779332826448,36.509844595454396
1067,2020-08-30,3,2020-08-02,spatial,30.28253583002035,35.1554900370977
1069,2020-08-09,0,2020-08-02,spatial,169.30786690601195,183.67012398705623
1069,2020-08-16,1,2020-08-02,spatial,219.93142154472943,332.9681291641619
1069,2020-08-23,2,2020-08-02,spatial,239.1287267845629,405.8710089945722
1069,2020-08-30,3,2020-08-02,spatial,181.66617865298508,221.953450682464
1071,2020-08-09,0,2020-08-02,spatial,383.7979042027737,590.6757988390577
1071,2020-08-16,1,2020-08-02,spatial,412.4714321976925,777.2552045439514
1071,2020-08-23,2,2020-08-02,spatial,427.71076648375265,864.8381250021247
1071,2020-08-30,3,2020-08-02,spatial,226.87712644948837,178.23774871372203
1073,2020-08-09,0,2020-08-02,spatial,5759.005267632497,25591.7645026067
1073,2020-08-16,1,2020-08-02,spatial,3963.738682019067,8129.125192197334
1073,2020-08-23,2,2020-08-02,spatial,3316.907622914642,5725.917205870122
1073,2020-08-30,3,2020-08-02,spatial,2775.429595913295,3996.0978202455794
1075,2020-08-09,0,2020-08-02,spatial,51.863529553001186,73.7732906511962
1075,2020-08-16,1,2020-08-02,spatial,51.73251928051485,72.06539238865685
1075,2020-08-23,2,2020-08-02,spatial,57.40701782149647,119.31412661257696
1075,2020-08-30,3,2020-08-02,spatial,52.70536756768985,89.66718550270258
1077,2020-08-09,0,2020-08-02,spatial,234.5430632391452,346.7047299436685
1077,2020-08-16,1,2020-08-02,spatial,146.34956536810228,106.0930576250489
1077,2020-08-23,2,2020-08-02,spatial,168.38758386881284,150.28259061811536
1077,2020-08-30,3,2020-08-02,spatial,177.65765720506678,188.00381386439804
1079,2020-08-09,0,2020-08-02,spatial,98.23392561488384,158.10502292217694
1079,2020-08-16,1,2020-08-02,spatial,89.57166545049247,121.97912819823318
1079,2020-08-23,2,2020-08-02,spatial,90.58773918304294,135.83770810012604
1079,2020-08-30,3,2020-08-02,spatial,76.36876185554141,90.82927276902831
1081,2020-08-09,0,2020-08-02,spatial,360.23239518970007,577.7531986027252
1081,2020-08-16,1,2020-08-02,spatial,245.2767265361635,158.35864819096474
1081,2020-08-23,2,2020-08-02,spatial,249.57384299558768,154.68723422284657
1081,2020-08-30,3,2020-08-02,spatial,303.2513512177488,339.11806232139236
1083,2020-08-09,0,2020-08-02,spatial,290.3847282469019,425.6470475343695
1083,2020-08-16,1,2020-08-02,spatial,306.2174303937772,449.3617768286074
1083,2020-08-23,2,2020-08-02,spatial,186.4771631695512,118.7834455757175
1083,2020-08-30,3,2020-08-02,spatial,281.88477298501897,357.3008534012385
1085,2020-08-09,0,2020-08-02,spatial,61.85201118131548,125.53433620046805
1085,2020-08-16,1,2020-08-02,spatial,48.155910362184066,99.88398243687769
1085,2020-08-23,2,2020-08-02,spatial,37.453807172798854,52.15069785875304
1085,2020-08-30,3,2020-08-02,spatial,48.29409278953522,90.98872127513658
1087,2020-08-09,0,2020-08-02,spatial,63.897688222318465,114.06185442578129
1087,2020-08-16,1,2020-08-02,spatial,60.59475057406289,104.18287007032907
1087,2020-08-23,2,2020-08-02,spatial,57.6989406576528,121.26809677987718
1087,2020-08-30,3,2020-08-02,spatial,50.83458003752357,66.12737244733651
1089,2020-08-09,0,2020-08-02,spatial,748.6441081087726,920.7334240885173
1089,2020-08-16,1,2020-08-02,spatial,1165.951162822444,2550.093395615637
1089,2020-08-23,2,2020-08-02,spatial,992.2651934791802,1622.0006540357606
1089,2020-08-30,3,2020-08-02,spatial,501.8827072083758,372.1813956601683
1091,2020-08-09,0,2020-08-02,spatial,81.60271335786052,113.65960716223223
1091,2020-08-16,1,2020-08-02,spatial,133.75172987572392,376.5976619819151
1091,2020-08-23,2,2020-08-02,spatial,86.98659389040209,131.8623369102252
1091,2020-08-30,3,2020-08-02,spatial,73.7691410183733,87.37894721488004
1093,2020-08-09,0,2020-08-02,spatial,66.00660695252107,85.80741932007517
1093,2020-08-16,1,2020-08-02,spatial,75.45217963013927,114.61129942741177
1093,2020-08-23,2,2020-08-02,spatial,50.6238033680818,39.75414771439132
1093,2020-08-30,3,2020-08-02,spatial,50.75749058872889,41.5050557997014
1095,2020-08-09,0,2020-08-02,spatial,282.58658737297117,158.53785260795303
1095,2020-08-16,1,2020-08-02,spatial,274.403058680004,149.5057160836943
1095,2020-08-23,2,2020-08-02,spatial,430.30397309488717,589.4879127025797
1095,2020-08-30,3,2020-08-02,spatial,424.5680501601047,518.2809675107773
1097,2020-08-09,0,2020-08-02,spatial,3210.460300185105,6973.943671224851
1097,2020-08-16,1,2020-08-02,spatial,2960.8475962341968,5337.350454836334
1097,2020-08-23,2,2020-08-02,spatial,2348.611461731773,2917.6166158129668
1097,2020-08-30,3,2020-08-02,spatial,2297.119611793951,2857.0353601779607
1099,2020-08-09,0,2020-08-02,spatial,64.39464644091696,108.2215052935943
1099,2020-08-16,1,2020-08-02,spatial,70.23751361364434,110.44342817037266
1099,2020-08-23,2,2020-08-02,spatial,56.73314525673578,83.98555534922495
1099,2020-08-30,3,2020-08-02,spatial,51.38622354734061,61.96368761308036
1101,2020-08-09,0,2020-08-02,spatial,942.9776484628177,1302.236972117686
1101,2020-08-16,1,2020-08-02,spatial,1019.5529893867184,1757.2549295394278
1101,2020-08-23,2,2020-08-02,spatial,844.4056477287601,1003.7976649511037
1101,2020-08-30,3,2020-08-02,spatial,884.2231946126099,1040.4377206971922
1103,2020-08-09,0,2020-08-02,spatial,451.1357087268781,854.2271059898761
1103,2020-08-16,1,2020-08-02,spatial,526.4423753262057,989.2767864897716
1103,2020-08-23,2,2020-08-02,spatial,463.5746798168114,780.4954417645042
1103,2020-08-30,3,2020-08-02,spatial,492.2021072922544,941.0935579542096
1105,2020-08-09,0,2020-08-02,spatial,33.01536534328333,43.55145633443753
1105,2020-08-16,1,2020-08-02,spatial,24.07236745829935,15.089787632480268
1105,2020-08-23,2,2020-08-02,spatial,35.39163530507454,52.76552575581749
1105,2020-08-30,3,2020-08-02,spatial,31.586063568627967,37.362490491651286
1107,2020-08-09,0,2020-08-02,spatial,59.939301178380795,89.49443954078217
1107,2020-08-16,1,2020-08-02,spatial,71.16268262708624,121.8590741936018
1107,2020-08-23,2,2020-08-02,spatial,49.34422191848383,55.992779164404276
1107,2020-08-30,3,2020-08-02,spatial,47.83126122425679,55.368002617794744
1109,2020-08-09,0,2020-08-02,spatial,123.10619223019752,228.05836789587173
1109,2020-08-16,1,2020-08-02,spatial,128.58997227216048,193.09598371618716
1109,2020-08-23,2,2020-08-02,spatial,108.80182834813108,190.9499497482473
1109,2020-08-30,3,2020-08-02,spatial,102.3348299996711,152.26552046670471
1111,2020-08-09,0,2020-08-02,spatial,19.28808114657004,13.707763881441586
1111,2020-08-16,1,2020-08-02,spatial,14.795550693848607,17.669255222295828
1111,2020-08-23,2,2020-08-02,spatial,12.786646816340252,13.60803908201524
1111,2020-08-30,3,2020-08-02,spatial,9.825650580133996,5.135171201497082
1113,2020-08-09,0,2020-08-02,spatial,291.9467065221765,426.14494167243487
1113,2020-08-16,1,2020-08-02,spatial,247.80809338368846,218.1052749501256
1113,2020-08-23,2,2020-08-02,spatial,383.9558574489014,823.7506883488461
1113,2020-08-30,3,2020-08-02,spatial,297.667918553026,402.94574393848916
1115,2020-08-09,0,2020-08-02,spatial,328.05186607288863,507.41506254942834
1115,2020-08-16,1,2020-08-02,spatial,288.8392199905625,465.2943462910151
1115,2020-08-23,2,2020-08-02,spatial,295.8565412451188,405.5287231474103
1115,2020-08-30,3,2020-08-02,spatial,273.9240536700227,343.04125218365283
1117,2020-08-09,0,2020-08-02,spatial,529.9915459809157,710.7920451343898
1117,2020-08-16,1,2020-08-02,spatial,457.5754861584674,512.461159004218
1117,2020-08-23,2,2020-08-02,spatial,606.9803742564178,1059.4754906435703
1117,2020-08-30,3,2020-08-02,spatial,555.5555213515332,812.1946300112297
1119,2020-08-09,0,2020-08-02,spatial,2.9000735645729856,2.0469000209438315
1119,2020-08-16,1,2020-08-02,spatial,1.5149475360627225,1.7022523356282582
1119,2020-08-23,2,2020-08-02,spatial,1.4752203745939878,1.5607987206600251
1119,2020-08-30,3,2020-08-02,spatial,1.6266869748838784,2.923707320596283
1121,2020-08-09,0,2020-08-02,spatial,312.69173995011164,581.2669150171738
1121,2020-08-16,1,2020-08-02,spatial,261.15443299627253,382.29355069477805
1121,2020-08-23,2,2020-08-02,spatial,180.9227719289267,156.00617179103602
1121,2020-08-30,3,2020-08-02,spatial,226.72569130666287,266.005196757629
1123,2020-08-09,0,2020-08-02,spatial,148.6073367878493,291.5515118038835
1123,2020-08-16,1,2020-08-02,spatial,93.46331803420841,132.8744382720454
1123,2020-08-23,2,2020-08-02,spatial,90.47528701292536,121.38830533696772
1123,2020-08-30,3,2020-08-02,spatial,76.03827611643288,90.4218823799674
1125,2020-08-09,0,2020-08-02,spatial,500.5213971730426,636.9249790877916
1125,2020-08-16,1,2020-08-02,spatial,411.0676513652153,314.26373594839015
1125,2020-08-23,2,2020-08-02,spatial,379.40410193991465,177.82188350359573
1125,2020-08-30,3,2020-08-02,spatial,450.95046579563416,410.7033780892723
1127,2020-08-09,0,2020-08-02,spatial,145.6374899087389,258.58943775994584
1127,2020-08-16,1,2020-08-02,spatial,130.2194717881862,214.91128054293137
1127,2020-08-23,2,2020-08-02,spatial,111.96382207668077,136.9801146660358
1127,2020-08-30,3,2020-08-02,spatial,116.48563907106258,167.90961114530663
1129,2020-08-09,0,2020-08-02,spatial,158.49415597006114,307.1445393549122
1129,2020-08-16,1,2020-08-02,spatial,201.89060895967785,552.1804656524248
1129,2020-08-23,2,2020-08-02,spatial,154.52161977188214,227.64464860656082
1129,2020-08-30,3,2020-08-02,spatial,123.77581497092687,140.00552120405322
1131,2020-08-09,0,2020-08-02,spatial,51.88608806027335,95.40776428224987
1131,2020-08-16,1,2020-08-02,spatial,22.85016115765682,9.187283744594746
1131,2020-08-23,2,2020-08-02,spatial,38.42539977166,42.3286377127793
1131,2020-08-30,3,2020-08-02,spatial,44.26175019253031,73.63318636447845
1133,2020-08-09,0,2020-08-02,spatial,33.78069930510227,36.72939683987485
1133,2020-08-16,1,2020-08-02,spatial,42.356618901312274,59.88125497825474
1133,2020-08-23,2,2020-08-02,spatial,38.18010309570389,45.44372469066449
1133,2020-08-30,3,2020-08-02,spatial,34.51145526343439,37.76011163874959
2013,2020-08-09,0,2020-08-02,spatial,0.9998270912187665,0.09773794604057164
2013,2020-08-16,1,2020-08-02,spatial,1.073567670509053,0.3940293925646587
2013,2020-08-23,2,2020-08-02,spatial,0.999780034545728,0.0986097759770198
2013,2020-08-30,3,2020-08-02,spatial,1.0062744902359684,0.0976347751225268
2016,2020-08-09,0,2020-08-02,spatial,1.0039613705581851,0.10231039493983393
2016,2020-08-16,1,2020-08-02,spatial,1.0050209244429846,0.10145883744868278
2016,2020-08-23,2,2020-08-02,spatial,1.0048683569030392,0.09976871170699464
2016,2020-08-30,3,2020-08-02,spatial,1.0062438984276534,0.10347350093390867
2020,2020-08-09,0,2020-08-02,spatial,435.32902531547927,374.9771350943962
2020,2020-08-16,1,2020-08-02,spatial,428.6850177096412,481.9231867182953
2020,2020-08-23,2,2020-08-02,spatial,492.9328407422496,234.26612959755403
2020,2020-08-30,3,2020-08-02,spatial,378.7851076041853,204.3600245006578
2050,2020-08-09,0,2020-08-02,spatial,1.2283734860654658,0.1209294907632694
2050,2020-08-16,1,2020-08-02,spatial,1.2296250082360776,0.12007560269178368
2050,2020-08-23,2,2020-08-02,spatial,1.0055627383660353,0.12611130605832854
2050,2020-08-30,3,2020-08-02,spatial,1.0143046729563958,0.12535426304719696
2060,2020-08-09,0,2020-08-02,spatial,1.6057591585520408,0.7194616676640936
2060,2020-08-16,1,2020-08-02,spatial,1.1941328668552025,0.12033269205597792
2060,2020-08-23,2,2020-08-02,spatial,1.199992277462141,0.11765044840571247
2060,2020-08-30,3,2020-08-02,spatial,1.2171282393568503,0.1178479994770502
2068,2020-08-09,0,2020-08-02,spatial,1.0108145872565044,0.10188523725688962
2068,2020-08-16,1,2020-08-02,spatial,1.0114958090687869,0.10492217921856448
2068,2020-08-23,2,2020-08-02,spatial,1.001388996064646,0.098622094621569
2068,2020-08-30,3,2020-08-02,spatial,1.0077314194180214,0.10098590598101133
2070,2020-08-09,0,2020-08-02,spatial,1.0080931697211628,0.10044946785763577
2070,2020-08-16,1,2020-08-02,spatial,1.0049045596694943,0.10221427308944188
2070,2020-08-23,2,2020-08-02,spatial,1.003124995243217,0.1019980131365076
2070,2020-08-30,3,2020-08-02,spatial,1.006926939530854,0.10806470873241407
2090,2020-08-09,0,2020-08-02,spatial,31.57219999785293,18.077573747861802
2090,2020-08-16,1,2020-08-02,spatial,37.05967082920967,3.7224168929149664
2090,2020-08-23,2,2020-08-02,spatial,29.96295607659069,12.469583976068561
2090,2020-08-30,3,2020-08-02,spatial,44.372861459421436,11.534197525753179
2100,2020-08-09,0,2020-08-02,spatial,1.0026273730655733,0.10156798859657283
2100,2020-08-16,1,2020-08-02,spatial,1.0066916857191202,0.12347633668265855
2100,2020-08-23,2,2020-08-02,spatial,1.0078072574991197,0.12287954303992844
2100,2020-08-30,3,2020-08-02,spatial,1.01369756024983,0.12667198057276335
2105,2020-08-09,0,2020-08-02,spatial,1.119817164608422,0.5106123069382323
2105,2020-08-16,1,2020-08-02,spatial,1.0790636901914157,0.5035833479493346
2105,2020-08-23,2,2020-08-02,spatial,1.093506530681631,0.5011130863134862
2105,2020-08-30,3,2020-08-02,spatial,1.008313649534657,0.1005907222278181
2110,2020-08-09,0,2020-08-02,spatial,20.01521479126862,25.89479489104801
2110,2020-08-16,1,2020-08-02,spatial,15.389683960335867,10.28648115067099
2110,2020-08-23,2,2020-08-02,spatial,19.786733857788857,7.366215182987154
2110,2020-08-30,3,2020-08-02,spatial,19.767701199644424,9.853826520062023
2122,2020-08-09,0,2020-08-02,spatial,17.055788257503,6.062373307195959
2122,2020-08-16,1,2020-08-02,spatial,22.07441099744172,2.2157925809230714
2122,2020-08-23,2,2020-08-02,spatial,16.76508004816123,8.490835980650644
2122,2020-08-30,3,2020-08-02,spatial,16.2803526186901,6.962691187235402
2130,2020-08-09,0,2020-08-02,spatial,1.0028667065141874,0.10099798259424901
2130,2020-08-16,1,2020-08-02,spatial,1.0038249589050103,0.10238498469419616
2130,2020-08-23,2,2020-08-02,spatial,1.0531021383598378,0.3595712366424497
2130,2020-08-30,3,2020-08-02,spatial,1.0502967725617418,0.3634404383968539
2150,2020-08-09,0,2020-08-02,spatial,1.0939607641225504,0.4313816388500589
2150,2020-08-16,1,2020-08-02,spatial,1.1352117485109845,0.5493363789726168
2150,2020-08-23,2,2020-08-02,spatial,1.0865752513998594,0.4418190437103436
2150,2020-08-30,3,2020-08-02,spatial,1.0066093329976444,0.09927018251845768
2158,2020-08-09,0,2020-08-02,spatial,1.01045932131693,0.19350863799859927
2158,2020-08-16,1,2020-08-02,spatial,1.0026775274103028,0.09856015399058199
2158,2020-08-23,2,2020-08-02,spatial,1.0053383498199682,0.10124746546322323
2158,2020-08-30,3,2020-08-02,spatial,1.00396744212937,0.10112355776383126
2164,2020-08-09,0,2020-08-02,spatial,1.0069256547518044,0.12074464271171835
2164,2020-08-16,1,2020-08-02,spatial,1.0054573297784892,0.12157211631710473
2164,2020-08-23,2,2020-08-02,spatial,1.0048278414213871,0.12644411336516176
2164,2020-08-30,3,2020-08-02,spatial,0.9986161928055922,0.09725672849972046
2170,2020-08-09,0,2020-08-02,spatial,50.796218984564895,23.15417423414272
2170,2020-08-16,1,2020-08-02,spatial,50.22590685241509,21.399421712614192
2170,2020-08-23,2,2020-08-02,spatial,46.109809395231416,14.854646567257845
2170,2020-08-30,3,2020-08-02,spatial,46.035947923534785,14.527536470558374
2180,2020-08-09,0,2020-08-02,spatial,1.4520598436915182,1.3260066701968507
2180,2020-08-16,1,2020-08-02,spatial,1.3327040361335512,1.0807089945970465
2180,2020-08-23,2,2020-08-02,spatial,1.302504267232053,0.1280712455831844
2180,2020-08-30,3,2020-08-02,spatial,1.3006118089779943,0.1275061127954964
2185,2020-08-09,0,2020-08-02,spatial,4.9382111748835085,3.158853417305993
2185,2020-08-16,1,2020-08-02,spatial,3.99951401809872,0.4913712866344339
2185,2020-08-23,2,2020-08-02,spatial,4.023166436384062,0.4839585709591321
2185,2020-08-30,3,2020-08-02,spatial,4.030783786633555,0.5007231422790086
2188,2020-08-09,0,2020-08-02,spatial,13.516570924291791,9.50821319552685
2188,2020-08-16,1,2020-08-02,spatial,12.708469823718515,7.435031273688202
2188,2020-08-23,2,2020-08-02,spatial,12.002246116278775,5.946826087739213
2188,2020-08-30,3,2020-08-02,spatial,11.802552679403293,4.963170057129472
2195,2020-08-09,0,2020-08-02,spatial,1.0157022365842432,0.1235549760266417
2195,2020-08-16,1,2020-08-02,spatial,1.0080818371348843,0.12926311408255894
2195,2020-08-23,2,2020-08-02,spatial,1.0104831540105264,0.12392257694672912
2195,2020-08-30,3,2020-08-02,spatial,1.0080132653581106,0.10198439696683136
2198,2020-08-09,0,2020-08-02,spatial,1.2522467774249395,0.9503569251901934
2198,2020-08-16,1,2020-08-02,spatial,1.0599513092264492,0.3689667534726909
2198,2020-08-23,2,2020-08-02,spatial,1.0617188868823164,0.4089642432263688
2198,2020-08-30,3,2020-08-02,spatial,1.086306801948937,0.38621393747780336
2220,2020-08-09,0,2020-08-02,spatial,3.0807361552429158,1.0452640329417249
2220,2020-08-16,1,2020-08-02,spatial,3.946852674625832,2.0333473679737804
2220,2020-08-23,2,2020-08-02,spatial,3.1515192044038742,1.3069985193711084
2220,2020-08-30,3,2020-08-02,spatial,3.5008023771655363,2.070137840759147
2230,2020-08-09,0,2020-08-02,spatial,1.005368359654621,0.09933583838151903
2230,2020-08-16,1,2020-08-02,spatial,1.0101666452756204,0.09987563320229943
2230,2020-08-23,2,2020-08-02,spatial,1.0065529052271935,0.10068030014776057
2230,2020-08-30,3,2020-08-02,spatial,1.0023631729948397,0.1010344552157732
2240,2020-08-09,0,2020-08-02,spatial,1.0048312118976501,0.09859816895265623
2240,2020-08-16,1,2020-08-02,spatial,1.0007822275526597,0.09921968456899838
2240,2020-08-23,2,2020-08-02,spatial,1.003356706276183,0.0950048252569857
2240,2020-08-30,3,2020-08-02,spatial,1.3072557970625591,0.3860384479628094
2261,2020-08-09,0,2020-08-02,spatial,4.902225419332972,3.6464340074645127
2261,2020-08-16,1,2020-08-02,spatial,4.804846023884463,3.4292604966183973
2261,2020-08-23,2,2020-08-02,spatial,5.789217974450004,2.1042209007399304
2261,2020-08-30,3,2020-08-02,spatial,9.629259263099225,3.864377354908304
2275,2020-08-09,0,2020-08-02,spatial,3.1688640269039614,1.1082334132835858
2275,2020-08-16,1,2020-08-02,spatial,3.131332476929635,0.7239578028994612
2275,2020-08-23,2,2020-08-02,spatial,3.1060500478924036,0.7638711510014535
2275,2020-08-30,3,2020-08-02,spatial,3.084078735453564,0.7705018298034692
2282,2020-08-09,0,2020-08-02,spatial,1.0666243758789828,0.4036959048309261
2282,2020-08-16,1,2020-08-02,spatial,1.0045238399767469,0.0996312536391632
2282,2020-08-23,2,2020-08-02,spatial,1.0067196707175243,0.1004828935841046
2282,2020-08-30,3,2020-08-02,spatial,1.0063541722724314,0.10364696532720956
2290,2020-08-09,0,2020-08-02,spatial,4.9450414849997175,2.0474676598445045
2290,2020-08-16,1,2020-08-02,spatial,6.428151374683758,5.3721649220515015
2290,2020-08-23,2,2020-08-02,spatial,6.25639680077138,4.979514524107502
2290,2020-08-30,3,2020-08-02,spatial,4.32618464346689,1.1040274017010845
4001,2020-08-09,0,2020-08-02,spatial,135.69353975686425,110.41165053484389
4001,2020-08-16,1,2020-08-02,spatial,154.4072352462586,168.66572142387082
4001,2020-08-23,2,2020-08-02,spatial,203.5278141998329,285.38906259069364
4001,2020-08-30,3,2020-08-02,spatial,210.23458731813514,370.96288266612856
4003,2020-08-09,0,2020-08-02,spatial,238.5819010197803,619.1905387983983
4003,2020-08-16,1,2020-08-02,spatial,242.81895342845482,720.7189314373877
4003,2020-08-23,2,2020-08-02,spatial,220.62418180723117,612.9881153948688
4003,2020-08-30,3,2020-08-02,spatial,128.14190346251138,204.52281652787454
4005,2020-08-09,0,2020-08-02,spatial,144.24765477613403,140.1670724986995
4005,2020-08-16,1,2020-08-02,spatial,155.2888938591624,169.21391436827568
4005,2020-08-23,2,2020-08-02,spatial,196.9810911544275,433.84774334889886
4005,2020-08-30,3,2020-08-02,spatial,174.18089801122795,210.0384636807736
4007,2020-08-09,0,2020-08-02,spatial,127.70240753017984,154.13513484889498
4007,2020-08-16,1,2020-08-02,spatial,124.99844397432938,153.4801688833633
4007,2020-08-23,2,2020-08-02,spatial,162.67368658715532,272.9765177283339
4007,2020-08-30,3,2020-08-02,spatial,112.88795698076454,107.88117380080463
4009,2020-08-09,0,2020-08-02,spatial,165.12851200136882,324.15688539645373
4009,2020-08-16,1,2020-08-02,spatial,210.3675958650969,920.9069149826422
4009,2020-08-23,2,2020-08-02,spatial,79.14995925125788,68.33093435512225
4009,2020-08-30,3,2020-08-02,spatial,110.60751784676542,131.6638992318187
4011,2020-08-09,0,2020-08-02,spatial,2.851090809945972,2.365625466102681
4011,2020-08-16,1,2020-08-02,spatial,2.907754007474635,3.828901958135248
4011,2020-08-23,2,2020-08-02,spatial,2.1706114893936377,1.0728229576068693
4011,2020-08-30,3,2020-08-02,spatial,1.6179296164915384,0.8232598765696505
4012,2020-08-09,0,2020-08-02,spatial,11.473190169717322,20.391964661066968
4012,2020-08-16,1,2020-08-02,spatial,17.507087215084788,50.04067297355255
4012,2020-08-23,2,2020-08-02,spatial,12.642086177161984,25.812202581092148
4012,2020-08-30,3,2020-08-02,spatial,6.7124294925288615,5.324226231364191
4013,2020-08-09,0,2020-08-02,spatial,12690.513780557436,21752.03587379071
4013,2020-08-16,1,2020-08-02,spatial,13018.520529568734,25747.612138445376
4013,2020-08-23,2,2020-08-02,spatial,20447.942504331688,51920.04366733538
4013,2020-08-30,3,2020-08-02,spatial,17799.22372847386,35838.76450237334
4015,2020-08-09,0,2020-08-02,spatial,247.50978228787136,234.34555170047662
4015,2020-08-16,1,2020-08-02,spatial,237.59314976858985,242.67086206713557
4015,2020-08-23,2,2020-08-02,spatial,317.1469303059653,496.996539414624
4015,2020-08-30,3,2020-08-02,spatial,408.22703607640887,916.9850632036903
4017,2020-08-09,0,2020-08-02,spatial,192.99790426767967,266.9165945507217
4017,2020-08-16,1,2020-08-02,spatial,144.7798493743993,119.5200720898719
4017,2020-08-23,2,2020-08-02,spatial,165.4056961537961,154.54575457892642
4017,2020-08-30,3,2020-08-02,spatial,174.727145267507,174.4431829882587
4019,2020-08-09,0,2020-08-02,spatial,1841.2853641944007,1940.853072816795
4019,2020-08-16,1,2020-08-02,spatial,1697.6520765580715,1617.1835592346786
4019,2020-08-23,2,2020-08-02,spatial,2186.6496586101944,3032.2696274498962
4019,2020-08-30,3,2020-08-02,spatial,1523.894802726465,979.6895847575393
4021,2020-08-09,0,2020-08-02,spatial,455.77802506746565,790.2735364577059
4021,2020-08-16,1,2020-08-02,spatial,329.542803272833,456.1531553708104
4021,2020-08-23,2,2020-08-02,spatial,298.67336994405827,293.9888987550236
4021,2020-08-30,3,2020-08-02,spatial,394.8605028625991,653.246787993817
4023,2020-08-09,0,2020-08-02,spatial,56.16037230636314,33.5330277003839
4023,2020-08-16,1,2020-08-02,spatial,65.24319357608016,45.65467049105199
4023,2020-08-23,2,2020-08-02,spatial,89.46064259265414,81.8377826467517
4023,2020-08-30,3,2020-08-02,spatial,66.54201472239619,79.56227958485592
4025,2020-08-09,0,2020-08-02,spatial,479.8301830013356,1007.721043493366
4025,2020-08-16,1,2020-08-02,spatial,439.88389361384407,686.5887011086689
4025,2020-08-23,2,2020-08-02,spatial,362.34785536554665,560.7279691209518
4025,2020-08-30,3,2020-08-02,spatial,319.70752798504384,414.7445390185317
4027,2020-08-09,0,2020-08-02,spatial,462.91432788745453,112.54169501961157
4027,2020-08-16,1,2020-08-02,spatial,1259.5996123841733,2664.770165562029
4027,2020-08-23,2,2020-08-02,spatial,675.0717553030195,436.63824989414286
4027,2020-08-30,3,2020-08-02,spatial,899.4021136181938,1780.6521217633285
5001,2020-08-09,0,2020-08-02,spatial,26.846348934560773,34.218057387908374
5001,2020-08-16,1,2020-08-02,spatial,17.722756402779567,7.509439273854697
5001,2020-08-23,2,2020-08-02,spatial,22.406271287602202,19.03740028690064
5001,2020-08-30,3,2020-08-02,spatial,109.99926864827259,316.44603541429353
5003,2020-08-09,0,2020-08-02,spatial,129.51672584311663,140.52728733569168
5003,2020-08-16,1,2020-08-02,spatial,320.85410393853317,939.0791797516694
5003,2020-08-23,2,2020-08-02,spatial,115.08813141090931,106.51127771419502
5003,2020-08-30,3,2020-08-02,spatial,640.7032913432716,2421.521450881949
5005,2020-08-09,0,2020-08-02,spatial,12.243228668380079,13.384879091219025
5005,2020-08-16,1,2020-08-02,spatial,10.786076330584184,10.443954506992982
5005,2020-08-23,2,2020-08-02,spatial,11.869283439073474,13.510619876770244
5005,2020-08-30,3,2020-08-02,spatial,11.564357700329225,12.252756339922586
5007,2020-08-09,0,2020-08-02,spatial,397.6236890411589,407.3795464116976
5007,2020-08-16,1,2020-08-02,spatial,388.2996200048002,414.3362155451806
5007,2020-08-23,2,2020-08-02,spatial,510.31808838092553,855.8288588806763
5007,2020-08-30,3,2020-08-02,spatial,488.1051095538237,798.6218550182433
5009,2020-08-09,0,2020-08-02,spatial,68.18996010658333,83.89157405832611
5009,2020-08-16,1,2020-08-02,spatial,71.45596388507191,96.32506175834592
5009,2020-08-23,2,2020-08-02,spatial,63.78680921660601,60.66716324736988
5009,2020-08-30,3,2020-08-02,spatial,69.73736647698742,78.33922053715935
5011,2020-08-09,0,2020-08-02,spatial,77.42184800994664,115.51172972821608
5011,2020-08-16,1,2020-08-02,spatial,67.0145463624246,84.59696207827406
5011,2020-08-23,2,2020-08-02,spatial,84.17028469380868,158.71469586736245
5011,2020-08-30,3,2020-08-02,spatial,69.27470771479935,92.05876296563295
5013,2020-08-09,0,2020-08-02,spatial,2.9040651174852647,2.9455333662520435
5013,2020-08-16,1,2020-08-02,spatial,2.8066066706899537,2.6047941326504853
5013,2020-08-23,2,2020-08-02,spatial,4.468550432510593,7.8041396730808925
5013,2020-08-30,3,2020-08-02,spatial,2.133493795591161,0.868425737037252
5015,2020-08-09,0,2020-08-02,spatial,20.91361167883552,17.578615954722878
5015,2020-08-16,1,2020-08-02,spatial,21.14821775968464,27.38423754941319
5015,2020-08-23,2,2020-08-02,spatial,18.886985001720358,14.101004434026885
5015,2020-08-30,3,2020-08-02,spatial,23.81650832134124,27.989022053389
5017,2020-08-09,0,2020-08-02,spatial,295.0501785067454,406.805949448908
5017,2020-08-16,1,2020-08-02,spatial,304.28056244996867,527.1378352555065
5017,2020-08-23,2,2020-08-02,spatial,283.58095150205963,253.30556529960705
5017,2020-08-30,3,2020-08-02,spatial,288.7535447398267,283.94246223969463
5019,2020-08-09,0,2020-08-02,spatial,41.0647277931413,54.72618298102108
5019,2020-08-16,1,2020-08-02,spatial,181.72285958505609,1110.6258290928217
5019,2020-08-23,2,2020-08-02,spatial,175.26664114870186,605.0586428229077
5019,2020-08-30,3,2020-08-02,spatial,395.45616326046235,2521.7854607209797
5021,2020-08-09,0,2020-08-02,spatial,30.995673296907555,24.528473588418368
5021,2020-08-16,1,2020-08-02,spatial,37.992743198639324,39.812370245821796
5021,2020-08-23,2,2020-08-02,spatial,33.10995353986604,33.59900598865385
5021,2020-08-30,3,2020-08-02,spatial,34.6999750870592,34.54071681405015
5023,2020-08-09,0,2020-08-02,spatial,30.170841100349485,75.93426440331994
5023,2020-08-16,1,2020-08-02,spatial,22.45900815139273,25.72674239453797
5023,2020-08-23,2,2020-08-02,spatial,20.91073293907881,22.997438071405323
5023,2020-08-30,3,2020-08-02,spatial,18.138662195171584,15.298560224899195
5025,2020-08-09,0,2020-08-02,spatial,60.83110071330314,103.3615507561292
5025,2020-08-16,1,2020-08-02,spatial,44.93405406465829,66.73560809926985
5025,2020-08-23,2,2020-08-02,spatial,59.39769591268544,91.85374631378343
5025,2020-08-30,3,2020-08-02,spatial,50.774623200467175,77.32834999055028
5027,2020-08-09,0,2020-08-02,spatial,41.49758988150585,54.92785204383858
5027,2020-08-16,1,2020-08-02,spatial,44.46842737252465,62.17398434745742
5027,2020-08-23,2,2020-08-02,spatial,40.221651546113314,51.47088392866296
5027,2020-08-30,3,2020-08-02,spatial,41.401944452058785,47.78460242188604
5029,2020-08-09,0,2020-08-02,spatial,16.989617455150892,5.610341575278045
5029,2020-08-16,1,2020-08-02,spatial,17.118744791881102,10.6105459823229
5029,2020-08-23,2,2020-08-02,spatial,18.90700309223275,14.684649706410761
5029,2020-08-30,3,2020-08-02,spatial,23.226408032871237,25.40384931900132
5031,2020-08-09,0,2020-08-02,spatial,347.8927840727703,351.99698618232526
5031,2020-08-16,1,2020-08-02,spatial,344.91544777235197,433.45868051829115
5031,2020-08-23,2,2020-08-02,spatial,242.67444996858887,118.42556329087822
5031,2020-08-30,3,2020-08-02,spatial,2570.813983611519,20144.306018310086
5033,2020-08-09,0,2020-08-02,spatial,141.37179912069809,151.7934161266239
5033,2020-08-16,1,2020-08-02,spatial,157.09437756741713,207.4822461969629
5033,2020-08-23,2,2020-08-02,spatial,134.19682457786962,140.6047707186564
5033,2020-08-30,3,2020-08-02,spatial,120.86949571648836,92.30572943361777
5035,2020-08-09,0,2020-08-02,spatial,224.51141315180402,217.09893592012529
5035,2020-08-16,1,2020-08-02,spatial,228.3172479919688,229.9505226258363
5035,2020-08-23,2,2020-08-02,spatial,231.9352455171128,223.517900473162
5035,2020-08-30,3,2020-08-02,spatial,220.97129421037698,198.52905657412757
5037,2020-08-09,0,2020-08-02,spatial,67.35790738794338,107.35737847792214
5037,2020-08-16,1,2020-08-02,spatial,55.80812833628225,84.3320282177763
5037,2020-08-23,2,2020-08-02,spatial,143.87018802732328,437.1401282087433
5037,2020-08-30,3,2020-08-02,spatial,39.93308617474445,27.39365513268257
5039,2020-08-09,0,2020-08-02,spatial,6.497209819331028,8.342700095267286
5039,2020-08-16,1,2020-08-02,spatial,7.845345070710366,11.669336360663678
5039,2020-08-23,2,2020-08-02,spatial,5.769336344801438,5.221197185431988
5039,2020-08-30,3,2020-08-02,spatial,4.7431998200278285,3.354666869242984
5041,2020-08-09,0,2020-08-02,spatial,72.74152397837801,90.49070865899743
5041,2020-08-16,1,2020-08-02,spatial,66.95276751672371,73.58327127895765
5041,2020-08-23,2,2020-08-02,spatial,68.14709061360287,67.43183696591838
5041,2020-08-30,3,2020-08-02,spatial,62.18818969081163,56.874884725130215
5043,2020-08-09,0,2020-08-02,spatial,66.99539188814356,85.7240604862235
5043,2020-08-16,1,2020-08-02,spatial,71.93051430742074,108.61820858433822
5043,2020-08-23,2,2020-08-02,spatial,67.21511941952772,84.02503107754124
5043,2020-08-30,3,2020-08-02,spatial,61.5620035716271,66.70405824156981
5045,2020-08-09,0,2020-08-02,spatial,173.7368129300871,227.83207340489983
5045,2020-08-16,1,2020-08-02,spatial,189.03485291107074,282.52524371369583
5045,2020-08-23,2,2020-08-02,spatial,126.56986746099008,92.35743157892428
5045,2020-08-30,3,2020-08-02,spatial,125.32919123895269,97.54276433683762
5047,2020-08-09,0,2020-08-02,spatial,36.88198950244541,49.597354943864744
5047,2020-08-16,1,2020-08-02,spatial,35.2369943737202,47.96181670704481
5047,2020-08-23,2,2020-08-02,spatial,29.188201340400948,28.205000423124105
5047,2020-08-30,3,2020-08-02,spatial,82.95851898565947,292.8898371730925
5049,2020-08-09,0,2020-08-02,spatial,17.99952446430768,19.14207657794477
5049,2020-08-16,1,2020-08-02,spatial,21.751890638072723,34.24523520299077
5049,2020-08-23,2,2020-08-02,spatial,18.014722814449943,21.995055259171423
5049,2020-08-30,3,2020-08-02,spatial,16.839404438363868,16.20807229426622
5051,2020-08-09,0,2020-08-02,spatial,307.0356997334817,455.4210465313222
5051,2020-08-16,1,2020-08-02,spatial,225.41199112597567,276.51126202244313
5051,2020-08-23,2,2020-08-02,spatial,237.50354882808776,284.45553584539886
5051,2020-08-30,3,2020-08-02,spatial,187.30327218543167,133.59280203087968
5053,2020-08-09,0,2020-08-02,spatial,19.775642868745656,28.55847531766965
5053,2020-08-16,1,2020-08-02,spatial,17.05339854949097,19.96278201452716
5053,2020-08-23,2,2020-08-02,spatial,16.41617024019288,20.00446201562492
5053,2020-08-30,3,2020-08-02,spatial,13.610210805930462,12.37149221637346
5055,2020-08-09,0,2020-08-02,spatial,146.43695335908126,117.47421036401468
5055,2020-08-16,1,2020-08-02,spatial,151.32118145322985,116.84502073933969
5055,2020-08-23,2,2020-08-02,spatial,134.61608855283637,94.518836268527
5055,2020-08-30,3,2020-08-02,spatial,159.59522148928394,166.22374037478622
5057,2020-08-09,0,2020-08-02,spatial,44.50764465152585,42.57223876166106
5057,2020-08-16,1,2020-08-02,spatial,45.3493269879934,50.28970700945346
5057,2020-08-23,2,2020-08-02,spatial,56.41693560104282,89.64587587040998
5057,2020-08-30,3,2020-08-02,spatial,51.1175156412573,57.590906491346566
5059,2020-08-09,0,2020-08-02,spatial,136.39615510350856,190.70889139636463
5059,2020-08-16,1,2020-08-02,spatial,131.29139681150366,170.97474881506682
5059,2020-08-23,2,2020-08-02,spatial,120.33211648312114,152.68830554862097
5059,2020-08-30,3,2020-08-02,spatial,115.29566350766541,144.31343185464513
5061,2020-08-09,0,2020-08-02,spatial,72.00259106697439,110.25145290712128
5061,2020-08-16,1,2020-08-02,spatial,232.93140104603958,1447.4412136720712
5061,2020-08-23,2,2020-08-02,spatial,195.43142885318,916.7691963834034
5061,2020-08-30,3,2020-08-02,spatial,52.114932480132005,37.385706296569964
5063,2020-08-09,0,2020-08-02,spatial,233.6677846236102,256.7478175333408
5063,2020-08-16,1,2020-08-02,spatial,302.6459054826195,439.32643681863135
5063,2020-08-23,2,2020-08-02,spatial,342.87912849881894,627.6111889160695
5063,2020-08-30,3,2020-08-02,spatial,176.1818374273196,108.17057514041805
5065,2020-08-09,0,2020-08-02,spatial,11.814911955343867,17.716137071505607
5065,2020-08-16,1,2020-08-02,spatial,11.931843077273438,17.763020748187195
5065,2020-08-23,2,2020-08-02,spatial,10.930092515756593,11.836720731692633
5065,2020-08-30,3,2020-08-02,spatial,10.226276427587004,10.896226741577976
5067,2020-08-09,0,2020-08-02,spatial,72.85452168129585,89.53016823221054
5067,2020-08-16,1,2020-08-02,spatial,63.30872321652587,56.36745328894128
5067,2020-08-23,2,2020-08-02,spatial,481.3529167321617,4189.601764205202
5067,2020-08-30,3,2020-08-02,spatial,458.42497390973006,2107.2486181336467
5069,2020-08-09,0,2020-08-02,spatial,332.7143908367973,453.967289652649
5069,2020-08-16,1,2020-08-02,spatial,426.2932436276087,767.3167452584288
5069,2020-08-23,2,2020-08-02,spatial,308.49246402447363,363.9504755920616
5069,2020-08-30,3,2020-08-02,spatial,328.679464746827,438.15992625590223
5071,2020-08-09,0,2020-08-02,spatial,52.4858299609931,27.598083083035522
5071,2020-08-16,1,2020-08-02,spatial,63.05728019931755,60.27414402650257
5071,2020-08-23,2,2020-08-02,spatial,50.27372294131243,25.15777249730243
5071,2020-08-30,3,2020-08-02,spatial,63.18590288323594,77.20009114189962
5073,2020-08-09,0,2020-08-02,spatial,4.15804718336135,4.089006054262164
5073,2020-08-16,1,2020-08-02,spatial,5.0122397547028035,7.21982719990825
5073,2020-08-23,2,2020-08-02,spatial,3.6304257632252495,2.422055475031775
5073,2020-08-30,3,2020-08-02,spatial,4.309561203950927,4.5864551099249535
5075,2020-08-09,0,2020-08-02,spatial,37.82824257919773,41.410975204946375
5075,2020-08-16,1,2020-08-02,spatial,44.338404151439775,55.518997160094614
5075,2020-08-23,2,2020-08-02,spatial,36.488164404963015,38.039231601626135
5075,2020-08-30,3,2020-08-02,spatial,38.28173452197928,40.654853506079
5077,2020-08-09,0,2020-08-02,spatial,12.479328606453327,23.038302896532226
5077,2020-08-16,1,2020-08-02,spatial,12.218697099033124,16.59187107873927
5077,2020-08-23,2,2020-08-02,spatial,10.241617971641926,10.185924108571024
5077,2020-08-30,3,2020-08-02,spatial,12.383612192429451,15.315631759261155
5079,2020-08-09,0,2020-08-02,spatial,70.51391774150001,79.56117321916938
5079,2020-08-16,1,2020-08-02,spatial,58.341890390896864,52.14684347093731
5079,2020-08-23,2,2020-08-02,spatial,65.3192331000387,69.24868358742467
5079,2020-08-30,3,2020-08-02,spatial,55.7166172117661,44.88774206428639
5081,2020-08-09,0,2020-08-02,spatial,42.972413565516064,46.921364813289365
5081,2020-08-16,1,2020-08-02,spatial,57.28697728461602,95.16174495164744
5081,2020-08-23,2,2020-08-02,spatial,58.459954892695464,109.34359792808222
5081,2020-08-30,3,2020-08-02,spatial,86.34108327818575,294.03714500992373
5083,2020-08-09,0,2020-08-02,spatial,152.73490937480466,140.5861345549381
5083,2020-08-16,1,2020-08-02,spatial,139.73202253789407,121.03068095589668
5083,2020-08-23,2,2020-08-02,spatial,163.84622379059687,187.5373304807204
5083,2020-08-30,3,2020-08-02,spatial,163.46328045514392,171.64556703771396
5085,2020-08-09,0,2020-08-02,spatial,157.31565599061997,222.47080168857258
5085,2020-08-16,1,2020-08-02,spatial,154.50314192886518,240.054665699514
5085,2020-08-23,2,2020-08-02,spatial,183.996942440922,324.91369856199924
5085,2020-08-30,3,2020-08-02,spatial,121.2938823888954,96.38359203884764
5087,2020-08-09,0,2020-08-02,spatial,27.03431371798957,44.42927235233113
5087,2020-08-16,1,2020-08-02,spatial,23.641260043114556,29.49479825210516
5087,2020-08-23,2,2020-08-02,spatial,20.988387101705747,21.089320982890182
5087,2020-08-30,3,2020-08-02,spatial,17.325809243953938,9.885518128395542
5089,2020-08-09,0,2020-08-02,spatial,3.3257718017986124,3.752003319851776
5089,2020-08-16,1,2020-08-02,spatial,3.596246135876022,5.579963285731907
5089,2020-08-23,2,2020-08-02,spatial,3.311352092840332,4.284361444182172
5089,2020-08-30,3,2020-08-02,spatial,2.6176410349991466,2.160375195165016
5091,2020-08-09,0,2020-08-02,spatial,69.0430132874123,65.53119430222185
5091,2020-08-16,1,2020-08-02,spatial,90.80412360728764,155.35600950006898
5091,2020-08-23,2,2020-08-02,spatial,67.5527852047809,59.92359357467554
5091,2020-08-30,3,2020-08-02,spatial,62.06906741908134,41.260587476401504
5093,2020-08-09,0,2020-08-02,spatial,308.941625005194,299.49287093859124
5093,2020-08-16,1,2020-08-02,spatial,310.1804991120684,301.01574713979716
5093,2020-08-23,2,2020-08-02,spatial,295.53626275033383,247.69084762647185
5093,2020-08-30,3,2020-08-02,spatial,329.0849151914461,346.5712788429737
5095,2020-08-09,0,2020-08-02,spatial,8.7452364009811,9.967251601474958
5095,2020-08-16,1,2020-08-02,spatial,10.438904919176716,14.290397496156736
5095,2020-08-23,2,2020-08-02,spatial,12.111628008377705,19.1439788705573
5095,2020-08-30,3,2020-08-02,spatial,7.609538427084518,5.822362815015309
5097,2020-08-09,0,2020-08-02,spatial,11.259846628705027,10.915055438466961
5097,2020-08-16,1,2020-08-02,spatial,13.898955594871445,18.153023739554094
5097,2020-08-23,2,2020-08-02,spatial,12.051329539207444,16.21740733151518
5097,2020-08-30,3,2020-08-02,spatial,28.928474422952828,71.86521399825055
5099,2020-08-09,0,2020-08-02,spatial,10.36018658801767,12.165579731582337
5099,2020-08-16,1,2020-08-02,spatial,9.28060803500603,7.543246746766691
5099,2020-08-23,2,2020-08-02,spatial,9.07806333522822,7.619326272202071
5099,2020-08-30,3,2020-08-02,spatial,10.724670359733492,12.116661369864376
5101,2020-08-09,0,2020-08-02,spatial,14.879258801836105,14.927105723310845
5101,2020-08-16,1,2020-08-02,spatial,16.380403418637176,21.392954773162643
5101,2020-08-23,2,2020-08-02,spatial,18.37607979088196,24.92536167447797
5101,2020-08-30,3,2020-08-02,spatial,11.976828538754726,9.345436268107589
5103,2020-08-09,0,2020-08-02,spatial,34.785663483529895,43.882497891522114
5103,2020-08-16,1,2020-08-02,spatial,32.441264887853954,40.97007018826426
5103,2020-08-23,2,2020-08-02,spatial,28.50783107959808,25.747985348202718
5103,2020-08-30,3,2020-08-02,spatial,30.90154707596301,34.345045040198606
5105,2020-08-09,0,2020-08-02,spatial,1.279521842486759,1.0725119905989229
5105,2020-08-16,1,2020-08-02,spatial,1.3969243495589294,1.2121602299098215
5105,2020-08-23,2,2020-08-02,spatial,1.4609460297536154,1.4923481465481907
5105,2020-08-30,3,2020-08-02,spatial,1.4676306637285883,1.411602052022144
5107,2020-08-09,0,2020-08-02,spatial,49.45365336228929,47.41987380476545
5107,2020-08-16,1,2020-08-02,spatial,62.81788487851982,87.64752637846605
5107,2020-08-23,2,2020-08-02,spatial,51.47311862689576,43.22603093234661
5107,2020-08-30,3,2020-08-02,spatial,50.902645440033254,47.04811818113975
5109,2020-08-09,0,2020-08-02,spatial,200.10962803323346,1648.2314231835053
5109,2020-08-16,1,2020-08-02,spatial,34.130857793199446,39.259128637946034
5109,2020-08-23,2,2020-08-02,spatial,38.72625607870347,56.84956009491785
5109,2020-08-30,3,2020-08-02,spatial,30.50403228600338,25.48882303397327
5111,2020-08-09,0,2020-08-02,spatial,198.0851456746021,253.795280359404
5111,2020-08-16,1,2020-08-02,spatial,957.7608987827048,4011.7225404225283
5111,2020-08-23,2,2020-08-02,spatial,161.7717966461453,172.12921645659029
5111,2020-08-30,3,2020-08-02,spatial,211.6075578991357,286.0188001989114
5113,2020-08-09,0,2020-08-02,spatial,14.552289300945615,11.487823562789535
5113,2020-08-16,1,2020-08-02,spatial,15.731892795091,15.695769519472554
5113,2020-08-23,2,2020-08-02,spatial,14.461878348946753,11.626368210981493
5113,2020-08-30,3,2020-08-02,spatial,14.645476647374172,12.001255440439856
5115,2020-08-09,0,2020-08-02,spatial,187.1836574163913,177.5080004493668
5115,2020-08-16,1,2020-08-02,spatial,204.06617168110523,247.2042414745814
5115,2020-08-23,2,2020-08-02,spatial,191.7608404385577,197.2837679290618
5115,2020-08-30,3,2020-08-02,spatial,175.38239116312732,151.2781667635519
5117,2020-08-09,0,2020-08-02,spatial,37.671581845454604,36.9194632806935
5117,2020-08-16,1,2020-08-02,spatial,33.21205237889102,30.083177605791178
5117,2020-08-23,2,2020-08-02,spatial,41.38124113350232,49.19387529911645
5117,2020-08-30,3,2020-08-02,spatial,37.41954676386104,37.300952090015706
5119,2020-08-09,0,2020-08-02,spatial,982.2909765344373,986.7095586450432
5119,2020-08-16,1,2020-08-02,spatial,826.3869469010991,558.2864962814213
5119,2020-08-23,2,2020-08-02,spatial,980.6519683703156,998.7007695568103
5119,2020-08-30,3,2020-08-02,spatial,903.7163585028883,723.8994796116922
5121,2020-08-09,0,2020-08-02,spatial,67.75264758704238,100.45117905170707
5121,2020-08-16,1,2020-08-02,spatial,59.71425491291234,72.1752777299727
5121,2020-08-23,2,2020-08-02,spatial,62.66738351925067,81.58041586376211
5121,2020-08-30,3,2020-08-02,spatial,55.27689957654256,61.86563577504482
5123,2020-08-09,0,2020-08-02,spatial,118.33516627196913,165.31817675144728
5123,2020-08-16,1,2020-08-02,spatial,137.67106369343685,191.37067845694745
5123,2020-08-23,2,2020-08-02,spatial,93.71956303592968,76.42820277994464
5123,2020-08-30,3,2020-08-02,spatial,115.15157656819856,126.59624651036623
5125,2020-08-09,0,2020-08-02,spatial,254.83018502823373,306.2472007420339
5125,2020-08-16,1,2020-08-02,spatial,216.0510255448241,244.50530643025317
5125,2020-08-23,2,2020-08-02,spatial,231.7482288732913,252.29151886522115
5125,2020-08-30,3,2020-08-02,spatial,224.84680727412862,258.932847069487
5127,2020-08-09,0,2020-08-02,spatial,26.226203363523016,34.50031220552166
5127,2020-08-16,1,2020-08-02,spatial,21.972237440327774,19.889608717364357
5127,2020-08-23,2,2020-08-02,spatial,87.0004446428632,256.51933942284677
5127,2020-08-30,3,2020-08-02,spatial,22.707523133369644,23.83530630971161
5129,2020-08-09,0,2020-08-02,spatial,3.9556676969485887,3.040544919757973
5129,2020-08-16,1,2020-08-02,spatial,4.660579422595551,5.456249712822294
5129,2020-08-23,2,2020-08-02,spatial,4.333514077618384,4.228339734921094
5129,2020-08-30,3,2020-08-02,spatial,4.57799144938934,4.580558544127698
5131,2020-08-09,0,2020-08-02,spatial,654.01217974114,768.4669416610608
5131,2020-08-16,1,2020-08-02,spatial,599.3509747356437,682.7709843399549
5131,2020-08-23,2,2020-08-02,spatial,742.9068985174694,1113.216029056665
5131,2020-08-30,3,2020-08-02,spatial,519.53714235463,361.43096853759295
5133,2020-08-09,0,2020-08-02,spatial,88.73313035354464,118.3546939437449
5133,2020-08-16,1,2020-08-02,spatial,108.90248597742577,184.73006585245446
5133,2020-08-23,2,2020-08-02,spatial,86.46715174460354,98.55708669933678
5133,2020-08-30,3,2020-08-02,spatial,101.12163601670406,145.97698211832625
5135,2020-08-09,0,2020-08-02,spatial,12.216256162483669,12.447308317254345
5135,2020-08-16,1,2020-08-02,spatial,11.764754175116892,13.188715667013376
5135,2020-08-23,2,2020-08-02,spatial,12.148268040810487,13.447944931323311
5135,2020-08-30,3,2020-08-02,spatial,10.846567714289813,10.028606096742555
5137,2020-08-09,0,2020-08-02,spatial,22.803700685907952,29.052537549468546
5137,2020-08-16,1,2020-08-02,spatial,23.06849635693193,27.446965171141876
5137,2020-08-23,2,2020-08-02,spatial,18.6514323657247,15.954681080885615
5137,2020-08-30,3,2020-08-02,spatial,18.111835328736547,15.802556244748898
5139,2020-08-09,0,2020-08-02,spatial,58.468233385124165,44.09996021419376
5139,2020-08-16,1,2020-08-02,spatial,68.7757125049602,69.3107683633971
5139,2020-08-23,2,2020-08-02,spatial,70.36833333540346,73.11009538714981
5139,2020-08-30,3,2020-08-02,spatial,73.7667013044074,88.42072457965594
5141,2020-08-09,0,2020-08-02,spatial,2.6980639281091077,2.43218119767832
5141,2020-08-16,1,2020-08-02,spatial,2.7785536725639046,2.6122247294932306
5141,2020-08-23,2,2020-08-02,spatial,2.8425235684766776,3.2308054863922724
5141,2020-08-30,3,2020-08-02,spatial,5.83067320029493,12.701928652028165
5143,2020-08-09,0,2020-08-02,spatial,604.8397785978146,1296.7177211288424
5143,2020-08-16,1,2020-08-02,spatial,404.18673718627747,309.52486311391726
5143,2020-08-23,2,2020-08-02,spatial,473.34062092616216,699.6843071965753
5143,2020-08-30,3,2020-08-02,spatial,417.6487277678926,360.02329747522384
5145,2020-08-09,0,2020-08-02,spatial,70.89769574608941,38.390073539718685
5145,2020-08-16,1,2020-08-02,spatial,100.56343523341828,123.2481835766757
5145,2020-08-23,2,2020-08-02,spatial,95.44777959937971,99.42449102580834
5145,2020-08-30,3,2020-08-02,spatial,95.54083521193508,103.18368850403124
5147,2020-08-09,0,2020-08-02,spatial,1.8945926516538127,2.6550617060735267
5147,2020-08-16,1,2020-08-02,spatial,1.5325616755911728,1.547556467134273
5147,2020-08-23,2,2020-08-02,spatial,1.4600328880624829,1.5108495173808745
5147,2020-08-30,3,2020-08-02,spatial,1.4029909456898408,1.2909939021099135
5149,2020-08-09,0,2020-08-02,spatial,76.20352548162985,68.16131875742181
5149,2020-08-16,1,2020-08-02,spatial,71.57899158120676,68.70045277332527
5149,2020-08-23,2,2020-08-02,spatial,78.20081214081355,89.10644953496409
5149,2020-08-30,3,2020-08-02,spatial,83.22768893357869,107.0754046419487
6001,2020-08-09,0,2020-08-02,spatial,7700.254087259253,30200.757060347387
6001,2020-08-16,1,2020-08-02,spatial,4134.180127214693,7611.0232388561935
6001,2020-08-23,2,2020-08-02,spatial,6780.103346097512,20744.139665692328
6001,2020-08-30,3,2020-08-02,spatial,8937.50438491384,30017.50433887942
6003,2020-08-09,0,2020-08-02,spatial,1.020743371458222,0.21933078780848486
6003,2020-08-16,1,2020-08-02,spatial,1.696811768937575,2.460133578248109
6003,2020-08-23,2,2020-08-02,spatial,1.314052900977294,1.028072101374817
6003,2020-08-30,3,2020-08-02,spatial,1.256512928187292,0.9831400707732112
6005,2020-08-09,0,2020-08-02,spatial,94.99281822606078,217.4607235437153
6005,2020-08-16,1,2020-08-02,spatial,91.4297509695262,162.81298801831622
6005,2020-08-23,2,2020-08-02,spatial,75.52540624789489,114.95964946808573
6005,2020-08-30,3,2020-08-02,spatial,119.25671731808912,292.5220239328018
6007,2020-08-09,0,2020-08-02,spatial,485.1955429735078,1263.4301470924452
6007,2020-08-16,1,2020-08-02,spatial,352.54222434016447,706.4041764653116
6007,2020-08-23,2,2020-08-02,spatial,180.44028245888884,84.8185404372829
6007,2020-08-30,3,2020-08-02,spatial,216.15626219558845,219.81446515783162
6009,2020-08-09,0,2020-08-02,spatial,67.07804806774547,235.35164977387316
6009,2020-08-16,1,2020-08-02,spatial,40.73477879375059,63.621429775689315
6009,2020-08-23,2,2020-08-02,spatial,29.919910270290075,27.847416503913642
6009,2020-08-30,3,2020-08-02,spatial,58.066392136854276,143.31720637421037
6011,2020-08-09,0,2020-08-02,spatial,73.98954220244195,114.09879573727608
6011,2020-08-16,1,2020-08-02,spatial,136.64682929753073,415.478208897756
6011,2020-08-23,2,2020-08-02,spatial,73.50951072554172,52.55190166669749
6011,2020-08-30,3,2020-08-02,spatial,66.3259333767684,101.66939554164301
6013,2020-08-09,0,2020-08-02,spatial,1983.8081900924692,2467.131436713975
6013,2020-08-16,1,2020-08-02,spatial,2127.464060010303,3020.972911016554
6013,2020-08-23,2,2020-08-02,spatial,4615.423555396817,13859.566274660701
6013,2020-08-30,3,2020-08-02,spatial,5966.965496019644,26912.181987790806
6015,2020-08-09,0,2020-08-02,spatial,10.141586218260807,9.38457359589856
6015,2020-08-16,1,2020-08-02,spatial,21.60621252509224,37.09405172086353
6015,2020-08-23,2,2020-08-02,spatial,53.444196229174736,224.19923032063411
6015,2020-08-30,3,2020-08-02,spatial,17.306472476892804,27.27242340576181
6017,2020-08-09,0,2020-08-02,spatial,259.3604322897283,546.5759215490183
6017,2020-08-16,1,2020-08-02,spatial,243.06437360277585,614.5567864649744
6017,2020-08-23,2,2020-08-02,spatial,206.1900399213376,535.8497982864254
6017,2020-08-30,3,2020-08-02,spatial,374.70940657809797,1127.3803809052713
6019,2020-08-09,0,2020-08-02,spatial,9817.009493208468,27106.86758432848
6019,2020-08-16,1,2020-08-02,spatial,6303.227761051011,12139.321164306282
6019,2020-08-23,2,2020-08-02,spatial,2893.267525729095,2031.80597671469
6019,2020-08-30,3,2020-08-02,spatial,5026.209049992442,8101.399485024802
6021,2020-08-09,0,2020-08-02,spatial,52.75543558183124,27.14692183553491
6021,2020-08-16,1,2020-08-02,spatial,101.07850390349822,204.61021679288086
6021,2020-08-23,2,2020-08-02,spatial,84.75059844527449,155.11060745062798
6021,2020-08-30,3,2020-08-02,spatial,83.07082977820806,183.43456323637
6023,2020-08-09,0,2020-08-02,spatial,68.34518846701047,61.61331336896734
6023,2020-08-16,1,2020-08-02,spatial,112.23516895726759,207.7267804460929
6023,2020-08-23,2,2020-08-02,spatial,162.2343580480796,437.8335678077896
6023,2020-08-30,3,2020-08-02,spatial,120.47310546875386,284.29796456413504
6025,2020-08-09,0,2020-08-02,spatial,1374.5247738293865,3982.814004767456
6025,2020-08-16,1,2020-08-02,spatial,521.9173705747355,790.436667835972
6025,2020-08-23,2,2020-08-02,spatial,804.9388195428337,1507.841566025761
6025,2020-08-30,3,2020-08-02,spatial,1288.8269348630338,6334.717022069282
6027,2020-08-09,0,2020-08-02,spatial,86.5931765239155,175.32241076039594
6027,2020-08-16,1,2020-08-02,spatial,131.52256472083582,415.8353019278797
6027,2020-08-23,2,2020-08-02,spatial,103.30119670294935,262.17136666344027
6027,2020-08-30,3,2020-08-02,spatial,71.15654542573245,117.56318743219505
6029,2020-08-09,0,2020-08-02,spatial,6203.4974640830505,9847.308816432622
6029,2020-08-16,1,2020-08-02,spatial,6965.8587790865795,12698.817451392224
6029,2020-08-23,2,2020-08-02,spatial,11660.822716467737,49640.94401142216
6029,2020-08-30,3,2020-08-02,spatial,8527.558067430698,20706.84216013492
6031,2020-08-09,0,2020-08-02,spatial,369.3153687338256,341.7618498463703
6031,2020-08-16,1,2020-08-02,spatial,306.876034489466,47.342773183324155
6031,2020-08-23,2,2020-08-02,spatial,241.58457610489756,1499.0024393853025
6031,2020-08-30,3,2020-08-02,spatial,230.92702383932547,656.7591402200958
6033,2020-08-09,0,2020-08-02,spatial,75.70476989501006,177.47313502914486
6033,2020-08-16,1,2020-08-02,spatial,60.85399529610756,113.87710202386036
6033,2020-08-23,2,2020-08-02,spatial,45.64078749442686,47.71312954047037
6033,2020-08-30,3,2020-08-02,spatial,96.47649302747256,264.4152944623977
6035,2020-08-09,0,2020-08-02,spatial,19.42868327105109,38.69233083473952
6035,2020-08-16,1,2020-08-02,spatial,12.733430244991592,19.392512107449893
6035,2020-08-23,2,2020-08-02,spatial,22.41756316029471,13.281131537674055
6035,2020-08-30,3,2020-08-02,spatial,6.156780838775492,5.753509498076291
6037,2020-08-09,0,2020-08-02,spatial,44962.90659731525,114835.1216628263
6037,2020-08-16,1,2020-08-02,spatial,61980.87044300626,212574.106503505
6037,2020-08-23,2,2020-08-02,spatial,27900.142826378837,36905.21172547167
6037,2020-08-30,3,2020-08-02,spatial,25350.83850961543,31182.28006297312
6039,2020-08-09,0,2020-08-02,spatial,917.2787554448828,1660.268478739081
6039,2020-08-16,1,2020-08-02,spatial,338.4925488409189,103.07864548313002
6039,2020-08-23,2,2020-08-02,spatial,330.16566507953,94.55740419954408
6039,2020-08-30,3,2020-08-02,spatial,454.82162163665976,391.4280805834197
6041,2020-08-09,0,2020-08-02,spatial,771.2427717480513,1816.8005280048435
6041,2020-08-16,1,2020-08-02,spatial,485.7533670796837,603.7608448281771
6041,2020-08-23,2,2020-08-02,spatial,679.4182595495478,1137.2211955183275
6041,2020-08-30,3,2020-08-02,spatial,588.6338865650581,908.6599749138292
6043,2020-08-09,0,2020-08-02,spatial,18.76392162737563,49.33713800067071
6043,2020-08-16,1,2020-08-02,spatial,13.79480956838775,40.99221667161225
6043,2020-08-23,2,2020-08-02,spatial,13.077552782633395,22.606042575835282
6043,2020-08-30,3,2020-08-02,spatial,5.218093068052212,2.1688240592963672
6045,2020-08-09,0,2020-08-02,spatial,207.95993991975712,537.8392108780378
6045,2020-08-16,1,2020-08-02,spatial,109.420964774929,148.52969207661297
6045,2020-08-23,2,2020-08-02,spatial,157.58487536349259,272.4596184812156
6045,2020-08-30,3,2020-08-02,spatial,97.2782628707312,99.27813863508484
6047,2020-08-09,0,2020-08-02,spatial,2245.3223415350108,4731.409954500506
6047,2020-08-16,1,2020-08-02,spatial,2916.931827322981,12540.588688024018
6047,2020-08-23,2,2020-08-02,spatial,1855.6924621049732,4267.601813523076
6047,2020-08-30,3,2020-08-02,spatial,1639.8713302142066,2760.693378707946
6049,2020-08-09,0,2020-08-02,spatial,4.704075190242988,8.57636581102753
6049,2020-08-16,1,2020-08-02,spatial,7.385503410894829,20.864520339390676
6049,2020-08-23,2,2020-08-02,spatial,2.1657541017060247,0.7896115236217761
6049,2020-08-30,3,2020-08-02,spatial,2.2023929812790075,1.0948318959378884
6051,2020-08-09,0,2020-08-02,spatial,36.61756213930649,147.54926069349162
6051,2020-08-16,1,2020-08-02,spatial,27.809339890617213,58.61283815692328
6051,2020-08-23,2,2020-08-02,spatial,14.809494056665713,14.285789485082633
6051,2020-08-30,3,2020-08-02,spatial,15.9310072203211,14.664105281208279
6053,2020-08-09,0,2020-08-02,spatial,1428.4635567738956,3504.846012819286
6053,2020-08-16,1,2020-08-02,spatial,723.3160534596599,979.6600623594777
6053,2020-08-23,2,2020-08-02,spatial,939.1118534911044,1746.48714624133
6053,2020-08-30,3,2020-08-02,spatial,563.0041314762584,505.3770120497733
6055,2020-08-09,0,2020-08-02,spatial,277.73418721425975,387.1839291826725
6055,2020-08-16,1,2020-08-02,spatial,331.89906265310486,656.1157647119999
6055,2020-08-23,2,2020-08-02,spatial,658.7565013389172,1904.345442187745
6055,2020-08-30,3,2020-08-02,spatial,323.653016023105,535.6151147151764
6057,2020-08-09,0,2020-08-02,spatial,43.33642479173688,72.10140856688686
6057,2020-08-16,1,2020-08-02,spatial,34.741548926214,19.000754340030678
6057,2020-08-23,2,2020-08-02,spatial,28.250032400665575,10.073369717826868
6057,2020-08-30,3,2020-08-02,spatial,67.26822669967589,175.81495010980942
6059,2020-08-09,0,2020-08-02,spatial,5067.942212062293,8377.806735911545
6059,2020-08-16,1,2020-08-02,spatial,4405.957061044771,7585.510599284348
6059,2020-08-23,2,2020-08-02,spatial,4683.983760918791,8840.058520385079
6059,2020-08-30,3,2020-08-02,spatial,3207.118344181057,3307.301852995653
6061,2020-08-09,0,2020-08-02,spatial,680.3161636147388,1460.1424206711667
6061,2020-08-16,1,2020-08-02,spatial,1186.2474176528667,3862.0400480706153
6061,2020-08-23,2,2020-08-02,spatial,775.9091853814489,1799.3737808918875
6061,2020-08-30,3,2020-08-02,spatial,532.1706623130294,810.3092419232463
6063,2020-08-09,0,2020-08-02,spatial,1.9573562903845576,0.7840229347221042
6063,2020-08-16,1,2020-08-02,spatial,3.8594308689310775,13.113820384081414
6063,2020-08-23,2,2020-08-02,spatial,2.769828558904801,5.491154975593145
6063,2020-08-30,3,2020-08-02,spatial,1.1048571648914836,0.6954488428884912
6065,2020-08-09,0,2020-08-02,spatial,5186.730924034473,5498.937755660155
6065,2020-08-16,1,2020-08-02,spatial,7082.908553921357,12699.420349073427
6065,2020-08-23,2,2020-08-02,spatial,6524.636027291342,10572.953572459295
6065,2020-08-30,3,2020-08-02,spatial,6153.204221750343,8963.667817368449
6067,2020-08-09,0,2020-08-02,spatial,2678.9776368410417,5957.086266133637
6067,2020-08-16,1,2020-08-02,spatial,1328.0601975942786,906.4030412395372
6067,2020-08-23,2,2020-08-02,spatial,1281.716095618893,1034.1388715524813
6067,2020-08-30,3,2020-08-02,spatial,1918.3988775042399,2875.146185955293
6069,2020-08-09,0,2020-08-02,spatial,230.02214904273487,505.72414243570165
6069,2020-08-16,1,2020-08-02,spatial,154.95276849403052,200.92535886801886
6069,2020-08-23,2,2020-08-02,spatial,148.5445101899999,191.84463621696187
6069,2020-08-30,3,2020-08-02,spatial,265.5971499134242,732.6421004359007
6071,2020-08-09,0,2020-08-02,spatial,13494.117569269434,53638.31390506051
6071,2020-08-16,1,2020-08-02,spatial,8175.4646392356335,18739.031452794945
6071,2020-08-23,2,2020-08-02,spatial,6348.936648468247,13866.273438504153
6071,2020-08-30,3,2020-08-02,spatial,6077.117762187367,11968.080572891327
6073,2020-08-09,0,2020-08-02,spatial,4843.362765850398,6126.460368304548
6073,2020-08-16,1,2020-08-02,spatial,5022.499363000283,7893.743804523477
6073,2020-08-23,2,2020-08-02,spatial,6363.203449696934,11370.282387961985
6073,2020-08-30,3,2020-08-02,spatial,7884.1029113632385,16607.30007302485
6075,2020-08-09,0,2020-08-02,spatial,2134.235734752207,8624.030219692851
6075,2020-08-16,1,2020-08-02,spatial,2160.1516014532326,4460.2258813903245
6075,2020-08-23,2,2020-08-02,spatial,1096.671918723637,1138.820043001509
6075,2020-08-30,3,2020-08-02,spatial,2068.683832237061,5265.017634006487
6077,2020-08-09,0,2020-08-02,spatial,2162.6116870644687,4363.19008741909
6077,2020-08-16,1,2020-08-02,spatial,1615.7727423297104,1920.3105770379352
6077,2020-08-23,2,2020-08-02,spatial,1915.9423476030413,4769.527945274147
6077,2020-08-30,3,2020-08-02,spatial,877.3811719774263,105.8431975104244
6079,2020-08-09,0,2020-08-02,spatial,807.5885792446772,2002.595012384722
6079,2020-08-16,1,2020-08-02,spatial,999.3606858320204,2445.5354190811013
6079,2020-08-23,2,2020-08-02,spatial,840.6825367401789,2220.9707470546014
6079,2020-08-30,3,2020-08-02,spatial,642.7202258264592,1050.2312229951006
6081,2020-08-09,0,2020-08-02,spatial,1612.962914409541,3573.861267727719
6081,2020-08-16,1,2020-08-02,spatial,1736.265948192419,4805.113374570342
6081,2020-08-23,2,2020-08-02,spatial,1921.752531422145,5109.972852529495
6081,2020-08-30,3,2020-08-02,spatial,1299.3190054995687,2517.18035399074
6083,2020-08-09,0,2020-08-02,spatial,1142.3502276108375,2069.277753752816
6083,2020-08-16,1,2020-08-02,spatial,1260.7395234403612,2388.5136931508764
6083,2020-08-23,2,2020-08-02,spatial,1771.8292415789042,6805.105625389738
6083,2020-08-30,3,2020-08-02,spatial,1338.6392018083802,3001.0729125593184
6085,2020-08-09,0,2020-08-02,spatial,2727.99783257947,7081.182477490937
6085,2020-08-16,1,2020-08-02,spatial,1551.7066923040802,574.3128455224407
6085,2020-08-23,2,2020-08-02,spatial,1607.9715701637895,588.1634400104368
6085,2020-08-30,3,2020-08-02,spatial,4734.887523549229,12405.537954516749
6087,2020-08-09,0,2020-08-02,spatial,198.19229195160642,292.4325127231627
6087,2020-08-16,1,2020-08-02,spatial,168.71036659548218,175.64523122465909
6087,2020-08-23,2,2020-08-02,spatial,188.19656052083343,324.7515908932374
6087,2020-08-30,3,2020-08-02,spatial,195.09439002145828,512.256051023302
6089,2020-08-09,0,2020-08-02,spatial,119.1393978373742,252.08880749753047
6089,2020-08-16,1,2020-08-02,spatial,142.9369684216093,583.5047464035434
6089,2020-08-23,2,2020-08-02,spatial,180.06826843998104,688.8981501413872
6089,2020-08-30,3,2020-08-02,spatial,125.70229585943508,254.09131793514058
6091,2020-08-09,0,2020-08-02,spatial,1.2589813917039832,0.9314946154553858
6091,2020-08-16,1,2020-08-02,spatial,1.0013570636368914,0.09971997223029014
6091,2020-08-23,2,2020-08-02,spatial,1.0015889700165983,0.1027596162819057
6091,2020-08-30,3,2020-08-02,spatial,1.0040783855964823,0.09723904953790127
6093,2020-08-09,0,2020-08-02,spatial,161.52968668940187,985.7642196999699
6093,2020-08-16,1,2020-08-02,spatial,40.11026396202328,46.78249478809888
6093,2020-08-23,2,2020-08-02,spatial,68.39078212567065,170.13394025438654
6093,2020-08-30,3,2020-08-02,spatial,76.83926982940092,244.4991799504639
6095,2020-08-09,0,2020-08-02,spatial,732.4675145857353,999.4706584083424
6095,2020-08-16,1,2020-08-02,spatial,1122.0762329542283,2424.5218902320253
6095,2020-08-23,2,2020-08-02,spatial,849.0864476143532,1215.6491924706727
6095,2020-08-30,3,2020-08-02,spatial,1126.973367705842,3063.63483810393
6097,2020-08-09,0,2020-08-02,spatial,1167.6405895328487,2523.121297521696
6097,2020-08-16,1,2020-08-02,spatial,1069.6082150458533,1979.8613218313901
6097,2020-08-23,2,2020-08-02,spatial,939.1964911150777,1414.7508116627594
6097,2020-08-30,3,2020-08-02,spatial,1478.6193810915875,4370.716997273885
6099,2020-08-09,0,2020-08-02,spatial,1842.090815109043,4405.6811984860615
6099,2020-08-16,1,2020-08-02,spatial,1935.5495261787744,4301.393759013859
6099,2020-08-23,2,2020-08-02,spatial,1502.3602158032854,1550.3781225210157
6099,2020-08-30,3,2020-08-02,spatial,1404.8348071000887,1203.2504566381904
6101,2020-08-09,0,2020-08-02,spatial,382.1345843478952,748.0284297270209
6101,2020-08-16,1,2020-08-02,spatial,430.12514656769997,1228.0490409241904
6101,2020-08-23,2,2020-08-02,spatial,406.998582711314,797.7893290215849
6101,2020-08-30,3,2020-08-02,spatial,571.7593249212478,1637.3271590161883
6103,2020-08-09,0,2020-08-02,spatial,84.24971975839276,143.2317181174723
6103,2020-08-16,1,2020-08-02,spatial,143.67698516849944,353.62241743989057
6103,2020-08-23,2,2020-08-02,spatial,52.08589546539444,42.65491037982729
6103,2020-08-30,3,2020-08-02,spatial,68.14744590220208,76.90278479499348
6105,2020-08-09,0,2020-08-02,spatial,1.1891569943420943,0.7587332405414617
6105,2020-08-16,1,2020-08-02,spatial,1.104821515544551,0.5156388738033385
6105,2020-08-23,2,2020-08-02,spatial,1.1436572608666489,0.5437878047344302
6105,2020-08-30,3,2020-08-02,spatial,1.0968564012102369,0.5061362124503476
6107,2020-08-09,0,2020-08-02,spatial,3588.9635336369734,10871.983272389409
6107,2020-08-16,1,2020-08-02,spatial,3140.79249487894,10724.607064342244
6107,2020-08-23,2,2020-08-02,spatial,2546.280945761203,4342.674960538182
6107,2020-08-30,3,2020-08-02,spatial,1844.9475975799912,2648.8874498904543
6109,2020-08-09,0,2020-08-02,spatial,17.699154449270587,16.910868925309046
6109,2020-08-16,1,2020-08-02,spatial,15.567647940087321,15.102322747939255
6109,2020-08-23,2,2020-08-02,spatial,15.792717125750716,17.746063948821988
6109,2020-08-30,3,2020-08-02,spatial,22.90295803931776,39.67788013641698
6111,2020-08-09,0,2020-08-02,spatial,1636.5964813491973,2798.4617529313127
6111,2020-08-16,1,2020-08-02,spatial,1756.331095092399,2936.731979759255
6111,2020-08-23,2,2020-08-02,spatial,2063.7155464419493,4645.630838318489
6111,2020-08-30,3,2020-08-02,spatial,2704.024120854869,5771.752323086138
6113,2020-08-09,0,2020-08-02,spatial,426.57827355537086,786.3526427013144
6113,2020-08-16,1,2020-08-02,spatial,257.79524801388334,279.6570168758033
6113,2020-08-23,2,2020-08-02,spatial,452.05620625640887,1078.8477835298113
6113,2020-08-30,3,2020-08-02,spatial,344.5398316077992,490.81487706113853
6115,2020-08-09,0,2020-08-02,spatial,295.4037629127253,605.180584072576
6115,2020-08-16,1,2020-08-02,spatial,414.2423829024867,1163.5151665558792
6115,2020-08-23,2,2020-08-02,spatial,266.27599452469684,473.9584144565229
6115,2020-08-30,3,2020-08-02,spatial,303.7664566550547,684.859105215419
8001,2020-08-09,0,2020-08-02,spatial,630.2319350273913,689.9200963825311
8001,2020-08-16,1,2020-08-02,spatial,441.2992502958202,157.15299313552416
8001,2020-08-23,2,2020-08-02,spatial,513.2339820799958,338.7447976400381
8001,2020-08-30,3,2020-08-02,spatial,561.8364120734146,473.49849773746905
8003,2020-08-09,0,2020-08-02,spatial,2.9062195184220414,3.4073298691111926
8003,2020-08-16,1,2020-08-02,spatial,2.6356496743499847,2.143471755306612
8003,2020-08-23,2,2020-08-02,spatial,2.192838723769416,1.0174450143931826
8003,2020-08-30,3,2020-08-02,spatial,2.733590102387593,2.7781511255204236
8005,2020-08-09,0,2020-08-02,spatial,519.7899789829082,524.7740607652942
8005,2020-08-16,1,2020-08-02,spatial,404.5919420135435,230.33307678570546
8005,2020-08-23,2,2020-08-02,spatial,459.9284561052588,373.3977878424858
8005,2020-08-30,3,2020-08-02,spatial,401.92494915079493,206.95444365628867
8007,2020-08-09,0,2020-08-02,spatial,1.0977265771232607,0.5040065775316489
8007,2020-08-16,1,2020-08-02,spatial,1.033362436170069,0.27948179066195666
8007,2020-08-23,2,2020-08-02,spatial,1.3684403218211232,1.3256838288345765
8007,2020-08-30,3,2020-08-02,spatial,1.4057540264513442,1.3190346833267943
8009,2020-08-09,0,2020-08-02,spatial,1.0116520420131845,0.12417409973789
8009,2020-08-16,1,2020-08-02,spatial,1.1180481000538065,0.6399735197778736
8009,2020-08-23,2,2020-08-02,spatial,0.9995298901018579,0.09794482733885462
8009,2020-08-30,3,2020-08-02,spatial,1.0071134882908923,0.09985494498470424
8011,2020-08-09,0,2020-08-02,spatial,3.1405027999754385,0.9998521184364424
8011,2020-08-16,1,2020-08-02,spatial,3.1899319303163822,1.0842588720723876
8011,2020-08-23,2,2020-08-02,spatial,3.1895473182474614,1.2367022583651122
8011,2020-08-30,3,2020-08-02,spatial,3.2174194734394015,1.1116797404554903
8013,2020-08-09,0,2020-08-02,spatial,180.94233920714044,179.0696059141441
8013,2020-08-16,1,2020-08-02,spatial,203.4106643374668,216.85425259187352
8013,2020-08-23,2,2020-08-02,spatial,194.8823332300816,192.7097493500416
8013,2020-08-30,3,2020-08-02,spatial,149.96692840919502,70.39183536070408
8014,2020-08-09,0,2020-08-02,spatial,79.2580862080867,82.32618887077379
8014,2020-08-16,1,2020-08-02,spatial,99.93583307788056,157.3506517453671
8014,2020-08-23,2,2020-08-02,spatial,80.00920688987696,93.0598472911754
8014,2020-08-30,3,2020-08-02,spatial,79.68406705759331,93.04167739073915
8015,2020-08-09,0,2020-08-02,spatial,30.526506913911906,49.585229998123175
8015,2020-08-16,1,2020-08-02,spatial,26.31825000635527,36.998151896976644
8015,2020-08-23,2,2020-08-02,spatial,21.336448423417405,21.506886315012828
8015,2020-08-30,3,2020-08-02,spatial,20.66003006751227,17.367267823275434
8017,2020-08-09,0,2020-08-02,spatial,1.005268941711874,0.10284982570070704
8017,2020-08-16,1,2020-08-02,spatial,1.0065303422634022,0.09843967303366326
8017,2020-08-23,2,2020-08-02,spatial,1.0530821081362047,0.3435352637729936
8017,2020-08-30,3,2020-08-02,spatial,1.0564019039556578,0.3451439521145617
8019,2020-08-09,0,2020-08-02,spatial,2.1959803972707097,1.1204596645923717
8019,2020-08-16,1,2020-08-02,spatial,2.3447114528301123,1.2640706878648718
8019,2020-08-23,2,2020-08-02,spatial,2.344997805095723,1.4889415856688466
8019,2020-08-30,3,2020-08-02,spatial,2.301592078035608,1.3033395488334505
8021,2020-08-09,0,2020-08-02,spatial,1.0414054964972503,0.2524382997281909
8021,2020-08-16,1,2020-08-02,spatial,1.0380975330665974,0.2368821585456196
8021,2020-08-23,2,2020-08-02,spatial,1.0017787743733888,0.12132192965994115
8021,2020-08-30,3,2020-08-02,spatial,1.0115253667391164,0.1290893558182502
8023,2020-08-09,0,2020-08-02,spatial,1.0036538862752316,0.1053620760347838
8023,2020-08-16,1,2020-08-02,spatial,1.0028566454651864,0.10103384565357856
8023,2020-08-23,2,2020-08-02,spatial,1.0036967490558184,0.10121732352071196
8023,2020-08-30,3,2020-08-02,spatial,1.1696796619449774,0.6836780659629031
8025,2020-08-09,0,2020-08-02,spatial,1.032364698966741,0.2123779972419708
8025,2020-08-16,1,2020-08-02,spatial,1.0200906561218521,0.2182000738969564
8025,2020-08-23,2,2020-08-02,spatial,1.2034416297864885,0.8318651274345289
8025,2020-08-30,3,2020-08-02,spatial,1.0024911117047326,0.09997177950221894
8027,2020-08-09,0,2020-08-02,spatial,1.2145147501344438,0.8663801526352113
8027,2020-08-16,1,2020-08-02,spatial,1.0263643196941374,0.21395748755923927
8027,2020-08-23,2,2020-08-02,spatial,1.0043529085737524,0.1027894406674165
8027,2020-08-30,3,2020-08-02,spatial,1.0034176977827651,0.10225739317627912
8029,2020-08-09,0,2020-08-02,spatial,19.40380845261766,15.8402145468287
8029,2020-08-16,1,2020-08-02,spatial,24.7810561975418,54.319305073154
8029,2020-08-23,2,2020-08-02,spatial,25.895875654085874,32.956039807304805
8029,2020-08-30,3,2020-08-02,spatial,22.803318220282712,25.552903919339162
8031,2020-08-09,0,2020-08-02,spatial,680.4595744461061,728.1899201078028
8031,2020-08-16,1,2020-08-02,spatial,554.034863791985,325.1156576152054
8031,2020-08-23,2,2020-08-02,spatial,581.7498788183748,392.2491690718613
8031,2020-08-30,3,2020-08-02,spatial,887.9611456147687,1252.4017470076708
8033,2020-08-09,0,2020-08-02,spatial,1.0103571844062214,0.10163571477637512
8033,2020-08-16,1,2020-08-02,spatial,1.0025477958090916,0.10232350375689936
8033,2020-08-23,2,2020-08-02,spatial,1.000788974876945,0.10186398579985492
8033,2020-08-30,3,2020-08-02,spatial,1.0055734215346013,0.1287718110946874
8035,2020-08-09,0,2020-08-02,spatial,131.76362491494336,106.91964256711472
8035,2020-08-16,1,2020-08-02,spatial,174.17122417323262,236.2580474115097
8035,2020-08-23,2,2020-08-02,spatial,126.79779790963259,96.99923556015476
8035,2020-08-30,3,2020-08-02,spatial,151.46639660592044,152.25171375362712
8037,2020-08-09,0,2020-08-02,spatial,111.63586460818209,121.49286691137956
8037,2020-08-16,1,2020-08-02,spatial,107.87778935345243,106.84163528603183
8037,2020-08-23,2,2020-08-02,spatial,92.2144590962196,58.547155585821784
8037,2020-08-30,3,2020-08-02,spatial,106.48448224333298,98.51416761700015
8039,2020-08-09,0,2020-08-02,spatial,23.466565865261842,20.79429908160389
8039,2020-08-16,1,2020-08-02,spatial,30.976003792057863,39.76405668692964
8039,2020-08-23,2,2020-08-02,spatial,27.276730973649588,36.27289675878843
8039,2020-08-30,3,2020-08-02,spatial,27.173312001330533,29.340650429228297
8041,2020-08-09,0,2020-08-02,spatial,428.50642551103783,117.94447534710808
8041,2020-08-16,1,2020-08-02,spatial,451.7400101566751,207.58128174834943
8041,2020-08-23,2,2020-08-02,spatial,498.58600724440817,356.15893807209
8041,2020-08-30,3,2020-08-02,spatial,701.0724436259712,1010.3193465095757
8043,2020-08-09,0,2020-08-02,spatial,14.464169694374805,8.829966286349439
8043,2020-08-16,1,2020-08-02,spatial,19.602215180819407,24.66364223014889
8043,2020-08-23,2,2020-08-02,spatial,16.746288822947164,14.583063445264447
8043,2020-08-30,3,2020-08-02,spatial,17.370480881949927,16.104240968572395
8045,2020-08-09,0,2020-08-02,spatial,68.25423438236021,43.77195144092844
8045,2020-08-16,1,2020-08-02,spatial,89.03980448523853,113.98166584510584
8045,2020-08-23,2,2020-08-02,spatial,96.51472756772236,131.63422840445878
8045,2020-08-30,3,2020-08-02,spatial,78.3044646082888,71.62967068355523
8047,2020-08-09,0,2020-08-02,spatial,1.0083413138213813,0.1224878071106026
8047,2020-08-16,1,2020-08-02,spatial,1.0033113386966601,0.0985799965025106
8047,2020-08-23,2,2020-08-02,spatial,1.0062495024536269,0.10175646452040024
8047,2020-08-30,3,2020-08-02,spatial,1.0095482264381794,0.10408187918313287
8049,2020-08-09,0,2020-08-02,spatial,2.2936989382876165,1.302597176516345
8049,2020-08-16,1,2020-08-02,spatial,3.2405601604794745,4.044449839214382
8049,2020-08-23,2,2020-08-02,spatial,2.5795508205074675,2.0632981512874813
8049,2020-08-30,3,2020-08-02,spatial,2.550268857464229,2.0519935639585403
8051,2020-08-09,0,2020-08-02,spatial,32.09369821131611,35.69654795952285
8051,2020-08-16,1,2020-08-02,spatial,27.609977720070376,18.523474115911764
8051,2020-08-23,2,2020-08-02,spatial,26.531241488394322,18.000882105812536
8051,2020-08-30,3,2020-08-02,spatial,26.808705055317716,11.323392894792676
8053,2020-08-09,0,2020-08-02,spatial,1.0196100155966437,0.21570302700391566
8053,2020-08-16,1,2020-08-02,spatial,1.0313769131405208,0.21380735806308865
8053,2020-08-23,2,2020-08-02,spatial,1.183747070847187,0.7071905962032089
8053,2020-08-30,3,2020-08-02,spatial,1.1103341420396504,0.6520103862874143
8055,2020-08-09,0,2020-08-02,spatial,1.0172760005056982,0.20269874105837624
8055,2020-08-16,1,2020-08-02,spatial,1.012751441370472,0.2147048028026464
8055,2020-08-23,2,2020-08-02,spatial,1.0015768377535408,0.09857407918316284
8055,2020-08-30,3,2020-08-02,spatial,1.0034863760424175,0.101988234415839
8057,2020-08-09,0,2020-08-02,spatial,1.0089951465853466,0.09955177101669616
8057,2020-08-16,1,2020-08-02,spatial,1.008726244278052,0.10422813444163212
8057,2020-08-23,2,2020-08-02,spatial,1.0082288645183275,0.0991619739255562
8057,2020-08-30,3,2020-08-02,spatial,1.0071882638685383,0.10592260372516893
8059,2020-08-09,0,2020-08-02,spatial,348.82932473484925,327.02596395688596
8059,2020-08-16,1,2020-08-02,spatial,330.39564213125175,271.8200764226485
8059,2020-08-23,2,2020-08-02,spatial,381.1843087052445,436.87945912685285
8059,2020-08-30,3,2020-08-02,spatial,360.80982372338167,396.7349750180196
8061,2020-08-09,0,2020-08-02,spatial,1.010681444578711,0.17598940511425212
8061,2020-08-16,1,2020-08-02,spatial,1.0738853610910954,0.3799388477526411
8061,2020-08-23,2,2020-08-02,spatial,1.004648152931936,0.09859620200391027
8061,2020-08-30,3,2020-08-02,spatial,1.002710610567147,0.10268612652646894
8063,2020-08-09,0,2020-08-02,spatial,8.095699279823956,5.0552230731608905
8063,2020-08-16,1,2020-08-02,spatial,8.645932363931646,5.8273036804267955
8063,2020-08-23,2,2020-08-02,spatial,8.013740116638049,3.9631717665901887
8063,2020-08-30,3,2020-08-02,spatial,8.773709177356546,5.956262830025644
8065,2020-08-09,0,2020-08-02,spatial,9.373922076095164,10.639423138815456
8065,2020-08-16,1,2020-08-02,spatial,7.3419169323828255,5.610427457815557
8065,2020-08-23,2,2020-08-02,spatial,9.466259950048054,6.402877854812795
8065,2020-08-30,3,2020-08-02,spatial,7.27120773658108,5.0749488566091765
8067,2020-08-09,0,2020-08-02,spatial,9.460995251895994,5.79958695286224
8067,2020-08-16,1,2020-08-02,spatial,9.724790847645142,6.998748584160161
8067,2020-08-23,2,2020-08-02,spatial,8.728874040398408,3.5965226914625927
8067,2020-08-30,3,2020-08-02,spatial,8.849716013641356,4.314902974840422
8069,2020-08-09,0,2020-08-02,spatial,223.59416242101616,242.36213900155715
8069,2020-08-16,1,2020-08-02,spatial,245.97422658632684,260.11364578168747
8069,2020-08-23,2,2020-08-02,spatial,158.18646551171082,31.26150994352787
8069,2020-08-30,3,2020-08-02,spatial,172.56465483557344,100.68779119402876
8071,2020-08-09,0,2020-08-02,spatial,1.0040151291551394,0.10188940591048784
8071,2020-08-16,1,2020-08-02,spatial,1.0196158821047527,0.19289422463178998
8071,2020-08-23,2,2020-08-02,spatial,1.016001272937466,0.19610709821290268
8071,2020-08-30,3,2020-08-02,spatial,1.000345733157581,0.09621355557198122
8073,2020-08-09,0,2020-08-02,spatial,1.0361302013355458,0.25810712421203635
8073,2020-08-16,1,2020-08-02,spatial,1.0335770073393495,0.2666989982763879
8073,2020-08-23,2,2020-08-02,spatial,1.0330649232242264,0.2659290535662555
8073,2020-08-30,3,2020-08-02,spatial,1.0069932528482146,0.14422098520405674
8075,2020-08-09,0,2020-08-02,spatial,3.4766011676360202,2.2286691369558964
8075,2020-08-16,1,2020-08-02,spatial,3.5479593538946848,2.20342792333732
8075,2020-08-23,2,2020-08-02,spatial,3.857507584523522,3.36371660020098
8075,2020-08-30,3,2020-08-02,spatial,3.4448861548248964,1.81497262266507
80001,2020-08-09,0,2020-08-02,spatial,1.0548196651529729,0.3733508918869521
80001,2020-08-16,1,2020-08-02,spatial,1.1467596411569232,0.5750593657999067
80001,2020-08-23,2,2020-08-02,spatial,1.14661386328447,0.5745615933835216
80001,2020-08-30,3,2020-08-02,spatial,1.1234352815952977,0.5865293069039031
80002,2020-08-09,0,2020-08-02,spatial,1.0111523588660871,0.104957907819792
80002,2020-08-16,1,2020-08-02,spatial,1.000665363527001,0.0967927216341315
80002,2020-08-23,2,2020-08-02,spatial,1.003722035014722,0.10009753168800398
80002,2020-08-30,3,2020-08-02,spatial,1.0083545567047434,0.1209290508894576
80004,2020-08-09,0,2020-08-02,spatial,1.0032179224058273,0.10287390866229652
80004,2020-08-16,1,2020-08-02,spatial,1.075001287178623,0.377516541700964
80004,2020-08-23,2,2020-08-02,spatial,1.187336149895259,0.6347819332934289
80004,2020-08-30,3,2020-08-02,spatial,1.1790969043365844,0.692500674809458
80005,2020-08-09,0,2020-08-02,spatial,1.0760467242253855,0.4069097382549252
80005,2020-08-16,1,2020-08-02,spatial,1.0145147445051808,0.2070670748149848
80005,2020-08-23,2,2020-08-02,spatial,1.0165999596830688,0.20520153599453653
80005,2020-08-30,3,2020-08-02,spatial,1.0261201093395902,0.21153697874884306
80006,2020-08-09,0,2020-08-02,spatial,1.2267530600834269,0.9137327020271764
80006,2020-08-16,1,2020-08-02,spatial,1.1900497785688833,0.8340718587714443
80006,2020-08-23,2,2020-08-02,spatial,1.2552958258590017,0.9770676222841702
80006,2020-08-30,3,2020-08-02,spatial,1.10265467694051,0.6244907390156657
90001,2020-08-09,0,2020-08-02,spatial,2410.186933286076,4457.162788412899
90001,2020-08-16,1,2020-08-02,spatial,1638.9021564809534,2378.811247876602
90001,2020-08-23,2,2020-08-02,spatial,1613.7310689038882,2024.5905594685605
90001,2020-08-30,3,2020-08-02,spatial,1666.4624780333304,2126.522363020249
90002,2020-08-09,0,2020-08-02,spatial,1.0013591732808471,0.09884453969620184
90002,2020-08-16,1,2020-08-02,spatial,1.0001726505719066,0.09931649771109642
90002,2020-08-23,2,2020-08-02,spatial,1.00029967136719,0.10015234351549587
90002,2020-08-30,3,2020-08-02,spatial,1.0056393113433344,0.10043557139246599
90004,2020-08-09,0,2020-08-02,spatial,1.4809475105188443,0.8621214621530396
90004,2020-08-16,1,2020-08-02,spatial,1.5105216007589268,0.8474697754872617
90004,2020-08-23,2,2020-08-02,spatial,2.9828408313556047,3.6160225885469455
90004,2020-08-30,3,2020-08-02,spatial,2.8414290733974377,3.2490205339333165
90005,2020-08-09,0,2020-08-02,spatial,529.5502069989711,189.2253026295021
90005,2020-08-16,1,2020-08-02,spatial,285.7279978301417,271.3120348123288
90005,2020-08-23,2,2020-08-02,spatial,322.3926424415671,335.7764272191025
90005,2020-08-30,3,2020-08-02,spatial,308.4445227272995,345.20357525747283
90006,2020-08-09,0,2020-08-02,spatial,1.0763343059346595,0.3837823054925649
90006,2020-08-16,1,2020-08-02,spatial,1.4325419145205682,1.4899062587860286
90006,2020-08-23,2,2020-08-02,spatial,1.4573899087281648,1.5395239903320994
90006,2020-08-30,3,2020-08-02,spatial,1.5334941327741516,1.6245720225848819
