cnty,fct,fct_date,fct_mape,horizon,iter,method,step_ahead,train_mape,train_mse,true
51036,4.000000005911079,2020-05-24,300.0000005911079,2020-05-17,0,spatial,1-step_ahead,5.267032171518693e-07,2.285525850245581e-16,1.0
51036,3.9999999977890894,2020-05-31,299.99999977890894,2020-05-17,0,spatial,2-step_ahead,2.647138696074268e-07,7.256013123732189e-17,1.0
51036,4.00000000000001,2020-06-07,300.00000000000097,2020-05-17,0,spatial,3-step_ahead,1.0355473092783456e-13,1.7847977980625392e-29,1.0
51036,4.063810692592712,2020-06-14,41.94556153438981,2020-05-17,0,spatial,4-step_ahead,7.872695403617308,0.08563239326631049,6.999999999999999
51115,1.0,2020-06-07,0.0,2020-05-31,0,spatial,1-step_ahead,0.0,0.0,1.0
51115,1.0,2020-06-14,0.0,2020-05-31,0,spatial,2-step_ahead,0.0,0.0,1.0
51115,1.0,2020-06-21,0.0,2020-05-31,0,spatial,3-step_ahead,0.0,0.0,1.0
51115,1.0,2020-06-28,,2020-05-31,0,spatial,4-step_ahead,0.0,0.0,
51041,334.9999999999901,2020-06-07,4.829545454548233,2020-05-31,0,spatial,1-step_ahead,3.176666958099781e-12,4.3231016488402564e-23,351.99999999999983
51041,334.99999999999517,2020-06-14,14.102564102565355,2020-05-31,0,spatial,2-step_ahead,1.0985715164327524e-12,9.231060986279027e-24,390.00000000000006
51041,335.0000000271213,2020-06-21,99.40476192090557,2020-05-31,0,spatial,3-step_ahead,1.1013434542205147e-08,5.395291719185078e-16,167.99999999999997
51041,334.99999994648624,2020-06-28,,2020-05-31,0,spatial,4-step_ahead,1.4840610989389945e-07,1.20985572101517e-13,
51001,127.98584308596331,2020-06-07,611.0324615886852,2020-05-31,0,ar,1-step_ahead,86.58676174084715,3895.444656442965,17.999999999999996
51001,127.98584308596331,2020-06-14,276.42895025283315,2020-05-31,0,ar,2-step_ahead,86.58676174084715,3895.444656442965,34.00000000000001
51001,127.98584308596331,2020-06-21,1322.0649231773698,2020-05-31,0,ar,3-step_ahead,86.58676174084715,3895.444656442965,9.000000000000002
51001,127.98584308596331,2020-06-28,,2020-05-31,0,ar,4-step_ahead,86.58676174084715,3895.444656442965,
51051,1.0,2020-06-07,0.0,2020-05-31,0,spatial,1-step_ahead,0.0,0.0,1.0
51051,1.0,2020-06-14,0.0,2020-05-31,0,spatial,2-step_ahead,0.0,0.0,1.0
51051,1.0,2020-06-21,0.0,2020-05-31,0,spatial,3-step_ahead,0.0,0.0,1.0
51051,1.0,2020-06-28,,2020-05-31,0,spatial,4-step_ahead,0.0,0.0,
51187,65.9999999999995,2020-06-07,999.9999999999916,2020-05-31,0,spatial_mob,1-step_ahead,9.003985860246035e-13,5.822030138802632e-26,6.0
51187,65.99999999944566,2020-06-14,999.999999990761,2020-05-31,0,spatial_mob,2-step_ahead,1.4171721093537223e-08,1.0675735247914119e-17,6.0
51187,66.00000000000021,2020-06-21,127.58620689655243,2020-05-31,0,spatial_mob,3-step_ahead,2.0025264056887714e-13,9.176030049530808e-27,29.000000000000004
51187,65.99999999999997,2020-06-28,,2020-05-31,0,spatial_mob,4-step_ahead,1.1481189822566901e-13,1.0389298121760724e-27,
51181,1.0000000000000002,2020-05-24,66.66666666666666,2020-05-17,0,spatial_mob,1-step_ahead,2.220446049250313e-14,6.779273404243069e-32,3.0000000000000004
51181,1.0,2020-05-31,0.0,2020-05-17,0,spatial_mob,2-step_ahead,1.3877787807814455e-15,6.162975822039155e-33,1.0
51181,0.9999999999999992,2020-06-07,7.771561172376096e-14,2020-05-17,0,spatial_mob,3-step_ahead,9.020562075079396e-14,1.23875814022987e-30,1.0
51181,0.9999999999999996,2020-06-14,3.330669073875469e-14,2020-05-17,0,spatial_mob,4-step_ahead,2.7755575615628914e-14,1.3404472412935162e-31,1.0
51117,17.216058832961107,2020-06-07,473.86862776537004,2020-05-31,0,ar,1-step_ahead,68.79581236554961,149.0415151542675,3.0000000000000004
51117,17.216058832961107,2020-06-14,145.94369761373008,2020-05-31,0,ar,2-step_ahead,68.79581236554961,149.0415151542675,6.999999999999999
51117,6.696118001296988,2020-06-21,234.8059000648493,2020-05-31,0,ar,3-step_ahead,48.62858908102628,124.56168708226828,2.0
51117,4.000000000000004,2020-06-28,,2020-05-31,0,ar,4-step_ahead,19.13987420467287,18.800915427406093,
51105,1.0,2020-06-07,0.0,2020-05-31,0,spatial,1-step_ahead,0.0,0.0,1.0
51105,1.0,2020-06-14,0.0,2020-05-31,0,spatial,2-step_ahead,0.0,0.0,1.0
51105,1.0,2020-06-21,0.0,2020-05-31,0,spatial,3-step_ahead,0.0,0.0,1.0
51105,1.0,2020-06-28,,2020-05-31,0,spatial,4-step_ahead,0.0,0.0,
51127,0.9999999999999992,2020-05-24,87.50000000000001,2020-05-17,0,ar,1-step_ahead,13.390598992457766,0.6441009396028868,7.999999999999997
51127,0.9999999999999992,2020-05-31,83.33333333333334,2020-05-17,0,ar,2-step_ahead,13.390598992457766,0.6441009396028868,6.0
51127,1.1623875181720877,2020-06-07,16.238751817208797,2020-05-17,0,ar,3-step_ahead,16.57452370211609,0.6531996388295339,1.0
51127,1.1608601355829522,2020-06-14,41.9569932208524,2020-05-17,0,ar,4-step_ahead,30.263682156036538,1.6756454504027265,2.0
51067,1.00000000015508,2020-05-24,66.66666666149736,2020-05-17,0,spatial_mob,1-step_ahead,1.7249448166130794e-08,5.39038851780528e-19,3.0000000000000004
51067,0.9999999858858938,2020-05-31,50.00000070570532,2020-05-17,0,spatial_mob,2-step_ahead,1.2372554286654849e-06,5.476904992278557e-15,2.0
51067,0.9999999849736708,2020-06-07,66.6666671675443,2020-05-17,0,spatial_mob,3-step_ahead,2.340312589554916e-06,1.161489702125636e-14,3.0000000000000004
51067,1.2019828293262045,2020-06-14,69.95042926684489,2020-05-17,0,spatial_mob,4-step_ahead,41.57961010367279,2.2436922669091293,4.0
51149,65.00000000000391,2020-05-31,242.10526315791532,2020-05-24,0,spatial_mob,1-step_ahead,4.4198547955468315e-12,2.0078280537568902e-24,19.0
51149,65.00000000000038,2020-06-07,333.3333333333359,2020-05-24,0,spatial_mob,2-step_ahead,6.108314234288083e-13,1.5574776674617894e-26,15.0
51149,64.99999999999974,2020-06-14,132.1428571428563,2020-05-24,0,spatial_mob,3-step_ahead,2.3104974723587977e-13,4.351929909950551e-27,28.0
51149,64.9999999999998,2020-06-21,182.60869565217305,2020-05-24,0,spatial_mob,4-step_ahead,7.560452738697906e-13,9.335560219428248e-27,23.0
51171,30.999999999999808,2020-06-07,3.1250000000005995,2020-05-31,0,spatial,1-step_ahead,5.233129304390441e-13,1.4584460415726064e-25,32.0
51171,31.00000000000187,2020-06-14,19.230769230776414,2020-05-31,0,spatial,2-step_ahead,6.186203800758818e-12,1.5035923934062238e-23,26.000000000000004
51171,31.00000000000028,2020-06-21,210.00000000000276,2020-05-31,0,spatial,3-step_ahead,1.0527480344518031e-12,5.475530874793355e-25,10.000000000000002
51171,31.00000000000028,2020-06-28,,2020-05-31,0,spatial,4-step_ahead,1.0527480344518031e-12,5.475530874793355e-25,
51149,20.196143244729303,2020-05-31,6.295490761733192,2020-05-24,0,ar,1-step_ahead,110.5512620068815,295.0858677109298,19.0
51149,64.99999999999969,2020-06-07,333.33333333333127,2020-05-24,0,ar,2-step_ahead,78.88561829793323,7.264033737705897,15.0
51149,64.99999999999969,2020-06-14,132.14285714285606,2020-05-24,0,ar,3-step_ahead,78.88561829793323,7.264033737705897,28.0
51149,64.99999999999969,2020-06-21,182.60869565217254,2020-05-24,0,ar,4-step_ahead,78.88561829793323,7.264033737705897,23.0
51091,1.0,2020-06-07,0.0,2020-05-31,0,spatial,1-step_ahead,0.0,0.0,1.0
51091,1.0,2020-06-14,0.0,2020-05-31,0,spatial,2-step_ahead,0.0,0.0,1.0
51091,1.0,2020-06-21,0.0,2020-05-31,0,spatial,3-step_ahead,0.0,0.0,1.0
51091,1.0,2020-06-28,,2020-05-31,0,spatial,4-step_ahead,0.0,0.0,
51105,1.0,2020-06-07,0.0,2020-05-31,0,spatial_mob,1-step_ahead,0.0,0.0,1.0
51105,1.0,2020-06-14,0.0,2020-05-31,0,spatial_mob,2-step_ahead,0.0,0.0,1.0
51105,1.0,2020-06-21,0.0,2020-05-31,0,spatial_mob,3-step_ahead,0.0,0.0,1.0
51105,1.0,2020-06-28,,2020-05-31,0,spatial_mob,4-step_ahead,0.0,0.0,
51171,30.999999999999808,2020-06-07,3.1250000000005995,2020-05-31,0,spatial_mob,1-step_ahead,5.233129304390441e-13,1.4584460415726064e-25,32.0
51171,31.00000000000187,2020-06-14,19.230769230776414,2020-05-31,0,spatial_mob,2-step_ahead,6.186203800758818e-12,1.5035923934062238e-23,26.000000000000004
51171,31.00000000000028,2020-06-21,210.00000000000276,2020-05-31,0,spatial_mob,3-step_ahead,1.0527480344518031e-12,5.475530874793355e-25,10.000000000000002
51171,31.00000000000028,2020-06-28,,2020-05-31,0,spatial_mob,4-step_ahead,1.0527480344518031e-12,5.475530874793355e-25,
51167,1.0,2020-06-07,0.0,2020-05-31,0,ar,1-step_ahead,0.0,0.0,1.0
51167,1.0,2020-06-14,0.0,2020-05-31,0,ar,2-step_ahead,0.0,0.0,1.0
51167,1.0,2020-06-21,0.0,2020-05-31,0,ar,3-step_ahead,0.0,0.0,1.0
51167,1.0,2020-06-28,,2020-05-31,0,ar,4-step_ahead,0.0,0.0,
51183,38.99999999999993,2020-05-31,94.9999999999997,2020-05-24,0,spatial,1-step_ahead,2.994012098481893e-13,1.3426782385410943e-27,20.0
51183,38.999999999995346,2020-06-07,1849.9999999997672,2020-05-24,0,spatial,2-step_ahead,7.618187148748977e-12,8.027195186941067e-24,2.0
51183,39.00000000000062,2020-06-14,550.0000000000103,2020-05-24,0,spatial,3-step_ahead,1.0229578733021531e-12,1.3014516897069036e-25,6.0
51183,38.99999999999993,2020-06-21,679.9999999999987,2020-05-24,0,spatial,4-step_ahead,1.1378182310219576e-13,1.6211338121324674e-27,4.999999999999999
51179,62.00000000000023,2020-06-07,44.14414414414394,2020-05-31,0,spatial_mob,1-step_ahead,6.051007794947106e-13,3.440380179849877e-25,110.99999999999996
51179,61.99999999999819,2020-06-14,44.186046511623694,2020-05-31,0,spatial_mob,2-step_ahead,2.64595143935196e-12,5.767671311545664e-24,43.0
51179,62.00000000000001,2020-06-21,129.62962962962965,2020-05-31,0,spatial_mob,3-step_ahead,1.2492404352985752e-13,3.9809076721073134e-26,27.0
51179,61.99999999999979,2020-06-28,,2020-05-31,0,spatial_mob,4-step_ahead,1.9613002798757855e-13,4.5753932502818685e-26,
51036,4.000000005911079,2020-05-24,300.0000005911079,2020-05-17,0,spatial_mob,1-step_ahead,5.267032171518693e-07,2.285525850245581e-16,1.0
51036,3.9999999977890894,2020-05-31,299.99999977890894,2020-05-17,0,spatial_mob,2-step_ahead,2.647138696074268e-07,7.256013123732189e-17,1.0
51036,4.00000000000001,2020-06-07,300.00000000000097,2020-05-17,0,spatial_mob,3-step_ahead,1.0355473092783456e-13,1.7847977980625392e-29,1.0
51036,4.063810692592712,2020-06-14,41.94556153438981,2020-05-17,0,spatial_mob,4-step_ahead,7.872695403617308,0.08563239326631049,6.999999999999999
51121,3.0000000000367337,2020-05-31,82.3529411762545,2020-05-24,0,spatial,1-step_ahead,2.5109603761310136e-08,2.844873563120691e-17,17.0
51121,2.9999999999999742,2020-06-07,25.000000000000643,2020-05-24,0,spatial,2-step_ahead,5.395816069085954e-13,2.896267376407968e-27,4.0
51121,2.9999999999999503,2020-06-14,70.00000000000051,2020-05-24,0,spatial,3-step_ahead,1.5882136875485947e-12,6.810336343130102e-27,10.000000000000002
51121,3.0000000057961524,2020-06-21,62.499999927548075,2020-05-24,0,spatial,4-step_ahead,1.5328651172448932e-07,1.1343199332997549e-16,7.999999999999997
51187,65.9999999999995,2020-06-07,999.9999999999916,2020-05-31,0,spatial,1-step_ahead,9.003985860246035e-13,5.822030138802632e-26,6.0
51187,65.99999999944566,2020-06-14,999.999999990761,2020-05-31,0,spatial,2-step_ahead,1.4171721093537223e-08,1.0675735247914119e-17,6.0
51187,66.00000000000021,2020-06-21,127.58620689655243,2020-05-31,0,spatial,3-step_ahead,2.0025264056887714e-13,9.176030049530808e-27,29.000000000000004
51187,65.99999999999997,2020-06-28,,2020-05-31,0,spatial,4-step_ahead,1.1481189822566901e-13,1.0389298121760724e-27,
51097,1.0,2020-05-24,50.0,2020-05-17,0,spatial_mob,1-step_ahead,0.0,0.0,2.0
51097,1.0,2020-05-31,90.9090909090909,2020-05-17,0,spatial_mob,2-step_ahead,0.0,0.0,11.000000000000002
51097,1.0,2020-06-07,0.0,2020-05-17,0,spatial_mob,3-step_ahead,0.0,0.0,1.0
51097,1.0,2020-06-14,0.0,2020-05-17,0,spatial_mob,4-step_ahead,0.0,0.0,1.0
51069,47.99999999999977,2020-06-07,41.1764705882346,2020-05-31,0,spatial_mob,1-step_ahead,3.687864298957361e-13,3.600242842292915e-26,34.00000000000001
51069,48.000000000000064,2020-06-14,140.0000000000004,2020-05-31,0,spatial_mob,2-step_ahead,2.375846092067205e-13,1.1708273555290256e-26,20.0
51069,47.99999999999992,2020-06-21,336.36363636363564,2020-05-31,0,spatial_mob,3-step_ahead,1.9564777957863902e-13,2.3650049938525928e-26,11.000000000000002
51069,47.999999999999936,2020-06-28,,2020-05-31,0,spatial_mob,4-step_ahead,2.650130094561949e-13,1.7566749067914099e-26,
51036,1.9222704778776618,2020-05-24,92.22704778776621,2020-05-17,0,ar,1-step_ahead,63.16853035490881,3.730916013927781,1.0
51036,1.9222704778776618,2020-05-31,92.22704778776621,2020-05-17,0,ar,2-step_ahead,63.16853035490881,3.730916013927781,1.0
51036,1.9222704778776618,2020-06-07,92.22704778776621,2020-05-17,0,ar,3-step_ahead,63.16853035490881,3.730916013927781,1.0
51036,1.9222704778776618,2020-06-14,72.53899317317625,2020-05-17,0,ar,4-step_ahead,63.16853035490881,3.730916013927781,6.999999999999999
51185,1.0,2020-05-31,50.0,2020-05-24,0,spatial_mob,1-step_ahead,0.0,0.0,2.0
51185,1.0,2020-06-07,0.0,2020-05-24,0,spatial_mob,2-step_ahead,0.0,0.0,1.0
51185,1.0,2020-06-14,0.0,2020-05-24,0,spatial_mob,3-step_ahead,0.0,0.0,1.0
51185,1.0,2020-06-21,0.0,2020-05-24,0,spatial_mob,4-step_ahead,0.0,0.0,1.0
51059,1148.9999999999213,2020-06-07,30.272108843528482,2020-05-31,0,spatial,1-step_ahead,6.8159538899196734e-12,1.0035227560109753e-20,882.0000000000001
51059,1148.9999999999875,2020-06-14,186.5336658354084,2020-05-31,0,spatial,2-step_ahead,1.3225633127917206e-12,3.8056770525974853e-22,401.00000000000006
51059,1149.000003037476,2020-06-21,367.0731719664538,2020-05-31,0,spatial,3-step_ahead,1.8361849040971984e-07,8.804831042225945e-12,245.99999999999991
51059,1149.0000008860904,2020-06-28,,2020-05-31,0,spatial,4-step_ahead,3.799999161200893e-08,6.125087381109208e-13,
51069,56.443229316896975,2020-06-07,66.0094979908734,2020-05-31,0,ar,1-step_ahead,24.19055646817025,298.60223370140784,34.00000000000001
51069,56.443229316896975,2020-06-14,182.2161465844849,2020-05-31,0,ar,2-step_ahead,24.19055646817025,298.60223370140784,20.0
51069,60.34002344073574,2020-06-21,448.5456676430521,2020-05-31,0,ar,3-step_ahead,22.156540139268003,176.6565433397393,11.000000000000002
51069,60.34002344073574,2020-06-28,,2020-05-31,0,ar,4-step_ahead,22.156540139268003,176.6565433397393,
51001,106.00000000000195,2020-06-07,488.88888888889977,2020-05-31,0,spatial,1-step_ahead,1.7644246570541083e-12,5.6444528158719516e-24,17.999999999999996
51001,106.00000000000007,2020-06-14,211.7647058823531,2020-05-31,0,spatial,2-step_ahead,1.3225818459737966e-13,4.646232959570715e-26,34.00000000000001
51001,106.00000000000007,2020-06-21,1077.7777777777783,2020-05-31,0,spatial,3-step_ahead,1.3225818459737966e-13,4.646232959570715e-26,9.000000000000002
51001,105.99999999998802,2020-06-28,,2020-05-31,0,spatial,4-step_ahead,8.750236833037282e-12,1.7022743014609002e-22,
51001,106.00000000000195,2020-06-07,488.88888888889977,2020-05-31,0,spatial_mob,1-step_ahead,1.7644246570541083e-12,5.6444528158719516e-24,17.999999999999996
51001,106.00000000000007,2020-06-14,211.7647058823531,2020-05-31,0,spatial_mob,2-step_ahead,1.3225818459737966e-13,4.646232959570715e-26,34.00000000000001
51001,106.00000000000007,2020-06-21,1077.7777777777783,2020-05-31,0,spatial_mob,3-step_ahead,1.3225818459737966e-13,4.646232959570715e-26,9.000000000000002
51001,105.99999999998802,2020-06-28,,2020-05-31,0,spatial_mob,4-step_ahead,8.750236833037282e-12,1.7022743014609002e-22,
51185,1.0,2020-05-31,50.0,2020-05-24,0,spatial,1-step_ahead,0.0,0.0,2.0
51185,1.0,2020-06-07,0.0,2020-05-24,0,spatial,2-step_ahead,0.0,0.0,1.0
51185,1.0,2020-06-14,0.0,2020-05-24,0,spatial,3-step_ahead,0.0,0.0,1.0
51185,1.0,2020-06-21,0.0,2020-05-24,0,spatial,4-step_ahead,0.0,0.0,1.0
51095,11.607084189567098,2020-05-24,28.96760210630109,2020-05-17,0,ar,1-step_ahead,24.352060184267874,24.49193304681968,9.000000000000002
51095,11.607084189567098,2020-05-31,45.08855236958878,2020-05-17,0,ar,2-step_ahead,24.352060184267874,24.49193304681968,7.999999999999997
51095,11.607084189567098,2020-06-07,38.910083212804714,2020-05-17,0,ar,3-step_ahead,24.352060184267874,24.49193304681968,19.0
51095,9.673170340040194,2020-06-14,38.18814771485993,2020-05-17,0,ar,4-step_ahead,21.96459815616587,17.314318031582165,6.999999999999999
51117,4.000000000000004,2020-06-07,33.33333333333346,2020-05-31,0,spatial_mob,1-step_ahead,4.3997816662119714e-13,1.1928858785912683e-26,3.0000000000000004
51117,3.999999999999908,2020-06-14,42.85714285714417,2020-05-31,0,spatial_mob,2-step_ahead,2.0924157984122273e-12,2.225290825005031e-25,6.999999999999999
51117,4.000000000000006,2020-06-21,100.00000000000037,2020-05-31,0,spatial_mob,3-step_ahead,2.321735260971915e-13,7.154179549449356e-27,2.0
51117,4.000000000000038,2020-06-28,,2020-05-31,0,spatial_mob,4-step_ahead,8.02594086817998e-13,3.71889738319947e-26,
51199,9.000000000000037,2020-06-07,12.50000000000049,2020-05-31,0,spatial,1-step_ahead,2.2728732476353894e-13,8.747481362769495e-28,7.999999999999997
51199,9.000000000000021,2020-06-14,50.00000000000036,2020-05-31,0,spatial,2-step_ahead,5.007105841059455e-13,1.717849391707728e-27,6.0
51199,8.999999999999991,2020-06-21,28.57142857142849,2020-05-31,0,spatial,3-step_ahead,1.5771334855369586e-13,2.0000089137681465e-28,6.999999999999999
51199,9.000000034721559,2020-06-28,,2020-05-31,0,spatial,4-step_ahead,1.3921998301105433e-07,2.2152621812227684e-16,
51109,12.999999999999947,2020-06-07,159.999999999999,2020-05-31,0,spatial_mob,1-step_ahead,2.8764943215306435e-13,7.119716188652512e-28,4.999999999999999
51109,13.000000222308175,2020-06-14,44.444446914535284,2020-05-31,0,spatial_mob,2-step_ahead,1.2311445030883628e-06,1.1293217324782493e-14,9.000000000000002
51109,13.000000044771076,2020-06-21,550.0000022385537,2020-05-31,0,spatial_mob,3-step_ahead,4.170138879012201e-07,1.1427335266944001e-15,2.0
51109,13.000000010133204,2020-06-28,,2020-05-31,0,spatial_mob,4-step_ahead,2.902727438877743e-07,5.293181181009652e-16,
51155,1.0,2020-05-24,87.5,2020-05-17,0,spatial,1-step_ahead,1.3415194880887308e-14,1.1401505270772436e-31,7.999999999999997
51155,1.0,2020-05-31,75.0,2020-05-17,0,spatial,2-step_ahead,0.0,0.0,4.0
51155,1.0,2020-06-07,80.0,2020-05-17,0,spatial,3-step_ahead,1.295260195396016e-14,4.930380657631323e-31,4.999999999999999
51155,1.0000000000000002,2020-06-14,80.0,2020-05-17,0,spatial,4-step_ahead,5.366077952354923e-14,6.656013887802286e-31,4.999999999999999
51111,1.1040895136738125,2020-05-24,77.91820972652376,2020-05-17,0,ar,1-step_ahead,13.406154065074597,0.10845792008129136,4.999999999999999
51111,1.1040895136738125,2020-05-31,63.197016210872924,2020-05-17,0,ar,2-step_ahead,13.406154065074597,0.10845792008129136,3.0000000000000004
51111,1.1040895136738125,2020-06-07,44.7955243163094,2020-05-17,0,ar,3-step_ahead,13.406154065074597,0.10845792008129136,2.0
51111,1.0905077326652577,2020-06-14,9.05077326652577,2020-05-17,0,ar,4-step_ahead,13.603753279052189,0.11056471650589134,1.0
51187,49.928419604367896,2020-06-07,732.1403267394652,2020-05-31,0,ar,1-step_ahead,22.233570091202914,60.21201949826389,6.0
51187,49.928419604367896,2020-06-14,732.1403267394652,2020-05-31,0,ar,2-step_ahead,22.233570091202914,60.21201949826389,6.0
51187,49.118899301089925,2020-06-21,69.37551483134456,2020-05-31,0,ar,3-step_ahead,27.838095664688524,69.6242066261454,29.000000000000004
51187,65.99999999999974,2020-06-28,,2020-05-31,0,ar,4-step_ahead,20.34910256520779,12.134642863647835,
51029,20.000000000001076,2020-06-07,51.21951219511934,2020-05-31,0,spatial,1-step_ahead,7.404655913168017e-12,3.3474609637987084e-23,41.00000000000001
51029,19.99999999999983,2020-06-14,37.500000000000526,2020-05-31,0,spatial,2-step_ahead,3.9034310672714993e-13,8.861629535754974e-26,32.0
51029,19.99999996935084,2020-06-21,1899.9999969350845,2020-05-31,0,spatial,3-step_ahead,4.5672779804754856e-07,1.7165262103064181e-13,1.0
51029,19.999999833770254,2020-06-28,,2020-05-31,0,spatial,4-step_ahead,4.733733409083578e-07,1.3956805193108781e-13,
51147,14.368357444305198,2020-06-07,19.736312035876672,2020-05-31,0,ar,1-step_ahead,52.47872694589852,79.44173650309355,12.0
51147,14.368357444305198,2020-06-14,30.62143131186544,2020-05-31,0,ar,2-step_ahead,52.47872694589852,79.44173650309355,11.000000000000002
51147,14.368357444305198,2020-06-21,618.41787221526,2020-05-31,0,ar,3-step_ahead,52.47872694589852,79.44173650309355,2.0
51147,18.741076820553005,2020-06-28,,2020-05-31,0,ar,4-step_ahead,50.01152985341165,68.17688689593453,
51045,1.0,2020-06-07,0.0,2020-05-31,0,ar,1-step_ahead,0.0,0.0,1.0
51045,1.0,2020-06-14,0.0,2020-05-31,0,ar,2-step_ahead,0.0,0.0,1.0
51045,1.0,2020-06-21,0.0,2020-05-31,0,ar,3-step_ahead,0.0,0.0,1.0
51045,1.0,2020-06-28,,2020-05-31,0,ar,4-step_ahead,0.0,0.0,
51067,2.2331893653467256,2020-05-24,25.56035448844249,2020-05-17,0,ar,1-step_ahead,56.83765510900086,4.415659391041797,3.0000000000000004
51067,2.2331893653467256,2020-05-31,11.65946826733628,2020-05-17,0,ar,2-step_ahead,56.83765510900086,4.415659391041797,2.0
51067,2.2331893653467256,2020-06-07,25.56035448844249,2020-05-17,0,ar,3-step_ahead,56.83765510900086,4.415659391041797,3.0000000000000004
51067,2.2331893653467256,2020-06-14,44.17026586633186,2020-05-17,0,ar,4-step_ahead,56.83765510900086,4.415659391041797,4.0
51059,1145.6645801839784,2020-06-07,29.89394333151681,2020-05-31,0,ar,1-step_ahead,2.998130845572996,4012.1402560536353,882.0000000000001
51059,1145.6645801839784,2020-06-14,185.70189032019408,2020-05-31,0,ar,2-step_ahead,2.998130845572996,4012.1402560536353,401.00000000000006
51059,1693.566995731427,2020-06-21,588.4418681835073,2020-05-31,0,ar,3-step_ahead,13.356813519269854,64633.332068526965,245.99999999999991
51059,1262.5866708660874,2020-06-28,,2020-05-31,0,ar,4-step_ahead,5.9201374214505025,19033.659650186186,
51021,1.0,2020-06-07,0.0,2020-05-31,0,spatial,1-step_ahead,0.0,0.0,1.0
51021,1.0,2020-06-14,0.0,2020-05-31,0,spatial,2-step_ahead,0.0,0.0,1.0
51021,1.0,2020-06-21,0.0,2020-05-31,0,spatial,3-step_ahead,0.0,0.0,1.0
51021,1.0,2020-06-28,,2020-05-31,0,spatial,4-step_ahead,0.0,0.0,
51047,70.00000000000121,2020-06-07,125.80645161290714,2020-05-31,0,spatial_mob,1-step_ahead,1.7723139330481162e-12,3.625642585719221e-24,31.0
51047,70.0000003494323,2020-06-14,337.5000021839519,2020-05-31,0,spatial_mob,2-step_ahead,1.6941050068607365e-07,6.873184744034501e-14,15.999999999999998
51047,70.00000000004529,2020-06-21,775.0000000005663,2020-05-31,0,spatial_mob,3-step_ahead,5.960369081118514e-11,5.8434646949769515e-21,7.999999999999997
51047,70.00000002527675,2020-06-28,,2020-05-31,0,spatial_mob,4-step_ahead,1.848052689436916e-08,3.7207357871695077e-16,
51149,65.00000000000391,2020-05-31,242.10526315791532,2020-05-24,0,spatial,1-step_ahead,4.4198547955468315e-12,2.0078280537568902e-24,19.0
51149,65.00000000000038,2020-06-07,333.3333333333359,2020-05-24,0,spatial,2-step_ahead,6.108314234288083e-13,1.5574776674617894e-26,15.0
51149,64.99999999999974,2020-06-14,132.1428571428563,2020-05-24,0,spatial,3-step_ahead,2.3104974723587977e-13,4.351929909950551e-27,28.0
51149,64.9999999999998,2020-06-21,182.60869565217305,2020-05-24,0,spatial,4-step_ahead,7.560452738697906e-13,9.335560219428248e-27,23.0
51107,408.9999995425555,2020-06-07,7.349081244765188,2020-05-31,0,spatial,1-step_ahead,6.502066604007034e-08,6.689883461258653e-14,381.00000000000017
51107,409.00000040060297,2020-06-14,85.06787348443582,2020-05-31,0,spatial,2-step_ahead,1.357724598868257e-07,2.0266186459941505e-13,220.99999999999991
51107,408.99999999999466,2020-06-21,194.24460431654305,2020-05-31,0,spatial,3-step_ahead,9.989020837949683e-13,1.8467170682351466e-23,138.99999999999997
51107,409.0000000000049,2020-06-28,,2020-05-31,0,spatial,4-step_ahead,1.1319681766966246e-12,1.7601039273742245e-23,
51179,91.94091358258473,2020-06-07,17.170348123797535,2020-05-31,0,ar,1-step_ahead,25.94666683042788,550.8245457913488,110.99999999999996
51179,91.94091358258473,2020-06-14,113.81607809903423,2020-05-31,0,ar,2-step_ahead,25.94666683042788,550.8245457913488,43.0
51179,91.94091358258473,2020-06-21,240.52190215772117,2020-05-31,0,ar,3-step_ahead,25.94666683042788,550.8245457913488,27.0
51179,91.94091358258473,2020-06-28,,2020-05-31,0,ar,4-step_ahead,25.94666683042788,550.8245457913488,
51063,1.0,2020-06-07,0.0,2020-05-31,0,spatial,1-step_ahead,0.0,0.0,1.0
51063,1.0,2020-06-14,0.0,2020-05-31,0,spatial,2-step_ahead,0.0,0.0,1.0
51063,1.0,2020-06-21,75.0,2020-05-31,0,spatial,3-step_ahead,0.0,0.0,4.0
51063,1.0,2020-06-28,,2020-05-31,0,spatial,4-step_ahead,0.0,0.0,
51093,8.000000000000016,2020-05-24,166.6666666666672,2020-05-17,0,spatial_mob,1-step_ahead,1.1830630537540026e-13,9.209951068455313e-28,3.0000000000000004
51093,8.000000000000068,2020-05-31,38.46153846153796,2020-05-17,0,spatial_mob,2-step_ahead,6.558539719544907e-13,3.403836198415513e-26,13.0
51093,7.999999999999997,2020-06-07,27.2727272727273,2020-05-17,0,spatial_mob,3-step_ahead,1.5190670590902935e-13,3.4995841907867136e-28,11.000000000000002
51093,7.999999999999753,2020-06-14,33.33333333332922,2020-05-17,0,spatial_mob,4-step_ahead,2.3001295165997324e-12,1.7789858653433232e-25,6.0
51085,35.9999999999999,2020-05-24,47.826086956521905,2020-05-17,0,spatial_mob,1-step_ahead,2.474183756815869e-13,8.977237101415113e-27,69.00000000000001
51085,35.999999999999254,2020-05-31,111.7647058823486,2020-05-17,0,spatial_mob,2-step_ahead,1.7582104507112549e-12,4.351766960869816e-25,17.0
51085,36.00000000718639,2020-06-07,33.33333335994955,2020-05-17,0,spatial_mob,3-step_ahead,6.373481362620224e-08,7.952461360368286e-16,27.0
51085,35.9999999999999,2020-06-14,28.571428571428232,2020-05-17,0,spatial_mob,4-step_ahead,4.0767534591428513e-13,1.886008652202395e-26,28.0
51111,1.0,2020-05-24,80.0,2020-05-17,0,spatial_mob,1-step_ahead,0.0,0.0,4.999999999999999
51111,1.0,2020-05-31,66.66666666666667,2020-05-17,0,spatial_mob,2-step_ahead,1.3877787807814455e-15,6.162975822039155e-33,3.0000000000000004
51111,1.0,2020-06-07,50.0,2020-05-17,0,spatial_mob,3-step_ahead,2.7755575615628914e-15,2.465190328815662e-32,2.0
51111,1.0,2020-06-14,0.0,2020-05-17,0,spatial_mob,4-step_ahead,0.0,0.0,1.0
51093,6.500666711250662,2020-05-24,116.68889037502205,2020-05-17,0,ar,1-step_ahead,42.682250083473285,227.24308271411374,3.0000000000000004
51093,6.500666711250662,2020-05-31,49.994871451917994,2020-05-17,0,ar,2-step_ahead,42.682250083473285,227.24308271411374,13.0
51093,6.500666711250662,2020-06-07,40.90302989772127,2020-05-17,0,ar,3-step_ahead,42.682250083473285,227.24308271411374,11.000000000000002
51093,10.313627721836673,2020-06-14,71.89379536394455,2020-05-17,0,ar,4-step_ahead,43.27966871436277,246.885933642752,6.0
51105,1.0,2020-06-07,0.0,2020-05-31,0,ar,1-step_ahead,0.0,0.0,1.0
51105,1.0,2020-06-14,0.0,2020-05-31,0,ar,2-step_ahead,0.0,0.0,1.0
51105,1.0,2020-06-21,0.0,2020-05-31,0,ar,3-step_ahead,0.0,0.0,1.0
51105,1.0,2020-06-28,,2020-05-31,0,ar,4-step_ahead,0.0,0.0,
51045,1.0,2020-06-07,0.0,2020-05-31,0,spatial_mob,1-step_ahead,0.0,0.0,1.0
51045,1.0,2020-06-14,0.0,2020-05-31,0,spatial_mob,2-step_ahead,0.0,0.0,1.0
51045,1.0,2020-06-21,0.0,2020-05-31,0,spatial_mob,3-step_ahead,0.0,0.0,1.0
51045,1.0,2020-06-28,,2020-05-31,0,spatial_mob,4-step_ahead,0.0,0.0,
51199,5.065538286379568,2020-06-07,36.68077142025537,2020-05-31,0,ar,1-step_ahead,73.66794801230647,8.30755790795109,7.999999999999997
51199,5.969888076880898,2020-06-14,0.501865385318349,2020-05-31,0,ar,2-step_ahead,70.52117830224016,9.023230949860864,6.0
51199,5.969888076880898,2020-06-21,14.715884615987148,2020-05-31,0,ar,3-step_ahead,70.52117830224016,9.023230949860864,6.999999999999999
51199,5.969888076880898,2020-06-28,,2020-05-31,0,ar,4-step_ahead,70.52117830224016,9.023230949860864,
51185,1.0,2020-05-31,50.0,2020-05-24,0,ar,1-step_ahead,0.0,0.0,2.0
51185,1.0,2020-06-07,0.0,2020-05-24,0,ar,2-step_ahead,0.0,0.0,1.0
51185,1.0,2020-06-14,0.0,2020-05-24,0,ar,3-step_ahead,0.0,0.0,1.0
51185,1.0,2020-06-21,0.0,2020-05-24,0,ar,4-step_ahead,0.0,0.0,1.0
51097,1.0,2020-05-24,50.0,2020-05-17,0,spatial,1-step_ahead,0.0,0.0,2.0
51097,1.0,2020-05-31,90.9090909090909,2020-05-17,0,spatial,2-step_ahead,0.0,0.0,11.000000000000002
51097,1.0,2020-06-07,0.0,2020-05-17,0,spatial,3-step_ahead,0.0,0.0,1.0
51097,1.0,2020-06-14,0.0,2020-05-17,0,spatial,4-step_ahead,0.0,0.0,1.0
51017,1.0,2020-06-07,0.0,2020-05-31,0,spatial,1-step_ahead,0.0,0.0,1.0
51017,1.0,2020-06-14,0.0,2020-05-31,0,spatial,2-step_ahead,0.0,0.0,1.0
51017,1.0,2020-06-21,0.0,2020-05-31,0,spatial,3-step_ahead,0.0,0.0,1.0
51017,1.0,2020-06-28,,2020-05-31,0,spatial,4-step_ahead,0.0,0.0,
51155,1.0,2020-05-24,87.5,2020-05-17,0,spatial_mob,1-step_ahead,1.3415194880887308e-14,1.1401505270772436e-31,7.999999999999997
51155,1.0,2020-05-31,75.0,2020-05-17,0,spatial_mob,2-step_ahead,0.0,0.0,4.0
51155,1.0,2020-06-07,80.0,2020-05-17,0,spatial_mob,3-step_ahead,1.295260195396016e-14,4.930380657631323e-31,4.999999999999999
51155,1.0000000000000002,2020-06-14,80.0,2020-05-17,0,spatial_mob,4-step_ahead,5.366077952354923e-14,6.656013887802286e-31,4.999999999999999
51115,1.0,2020-06-07,0.0,2020-05-31,0,spatial_mob,1-step_ahead,0.0,0.0,1.0
51115,1.0,2020-06-14,0.0,2020-05-31,0,spatial_mob,2-step_ahead,0.0,0.0,1.0
51115,1.0,2020-06-21,0.0,2020-05-31,0,spatial_mob,3-step_ahead,0.0,0.0,1.0
51115,1.0,2020-06-28,,2020-05-31,0,spatial_mob,4-step_ahead,0.0,0.0,
51137,22.99999999077866,2020-05-24,4.0092775476375166e-08,2020-05-17,0,spatial_mob,1-step_ahead,2.1969152524106608e-08,1.2928229073492274e-17,23.0
51137,22.99999999999957,2020-05-31,35.2941176470563,2020-05-17,0,spatial_mob,2-step_ahead,2.1404434366056014e-12,4.441476716049615e-26,17.0
51137,22.99999999999979,2020-06-07,474.99999999999466,2020-05-17,0,spatial_mob,3-step_ahead,3.8666698301712793e-13,6.4018281129981035e-27,4.0
51137,21.832563147643963,2020-06-14,81.93802623036629,2020-05-17,0,spatial_mob,4-step_ahead,16.532027650689653,2.1122909444734845,12.0
51179,62.00000000000023,2020-06-07,44.14414414414394,2020-05-31,0,spatial,1-step_ahead,6.051007794947106e-13,3.440380179849877e-25,110.99999999999996
51179,61.99999999999819,2020-06-14,44.186046511623694,2020-05-31,0,spatial,2-step_ahead,2.64595143935196e-12,5.767671311545664e-24,43.0
51179,62.00000000000001,2020-06-21,129.62962962962965,2020-05-31,0,spatial,3-step_ahead,1.2492404352985752e-13,3.9809076721073134e-26,27.0
51179,61.99999999999979,2020-06-28,,2020-05-31,0,spatial,4-step_ahead,1.9613002798757855e-13,4.5753932502818685e-26,
51017,1.0,2020-06-07,0.0,2020-05-31,0,spatial_mob,1-step_ahead,0.0,0.0,1.0
51017,1.0,2020-06-14,0.0,2020-05-31,0,spatial_mob,2-step_ahead,0.0,0.0,1.0
51017,1.0,2020-06-21,0.0,2020-05-31,0,spatial_mob,3-step_ahead,0.0,0.0,1.0
51017,1.0,2020-06-28,,2020-05-31,0,spatial_mob,4-step_ahead,0.0,0.0,
51095,12.000000041147834,2020-05-24,33.33333379053144,2020-05-17,0,spatial,1-step_ahead,3.747341727639044e-07,4.406539130295781e-15,9.000000000000002
51095,12.000000219462578,2020-05-31,50.00000274328226,2020-05-17,0,spatial,2-step_ahead,1.2139146644703351e-06,3.802725245087993e-14,7.999999999999997
51095,11.999999999999357,2020-06-07,36.84210526316128,2020-05-17,0,spatial,3-step_ahead,4.1528204636522165e-12,2.0928795359875527e-25,19.0
51095,11.99999987418077,2020-06-14,71.42856963115388,2020-05-17,0,spatial,4-step_ahead,4.040113379005808e-07,6.815663433512832e-15,6.999999999999999
51137,22.99999999077866,2020-05-24,4.0092775476375166e-08,2020-05-17,0,spatial,1-step_ahead,2.1969152524106608e-08,1.2928229073492274e-17,23.0
51137,22.99999999999957,2020-05-31,35.2941176470563,2020-05-17,0,spatial,2-step_ahead,2.1404434366056014e-12,4.441476716049615e-26,17.0
51137,22.99999999999979,2020-06-07,474.99999999999466,2020-05-17,0,spatial,3-step_ahead,3.8666698301712793e-13,6.4018281129981035e-27,4.0
51137,21.832563147643963,2020-06-14,81.93802623036629,2020-05-17,0,spatial,4-step_ahead,16.532027650689653,2.1122909444734845,12.0
51139,25.61099951131316,2020-06-07,97.00768854856274,2020-05-31,0,ar,1-step_ahead,48.88041756174997,342.4385098966414,13.0
51139,17.00000000000001,2020-06-14,88.88888888888897,2020-05-31,0,ar,2-step_ahead,55.167023323440475,294.58669436694834,9.000000000000002
51139,17.00000000000001,2020-06-21,750.0000000000006,2020-05-31,0,ar,3-step_ahead,55.167023323440475,294.58669436694834,2.0
51139,17.00000000000001,2020-06-28,,2020-05-31,0,ar,4-step_ahead,55.167023323440475,294.58669436694834,
51029,20.000000000001076,2020-06-07,51.21951219511934,2020-05-31,0,spatial_mob,1-step_ahead,7.404655913168017e-12,3.3474609637987084e-23,41.00000000000001
51029,19.99999999999983,2020-06-14,37.500000000000526,2020-05-31,0,spatial_mob,2-step_ahead,3.9034310672714993e-13,8.861629535754974e-26,32.0
51029,19.99999996935084,2020-06-21,1899.9999969350845,2020-05-31,0,spatial_mob,3-step_ahead,4.5672779804754856e-07,1.7165262103064181e-13,1.0
51029,19.999999833770254,2020-06-28,,2020-05-31,0,spatial_mob,4-step_ahead,4.733733409083578e-07,1.3956805193108781e-13,
51183,36.21471536934538,2020-05-31,81.07357684672695,2020-05-24,0,ar,1-step_ahead,43.112001908831,31.011981490300695,20.0
51183,36.21471536934538,2020-06-07,1710.7357684672693,2020-05-24,0,ar,2-step_ahead,43.112001908831,31.011981490300695,2.0
51183,36.21471536934538,2020-06-14,503.57858948908967,2020-05-24,0,ar,3-step_ahead,43.112001908831,31.011981490300695,6.0
51183,36.21471536934538,2020-06-21,624.2943073869077,2020-05-24,0,ar,4-step_ahead,43.112001908831,31.011981490300695,4.999999999999999
51003,32.999999999999986,2020-06-07,37.73584905660381,2020-05-31,0,spatial_mob,1-step_ahead,1.3717955151281615e-13,7.345281103739146e-28,53.00000000000001
51003,33.00000000000013,2020-06-14,26.666666666666355,2020-05-31,0,spatial_mob,2-step_ahead,4.641587376969358e-13,1.1907460933858563e-26,44.99999999999999
51003,32.99999988686009,2020-06-21,10.81081111659432,2020-05-31,0,spatial_mob,3-step_ahead,2.5913998753762995e-07,3.5390663951818068e-15,36.99999999999999
51003,32.999999841355056,2020-06-28,,2020-05-31,0,spatial_mob,4-step_ahead,1.0494897546198955e-06,3.314416232979658e-14,
51153,707.9999999999595,2020-06-07,82.94573643409807,2020-05-31,0,spatial,1-step_ahead,7.135650221860035e-12,2.6837818428733293e-21,387.00000000000006
51153,707.9999999999698,2020-06-14,138.38383838382816,2020-05-31,0,spatial,2-step_ahead,4.394008454710535e-12,9.666611160672977e-22,297.00000000000006
51153,707.9999999652356,2020-06-21,207.82608694140671,2020-05-31,0,spatial,3-step_ahead,2.7251423769529845e-09,4.079068828571845e-16,230.00000000000009
51153,707.999998664758,2020-06-28,,2020-05-31,0,spatial,4-step_ahead,1.4047347718634693e-07,1.658285517084839e-12,
51121,2.6615288690984933,2020-05-31,84.34394782883238,2020-05-24,0,ar,1-step_ahead,41.6313235068569,29.50247035717976,17.0
51121,2.6615288690984933,2020-06-07,33.46177827253768,2020-05-24,0,ar,2-step_ahead,41.6313235068569,29.50247035717976,4.0
51121,2.6615288690984933,2020-06-14,73.38471130901506,2020-05-24,0,ar,3-step_ahead,41.6313235068569,29.50247035717976,10.000000000000002
51121,2.6615288690984933,2020-06-21,66.73088913626883,2020-05-24,0,ar,4-step_ahead,41.6313235068569,29.50247035717976,7.999999999999997
51061,56.99999999999991,2020-05-24,35.71428571428548,2020-05-17,0,spatial_mob,1-step_ahead,1.0618882999394991e-13,3.671974950480793e-27,42.00000000000001
51061,56.9999999999998,2020-05-31,78.12499999999937,2020-05-17,0,spatial_mob,2-step_ahead,2.0767910994557024e-13,1.1026327954629978e-26,32.0
51061,57.00000000000011,2020-06-07,67.64705882352969,2020-05-17,0,spatial_mob,3-step_ahead,8.461211460165297e-14,1.3461911347596565e-27,34.00000000000001
51061,56.9999999999998,2020-06-14,159.09090909090816,2020-05-17,0,spatial_mob,4-step_ahead,2.6688760622493676e-13,1.5673704762513264e-26,22.000000000000004
51097,1.0,2020-05-24,50.0,2020-05-17,0,ar,1-step_ahead,0.0,0.0,2.0
51097,1.0,2020-05-31,90.9090909090909,2020-05-17,0,ar,2-step_ahead,0.0,0.0,11.000000000000002
51097,1.0,2020-06-07,0.0,2020-05-17,0,ar,3-step_ahead,0.0,0.0,1.0
51097,1.0,2020-06-14,0.0,2020-05-17,0,ar,4-step_ahead,0.0,0.0,1.0
51013,285.4945681602496,2020-05-31,228.15467604626386,2020-05-24,0,ar,1-step_ahead,10.716472917951718,703.2375601383471,87.0
51013,285.4945681602496,2020-06-07,128.39565452819957,2020-05-24,0,ar,2-step_ahead,10.716472917951718,703.2375601383471,125.00000000000004
51013,275.60615898396026,2020-06-14,232.0556132336869,2020-05-24,0,ar,3-step_ahead,10.785811717481112,724.2573221583533,83.00000000000003
51013,275.60615898396026,2020-06-21,761.2692468248758,2020-05-24,0,ar,4-step_ahead,10.785811717481112,724.2573221583533,32.0
51169,1.0,2020-06-07,0.0,2020-05-31,0,ar,1-step_ahead,0.0,0.0,1.0
51169,1.0,2020-06-14,0.0,2020-05-31,0,ar,2-step_ahead,0.0,0.0,1.0
51169,1.0,2020-06-21,0.0,2020-05-31,0,ar,3-step_ahead,0.0,0.0,1.0
51169,1.0,2020-06-28,,2020-05-31,0,ar,4-step_ahead,0.0,0.0,
51173,1.4810418099587586,2020-05-24,48.104180995875865,2020-05-17,0,ar,1-step_ahead,40.59572566879054,2.709532587021156,1.0
51173,1.4810418099587586,2020-05-31,48.104180995875865,2020-05-17,0,ar,2-step_ahead,40.59572566879054,2.709532587021156,1.0
51173,1.4810418099587586,2020-06-07,25.947909502062068,2020-05-17,0,ar,3-step_ahead,40.59572566879054,2.709532587021156,2.0
51173,1.2330165664069306,2020-06-14,91.19273881137907,2020-05-17,0,ar,4-step_ahead,40.59572566879054,2.709532587021156,13.999999999999995
51173,0.9999999999999992,2020-05-24,8.881784197001252e-14,2020-05-17,0,spatial_mob,1-step_ahead,8.280413391995957e-14,1.2631018947269245e-29,1.0
51173,1.0000000000000002,2020-05-31,2.220446049250313e-14,2020-05-17,0,spatial_mob,2-step_ahead,2.127927463864884e-14,1.6023737137301804e-31,1.0
51173,1.0000000000000062,2020-06-07,49.99999999999969,2020-05-17,0,spatial_mob,3-step_ahead,4.912736883966318e-13,4.505012066394181e-28,2.0
51173,0.9999999999999798,2020-06-14,92.857142857143,2020-05-17,0,spatial_mob,4-step_ahead,1.2961853812498705e-12,2.465190328815662e-28,13.999999999999995
51177,74.80480370442356,2020-05-24,45.39795350042077,2020-05-17,0,ar,1-step_ahead,19.791060559268264,64.38599015340066,137.00000000000003
51177,74.80480370442356,2020-05-31,31.37173972071231,2020-05-17,0,ar,2-step_ahead,19.791060559268264,64.38599015340066,108.99999999999996
51177,74.80480370442356,2020-06-07,36.06427033809953,2020-05-17,0,ar,3-step_ahead,19.791060559268264,64.38599015340066,117.00000000000004
51177,74.80480370442356,2020-06-14,45.793620504040916,2020-05-17,0,ar,4-step_ahead,19.791060559268264,64.38599015340066,138.00000000000006
51183,38.99999999999993,2020-05-31,94.9999999999997,2020-05-24,0,spatial_mob,1-step_ahead,2.994012098481893e-13,1.3426782385410943e-27,20.0
51183,38.999999999995346,2020-06-07,1849.9999999997672,2020-05-24,0,spatial_mob,2-step_ahead,7.618187148748977e-12,8.027195186941067e-24,2.0
51183,39.00000000000062,2020-06-14,550.0000000000103,2020-05-24,0,spatial_mob,3-step_ahead,1.0229578733021531e-12,1.3014516897069036e-25,6.0
51183,38.99999999999993,2020-06-21,679.9999999999987,2020-05-24,0,spatial_mob,4-step_ahead,1.1378182310219576e-13,1.6211338121324674e-27,4.999999999999999
51139,16.99999999999997,2020-06-07,30.769230769230553,2020-05-31,0,spatial_mob,1-step_ahead,1.1347703718099985e-13,1.6065152334825904e-27,13.0
51139,16.99999999999994,2020-06-14,88.88888888888819,2020-05-31,0,spatial_mob,2-step_ahead,3.537783093296921e-13,1.449147343652314e-26,9.000000000000002
51139,17.000000000000295,2020-06-21,750.0000000000148,2020-05-31,0,spatial_mob,3-step_ahead,1.618339599509298e-12,2.902441137437696e-25,2.0
51139,17.000000000000032,2020-06-28,,2020-05-31,0,spatial_mob,4-step_ahead,1.439374834065449e-13,2.219164333999859e-27,
51033,17.999999991774693,2020-06-07,18.181818219205933,2020-05-31,0,spatial,1-step_ahead,7.333007723710477e-08,9.390401460460014e-17,22.000000000000004
51033,17.999999994896207,2020-06-14,2.835438550619074e-08,2020-05-31,0,spatial,2-step_ahead,1.57640247519185e-07,1.5648457585943528e-16,17.999999999999996
51033,17.99999993804283,2020-06-21,1699.9999938042831,2020-05-31,0,spatial,3-step_ahead,1.8174602865219635e-07,6.8239403075349745e-16,1.0
51033,17.999999999482284,2020-06-28,,2020-05-31,0,spatial,4-step_ahead,3.109743856425566e-07,1.2960778067178595e-15,
51107,445.93916342079524,2020-06-07,17.044399847977704,2020-05-31,0,ar,1-step_ahead,19.01041026971255,7542.768171395948,381.00000000000017
51107,445.93916342079524,2020-06-14,101.7824268872377,2020-05-31,0,ar,2-step_ahead,19.01041026971255,7542.768171395948,220.99999999999991
51107,445.93916342079524,2020-06-21,220.81954202934918,2020-05-31,0,ar,3-step_ahead,19.01041026971255,7542.768171395948,138.99999999999997
51107,445.93916342079524,2020-06-28,,2020-05-31,0,ar,4-step_ahead,19.01041026971255,7542.768171395948,
51059,1148.9999999999213,2020-06-07,30.272108843528482,2020-05-31,0,spatial_mob,1-step_ahead,6.8159538899196734e-12,1.0035227560109753e-20,882.0000000000001
51059,1148.9999999999875,2020-06-14,186.5336658354084,2020-05-31,0,spatial_mob,2-step_ahead,1.3225633127917206e-12,3.8056770525974853e-22,401.00000000000006
51059,1149.000003037476,2020-06-21,367.0731719664538,2020-05-31,0,spatial_mob,3-step_ahead,1.8361849040971984e-07,8.804831042225945e-12,245.99999999999991
51059,1149.0000008860904,2020-06-28,,2020-05-31,0,spatial_mob,4-step_ahead,3.799999161200893e-08,6.125087381109208e-13,
51051,1.0,2020-06-07,0.0,2020-05-31,0,spatial_mob,1-step_ahead,0.0,0.0,1.0
51051,1.0,2020-06-14,0.0,2020-05-31,0,spatial_mob,2-step_ahead,0.0,0.0,1.0
51051,1.0,2020-06-21,0.0,2020-05-31,0,spatial_mob,3-step_ahead,0.0,0.0,1.0
51051,1.0,2020-06-28,,2020-05-31,0,spatial_mob,4-step_ahead,0.0,0.0,
51095,12.000000041147834,2020-05-24,33.33333379053144,2020-05-17,0,spatial_mob,1-step_ahead,3.747341727639044e-07,4.406539130295781e-15,9.000000000000002
51095,12.000000219462578,2020-05-31,50.00000274328226,2020-05-17,0,spatial_mob,2-step_ahead,1.2139146644703351e-06,3.802725245087993e-14,7.999999999999997
51095,11.999999999999357,2020-06-07,36.84210526316128,2020-05-17,0,spatial_mob,3-step_ahead,4.1528204636522165e-12,2.0928795359875527e-25,19.0
51095,11.99999987418077,2020-06-14,71.42856963115388,2020-05-17,0,spatial_mob,4-step_ahead,4.040113379005808e-07,6.815663433512832e-15,6.999999999999999
51041,314.0252609642024,2020-06-07,10.788278135169744,2020-05-31,0,ar,1-step_ahead,5.141600781515809,259.5640600339291,351.99999999999983
51041,294.63833764734636,2020-06-14,24.451708295552226,2020-05-31,0,ar,2-step_ahead,5.184502619340211,321.0413206651774,390.00000000000006
51041,265.6058428155632,2020-06-21,58.09871596164477,2020-05-31,0,ar,3-step_ahead,9.545877886442351,940.0949678783079,167.99999999999997
51041,294.2455243966898,2020-06-28,,2020-05-31,0,ar,4-step_ahead,8.305227053049414,459.87153423024233,
51107,408.9999995425555,2020-06-07,7.349081244765188,2020-05-31,0,spatial_mob,1-step_ahead,6.502066604007034e-08,6.689883461258653e-14,381.00000000000017
51107,409.00000040060297,2020-06-14,85.06787348443582,2020-05-31,0,spatial_mob,2-step_ahead,1.357724598868257e-07,2.0266186459941505e-13,220.99999999999991
51107,408.99999999999466,2020-06-21,194.24460431654305,2020-05-31,0,spatial_mob,3-step_ahead,9.989020837949683e-13,1.8467170682351466e-23,138.99999999999997
51107,409.0000000000049,2020-06-28,,2020-05-31,0,spatial_mob,4-step_ahead,1.1319681766966246e-12,1.7601039273742245e-23,
51093,8.000000000000016,2020-05-24,166.6666666666672,2020-05-17,0,spatial,1-step_ahead,1.1830630537540026e-13,9.209951068455313e-28,3.0000000000000004
51093,8.000000000000068,2020-05-31,38.46153846153796,2020-05-17,0,spatial,2-step_ahead,6.558539719544907e-13,3.403836198415513e-26,13.0
51093,7.999999999999997,2020-06-07,27.2727272727273,2020-05-17,0,spatial,3-step_ahead,1.5190670590902935e-13,3.4995841907867136e-28,11.000000000000002
51093,7.999999999999753,2020-06-14,33.33333333332922,2020-05-17,0,spatial,4-step_ahead,2.3001295165997324e-12,1.7789858653433232e-25,6.0
51063,1.0,2020-06-07,0.0,2020-05-31,0,spatial_mob,1-step_ahead,0.0,0.0,1.0
51063,1.0,2020-06-14,0.0,2020-05-31,0,spatial_mob,2-step_ahead,0.0,0.0,1.0
51063,1.0,2020-06-21,75.0,2020-05-31,0,spatial_mob,3-step_ahead,0.0,0.0,4.0
51063,1.0,2020-06-28,,2020-05-31,0,spatial_mob,4-step_ahead,0.0,0.0,
51169,1.0,2020-06-07,0.0,2020-05-31,0,spatial_mob,1-step_ahead,0.0,0.0,1.0
51169,1.0,2020-06-14,0.0,2020-05-31,0,spatial_mob,2-step_ahead,0.0,0.0,1.0
51169,1.0,2020-06-21,0.0,2020-05-31,0,spatial_mob,3-step_ahead,0.0,0.0,1.0
51169,1.0,2020-06-28,,2020-05-31,0,spatial_mob,4-step_ahead,0.0,0.0,
51091,1.0,2020-06-07,0.0,2020-05-31,0,spatial_mob,1-step_ahead,0.0,0.0,1.0
51091,1.0,2020-06-14,0.0,2020-05-31,0,spatial_mob,2-step_ahead,0.0,0.0,1.0
51091,1.0,2020-06-21,0.0,2020-05-31,0,spatial_mob,3-step_ahead,0.0,0.0,1.0
51091,1.0,2020-06-28,,2020-05-31,0,spatial_mob,4-step_ahead,0.0,0.0,
51087,195.50616470461895,2020-06-07,2.2469176476904678,2020-05-31,0,ar,1-step_ahead,22.78118415479645,4309.220608971337,199.99999999999991
51087,313.16248858361,2020-06-14,111.59627607000685,2020-05-31,0,ar,2-step_ahead,6.774678075112268,473.2839303649191,147.99999999999994
51087,313.16248858361,2020-06-21,296.4082133969747,2020-05-31,0,ar,3-step_ahead,6.774678075112268,473.2839303649191,79.0
51087,313.16248858361,2020-06-28,,2020-05-31,0,ar,4-step_ahead,6.774678075112268,473.2839303649191,
51199,9.000000000000037,2020-06-07,12.50000000000049,2020-05-31,0,spatial_mob,1-step_ahead,2.2728732476353894e-13,8.747481362769495e-28,7.999999999999997
51199,9.000000000000021,2020-06-14,50.00000000000036,2020-05-31,0,spatial_mob,2-step_ahead,5.007105841059455e-13,1.717849391707728e-27,6.0
51199,8.999999999999991,2020-06-21,28.57142857142849,2020-05-31,0,spatial_mob,3-step_ahead,1.5771334855369586e-13,2.0000089137681465e-28,6.999999999999999
51199,9.000000034721559,2020-06-28,,2020-05-31,0,spatial_mob,4-step_ahead,1.3921998301105433e-07,2.2152621812227684e-16,
51063,1.0,2020-06-07,0.0,2020-05-31,0,ar,1-step_ahead,0.0,0.0,1.0
51063,1.0,2020-06-14,0.0,2020-05-31,0,ar,2-step_ahead,0.0,0.0,1.0
51063,1.0,2020-06-21,75.0,2020-05-31,0,ar,3-step_ahead,0.0,0.0,4.0
51063,1.0,2020-06-28,,2020-05-31,0,ar,4-step_ahead,0.0,0.0,
51111,1.0,2020-05-24,80.0,2020-05-17,0,spatial,1-step_ahead,0.0,0.0,4.999999999999999
51111,1.0,2020-05-31,66.66666666666667,2020-05-17,0,spatial,2-step_ahead,1.3877787807814455e-15,6.162975822039155e-33,3.0000000000000004
51111,1.0,2020-06-07,50.0,2020-05-17,0,spatial,3-step_ahead,2.7755575615628914e-15,2.465190328815662e-32,2.0
51111,1.0,2020-06-14,0.0,2020-05-17,0,spatial,4-step_ahead,0.0,0.0,1.0
51165,58.86902129024514,2020-06-07,22.643794354677354,2020-05-31,0,ar,1-step_ahead,13.34562952821427,106.07692907551927,48.00000000000001
51165,58.86902129024514,2020-06-14,102.99662513877631,2020-05-31,0,ar,2-step_ahead,13.34562952821427,106.07692907551927,29.000000000000004
51165,58.86902129024514,2020-06-21,435.17292082041024,2020-05-31,0,ar,3-step_ahead,13.34562952821427,106.07692907551927,11.000000000000002
51165,60.000000000000036,2020-06-28,,2020-05-31,0,ar,4-step_ahead,14.870141141195694,131.07029845658326,
51045,1.0,2020-06-07,0.0,2020-05-31,0,spatial,1-step_ahead,0.0,0.0,1.0
51045,1.0,2020-06-14,0.0,2020-05-31,0,spatial,2-step_ahead,0.0,0.0,1.0
51045,1.0,2020-06-21,0.0,2020-05-31,0,spatial,3-step_ahead,0.0,0.0,1.0
51045,1.0,2020-06-28,,2020-05-31,0,spatial,4-step_ahead,0.0,0.0,
51181,1.0,2020-05-24,66.66666666666667,2020-05-17,0,ar,1-step_ahead,13.406154065074597,0.10845792008129136,3.0000000000000004
51181,1.0,2020-05-31,0.0,2020-05-17,0,ar,2-step_ahead,13.406154065074597,0.10845792008129136,1.0
51181,1.0,2020-06-07,0.0,2020-05-17,0,ar,3-step_ahead,13.406154065074597,0.10845792008129136,1.0
51181,1.0,2020-06-14,0.0,2020-05-17,0,ar,4-step_ahead,13.406154065074597,0.10845792008129136,1.0
51109,7.627634662810937,2020-06-07,52.552693256218774,2020-05-31,0,ar,1-step_ahead,34.04682013483037,7.1798481636532125,4.999999999999999
51109,12.51609882299077,2020-06-14,39.067764699897424,2020-05-31,0,ar,2-step_ahead,2.695362592252358,0.06097964647808855,9.000000000000002
51109,12.271280660298805,2020-06-21,513.5640330149404,2020-05-31,0,ar,3-step_ahead,20.978385300727762,2.0372653970712244,2.0
51109,12.271280660298805,2020-06-28,,2020-05-31,0,ar,4-step_ahead,20.978385300727762,2.0372653970712244,
51041,334.9999999999901,2020-06-07,4.829545454548233,2020-05-31,0,spatial_mob,1-step_ahead,3.176666958099781e-12,4.3231016488402564e-23,351.99999999999983
51041,334.99999999999517,2020-06-14,14.102564102565355,2020-05-31,0,spatial_mob,2-step_ahead,1.0985715164327524e-12,9.231060986279027e-24,390.00000000000006
51041,335.0000000271213,2020-06-21,99.40476192090557,2020-05-31,0,spatial_mob,3-step_ahead,1.1013434542205147e-08,5.395291719185078e-16,167.99999999999997
51041,334.99999994648624,2020-06-28,,2020-05-31,0,spatial_mob,4-step_ahead,1.4840610989389945e-07,1.20985572101517e-13,
51115,1.0,2020-06-07,0.0,2020-05-31,0,ar,1-step_ahead,0.0,0.0,1.0
51115,1.0,2020-06-14,0.0,2020-05-31,0,ar,2-step_ahead,0.0,0.0,1.0
51115,1.0,2020-06-21,0.0,2020-05-31,0,ar,3-step_ahead,0.0,0.0,1.0
51115,1.0,2020-06-28,,2020-05-31,0,ar,4-step_ahead,0.0,0.0,
51127,1.0000000000000075,2020-05-24,87.4999999999999,2020-05-17,0,spatial_mob,1-step_ahead,5.921189464667501e-13,1.905222345625184e-28,7.999999999999997
51127,0.9999999999999698,2020-05-31,83.33333333333384,2020-05-17,0,spatial_mob,2-step_ahead,2.15614563240744e-12,2.2352497008953807e-27,6.0
51127,1.0000000000000029,2020-06-07,2.664535259100376e-13,2020-05-17,0,spatial_mob,3-step_ahead,1.924386576016938e-13,1.489591256186863e-29,1.0
51127,0.9999999999999982,2020-06-14,50.00000000000009,2020-05-17,0,spatial_mob,4-step_ahead,2.280583129750843e-13,5.055489066818719e-29,2.0
51165,59.999999999999886,2020-06-07,24.999999999999726,2020-05-31,0,spatial,1-step_ahead,5.11256191637579e-13,2.9232660792593986e-25,48.00000000000001
51165,59.9999999999986,2020-06-14,106.89655172413308,2020-05-31,0,spatial,2-step_ahead,2.3026931185014e-12,2.7105891792118142e-24,29.000000000000004
51165,59.99999998703931,2020-06-21,445.4545453367209,2020-05-31,0,spatial,3-step_ahead,1.1952181088995517e-08,6.820122633293628e-17,11.000000000000002
51165,59.99999998082129,2020-06-28,,2020-05-31,0,spatial,4-step_ahead,2.48653352808507e-08,3.139033111477611e-16,
51125,1.0,2020-05-24,66.66666666666667,2020-05-17,0,spatial_mob,1-step_ahead,0.0,0.0,3.0000000000000004
51125,1.0,2020-05-31,0.0,2020-05-17,0,spatial_mob,2-step_ahead,0.0,0.0,1.0
51125,1.0,2020-06-07,0.0,2020-05-17,0,spatial_mob,3-step_ahead,0.0,0.0,1.0
51125,1.0,2020-06-14,0.0,2020-05-17,0,spatial_mob,4-step_ahead,0.0,0.0,1.0
51085,35.9999999999999,2020-05-24,47.826086956521905,2020-05-17,0,spatial,1-step_ahead,2.474183756815869e-13,8.977237101415113e-27,69.00000000000001
51085,35.999999999999254,2020-05-31,111.7647058823486,2020-05-17,0,spatial,2-step_ahead,1.7582104507112549e-12,4.351766960869816e-25,17.0
51085,36.00000000718639,2020-06-07,33.33333335994955,2020-05-17,0,spatial,3-step_ahead,6.373481362620224e-08,7.952461360368286e-16,27.0
51085,35.9999999999999,2020-06-14,28.571428571428232,2020-05-17,0,spatial,4-step_ahead,4.0767534591428513e-13,1.886008652202395e-26,28.0
51153,880.385757247504,2020-06-07,127.48985975387696,2020-05-31,0,ar,1-step_ahead,11.748186305287852,10628.552430725407,387.00000000000006
51153,880.385757247504,2020-06-14,196.42618089141544,2020-05-31,0,ar,2-step_ahead,11.748186305287852,10628.552430725407,297.00000000000006
51153,951.6291198565004,2020-06-21,313.75179124195665,2020-05-31,0,ar,3-step_ahead,12.810513072344131,16129.311915617922,230.00000000000009
51153,951.6291198565004,2020-06-28,,2020-05-31,0,ar,4-step_ahead,12.810513072344131,16129.311915617922,
51177,81.00000000000054,2020-05-24,40.87591240875874,2020-05-17,0,spatial_mob,1-step_ahead,3.2958644631828557e-13,6.265488296672624e-26,137.00000000000003
51177,81.00000000000054,2020-05-31,25.688073394494896,2020-05-17,0,spatial_mob,2-step_ahead,4.234854677396249e-13,8.497925215402826e-26,108.99999999999996
51177,81.00000000000003,2020-06-07,30.769230769230763,2020-05-17,0,spatial_mob,3-step_ahead,2.308289753733992e-13,1.7128142404611216e-26,117.00000000000004
51177,80.99999999999879,2020-06-14,41.30434782608784,2020-05-17,0,spatial_mob,4-step_ahead,9.009450054506651e-13,4.518220556175976e-25,138.00000000000006
51153,707.9999999999595,2020-06-07,82.94573643409807,2020-05-31,0,spatial_mob,1-step_ahead,7.135650221860035e-12,2.6837818428733293e-21,387.00000000000006
51153,707.9999999999698,2020-06-14,138.38383838382816,2020-05-31,0,spatial_mob,2-step_ahead,4.394008454710535e-12,9.666611160672977e-22,297.00000000000006
51153,707.9999999652356,2020-06-21,207.82608694140671,2020-05-31,0,spatial_mob,3-step_ahead,2.7251423769529845e-09,4.079068828571845e-16,230.00000000000009
51153,707.999998664758,2020-06-28,,2020-05-31,0,spatial_mob,4-step_ahead,1.4047347718634693e-07,1.658285517084839e-12,
51087,278.0000000000014,2020-06-07,39.000000000000774,2020-05-31,0,spatial,1-step_ahead,6.410040834389067e-13,1.595998139894184e-24,199.99999999999991
51087,277.99999999999795,2020-06-14,87.83783783783653,2020-05-31,0,spatial,2-step_ahead,9.69902641507917e-13,6.622392636021768e-24,147.99999999999994
51087,278.00000000000443,2020-06-21,251.89873417722077,2020-05-31,0,spatial,3-step_ahead,8.286905309793468e-13,5.930315497540512e-24,79.0
51087,278.0000007260904,2020-06-28,,2020-05-31,0,spatial,4-step_ahead,1.7651443760311614e-07,1.9192979391339867e-13,
51139,16.99999999999997,2020-06-07,30.769230769230553,2020-05-31,0,spatial,1-step_ahead,1.1347703718099985e-13,1.6065152334825904e-27,13.0
51139,16.99999999999994,2020-06-14,88.88888888888819,2020-05-31,0,spatial,2-step_ahead,3.537783093296921e-13,1.449147343652314e-26,9.000000000000002
51139,17.000000000000295,2020-06-21,750.0000000000148,2020-05-31,0,spatial,3-step_ahead,1.618339599509298e-12,2.902441137437696e-25,2.0
51139,17.000000000000032,2020-06-28,,2020-05-31,0,spatial,4-step_ahead,1.439374834065449e-13,2.219164333999859e-27,
51013,301.99999999999835,2020-05-31,247.12643678160737,2020-05-24,0,spatial_mob,1-step_ahead,5.74813016747231e-13,3.750585531331745e-24,87.0
51013,302.00000000000165,2020-06-07,141.60000000000124,2020-05-24,0,spatial_mob,2-step_ahead,1.812976178774062e-13,4.665007849114975e-25,125.00000000000004
51013,301.9999997232434,2020-06-14,263.8554213533052,2020-05-24,0,spatial_mob,3-step_ahead,5.609079699180833e-08,3.298049629337057e-14,83.00000000000003
51013,302.00000000000057,2020-06-21,843.7500000000017,2020-05-24,0,spatial_mob,4-step_ahead,2.260960500858013e-13,4.885131596107847e-25,32.0
51167,1.0,2020-06-07,0.0,2020-05-31,0,spatial,1-step_ahead,0.0,0.0,1.0
51167,1.0,2020-06-14,0.0,2020-05-31,0,spatial,2-step_ahead,0.0,0.0,1.0
51167,1.0,2020-06-21,0.0,2020-05-31,0,spatial,3-step_ahead,0.0,0.0,1.0
51167,1.0,2020-06-28,,2020-05-31,0,spatial,4-step_ahead,0.0,0.0,
51085,42.483321113647186,2020-05-24,38.42996940051135,2020-05-17,0,ar,1-step_ahead,23.745376608839088,72.49175822363166,69.00000000000001
51085,36.353351930271465,2020-05-31,113.84324664865572,2020-05-17,0,ar,2-step_ahead,35.814920202719954,92.92733016129492,17.0
51085,36.353351930271465,2020-06-07,34.64204418619064,2020-05-17,0,ar,3-step_ahead,35.814920202719954,92.92733016129492,27.0
51085,36.353351930271465,2020-06-14,29.83339975096956,2020-05-17,0,ar,4-step_ahead,35.814920202719954,92.92733016129492,28.0
51047,82.55302207045011,2020-06-07,166.30007119500038,2020-05-31,0,ar,1-step_ahead,26.81073840800293,1766.7406665668302,31.0
51047,80.28590976676021,2020-06-14,401.78693604225134,2020-05-31,0,ar,2-step_ahead,19.153608910022676,464.4064215663452,15.999999999999998
51047,80.28590976676021,2020-06-21,903.5738720845027,2020-05-31,0,ar,3-step_ahead,19.153608910022676,464.4064215663452,7.999999999999997
51047,71.32303950745508,2020-06-28,,2020-05-31,0,ar,4-step_ahead,19.29718647693334,176.60031731566485,
51087,278.0000000000014,2020-06-07,39.000000000000774,2020-05-31,0,spatial_mob,1-step_ahead,6.410040834389067e-13,1.595998139894184e-24,199.99999999999991
51087,277.99999999999795,2020-06-14,87.83783783783653,2020-05-31,0,spatial_mob,2-step_ahead,9.69902641507917e-13,6.622392636021768e-24,147.99999999999994
51087,278.00000000000443,2020-06-21,251.89873417722077,2020-05-31,0,spatial_mob,3-step_ahead,8.286905309793468e-13,5.930315497540512e-24,79.0
51087,278.0000007260904,2020-06-28,,2020-05-31,0,spatial_mob,4-step_ahead,1.7651443760311614e-07,1.9192979391339867e-13,
51125,1.0,2020-05-24,66.66666666666667,2020-05-17,0,spatial,1-step_ahead,0.0,0.0,3.0000000000000004
51125,1.0,2020-05-31,0.0,2020-05-17,0,spatial,2-step_ahead,0.0,0.0,1.0
51125,1.0,2020-06-07,0.0,2020-05-17,0,spatial,3-step_ahead,0.0,0.0,1.0
51125,1.0,2020-06-14,0.0,2020-05-17,0,spatial,4-step_ahead,0.0,0.0,1.0
51033,20.172639345037148,2020-06-07,8.306184795285692,2020-05-31,0,ar,1-step_ahead,16.512402966517882,3.058150860680429,22.000000000000004
51033,20.172639345037148,2020-06-14,12.07021858353975,2020-05-31,0,ar,2-step_ahead,16.512402966517882,3.058150860680429,17.999999999999996
51033,20.172639345037148,2020-06-21,1917.2639345037148,2020-05-31,0,ar,3-step_ahead,16.512402966517882,3.058150860680429,1.0
51033,20.279683384353625,2020-06-28,,2020-05-31,0,ar,4-step_ahead,16.40857329176299,3.191482135750042,
51047,70.00000000000121,2020-06-07,125.80645161290714,2020-05-31,0,spatial,1-step_ahead,1.7723139330481162e-12,3.625642585719221e-24,31.0
51047,70.0000003494323,2020-06-14,337.5000021839519,2020-05-31,0,spatial,2-step_ahead,1.6941050068607365e-07,6.873184744034501e-14,15.999999999999998
51047,70.00000000004529,2020-06-21,775.0000000005663,2020-05-31,0,spatial,3-step_ahead,5.960369081118514e-11,5.8434646949769515e-21,7.999999999999997
51047,70.00000002527675,2020-06-28,,2020-05-31,0,spatial,4-step_ahead,1.848052689436916e-08,3.7207357871695077e-16,
51127,1.0000000000000075,2020-05-24,87.4999999999999,2020-05-17,0,spatial,1-step_ahead,5.921189464667501e-13,1.905222345625184e-28,7.999999999999997
51127,0.9999999999999698,2020-05-31,83.33333333333384,2020-05-17,0,spatial,2-step_ahead,2.15614563240744e-12,2.2352497008953807e-27,6.0
51127,1.0000000000000029,2020-06-07,2.664535259100376e-13,2020-05-17,0,spatial,3-step_ahead,1.924386576016938e-13,1.489591256186863e-29,1.0
51127,0.9999999999999982,2020-06-14,50.00000000000009,2020-05-17,0,spatial,4-step_ahead,2.280583129750843e-13,5.055489066818719e-29,2.0
51181,1.0000000000000002,2020-05-24,66.66666666666666,2020-05-17,0,spatial,1-step_ahead,2.220446049250313e-14,6.779273404243069e-32,3.0000000000000004
51181,1.0,2020-05-31,0.0,2020-05-17,0,spatial,2-step_ahead,1.3877787807814455e-15,6.162975822039155e-33,1.0
51181,0.9999999999999992,2020-06-07,7.771561172376096e-14,2020-05-17,0,spatial,3-step_ahead,9.020562075079396e-14,1.23875814022987e-30,1.0
51181,0.9999999999999996,2020-06-14,3.330669073875469e-14,2020-05-17,0,spatial,4-step_ahead,2.7755575615628914e-14,1.3404472412935162e-31,1.0
51017,1.0,2020-06-07,0.0,2020-05-31,0,ar,1-step_ahead,0.0,0.0,1.0
51017,1.0,2020-06-14,0.0,2020-05-31,0,ar,2-step_ahead,0.0,0.0,1.0
51017,1.0,2020-06-21,0.0,2020-05-31,0,ar,3-step_ahead,0.0,0.0,1.0
51017,1.0,2020-06-28,,2020-05-31,0,ar,4-step_ahead,0.0,0.0,
51125,1.0,2020-05-24,66.66666666666667,2020-05-17,0,ar,1-step_ahead,0.0,0.0,3.0000000000000004
51125,1.0,2020-05-31,0.0,2020-05-17,0,ar,2-step_ahead,0.0,0.0,1.0
51125,1.0,2020-06-07,0.0,2020-05-17,0,ar,3-step_ahead,0.0,0.0,1.0
51125,1.0,2020-06-14,0.0,2020-05-17,0,ar,4-step_ahead,0.0,0.0,1.0
51003,21.768956200632733,2020-06-07,58.92649773465523,2020-05-31,0,ar,1-step_ahead,59.323905201206806,151.66382512468883,53.00000000000001
51003,21.768956200632733,2020-06-14,51.6245417763717,2020-05-31,0,ar,2-step_ahead,59.323905201206806,151.66382512468883,44.99999999999999
51003,33.86995423648321,2020-06-21,8.459583144639955,2020-05-31,0,ar,3-step_ahead,32.053557032289326,48.685502596287044,36.99999999999999
51003,33.86995423648321,2020-06-28,,2020-05-31,0,ar,4-step_ahead,32.053557032289326,48.685502596287044,
51137,22.99999999999996,2020-05-24,1.8535897454611306e-13,2020-05-17,0,ar,1-step_ahead,26.964597807763454,4.951569732697134,23.0
51137,22.99999999999996,2020-05-31,35.29411764705857,2020-05-17,0,ar,2-step_ahead,26.964597807763454,4.951569732697134,17.0
51137,22.99999999999996,2020-06-07,474.99999999999886,2020-05-17,0,ar,3-step_ahead,26.964597807763454,4.951569732697134,4.0
51137,22.99999999999996,2020-06-14,91.6666666666663,2020-05-17,0,ar,4-step_ahead,26.964597807763454,4.951569732697134,12.0
51121,16.999999997673708,2020-06-07,324.9999999418427,2020-05-31,0,spatial_mob,1-step_ahead,9.058015972439221e-08,3.1137854246931116e-17,4.0
51121,16.999999999999982,2020-06-14,69.99999999999983,2020-05-31,0,spatial_mob,2-step_ahead,4.383608322272068e-13,7.619240786468342e-28,10.000000000000002
51121,16.99999999999997,2020-06-21,112.4999999999997,2020-05-31,0,spatial_mob,3-step_ahead,4.9520145220644e-13,4.9271759102038625e-28,7.999999999999997
51121,16.999999834307054,2020-06-28,,2020-05-31,0,spatial_mob,4-step_ahead,1.9614137664599962e-06,3.90200797356161e-14,
51021,1.0,2020-06-07,0.0,2020-05-31,0,ar,1-step_ahead,0.0,0.0,1.0
51021,1.0,2020-06-14,0.0,2020-05-31,0,ar,2-step_ahead,0.0,0.0,1.0
51021,1.0,2020-06-21,0.0,2020-05-31,0,ar,3-step_ahead,0.0,0.0,1.0
51021,1.0,2020-06-28,,2020-05-31,0,ar,4-step_ahead,0.0,0.0,
51117,4.000000000000004,2020-06-07,33.33333333333346,2020-05-31,0,spatial,1-step_ahead,4.3997816662119714e-13,1.1928858785912683e-26,3.0000000000000004
51117,3.999999999999908,2020-06-14,42.85714285714417,2020-05-31,0,spatial,2-step_ahead,2.0924157984122273e-12,2.225290825005031e-25,6.999999999999999
51117,4.000000000000006,2020-06-21,100.00000000000037,2020-05-31,0,spatial,3-step_ahead,2.321735260971915e-13,7.154179549449356e-27,2.0
51117,4.000000000000038,2020-06-28,,2020-05-31,0,spatial,4-step_ahead,8.02594086817998e-13,3.71889738319947e-26,
51169,1.0,2020-06-07,0.0,2020-05-31,0,spatial,1-step_ahead,0.0,0.0,1.0
51169,1.0,2020-06-14,0.0,2020-05-31,0,spatial,2-step_ahead,0.0,0.0,1.0
51169,1.0,2020-06-21,0.0,2020-05-31,0,spatial,3-step_ahead,0.0,0.0,1.0
51169,1.0,2020-06-28,,2020-05-31,0,spatial,4-step_ahead,0.0,0.0,
51013,301.99999999999835,2020-05-31,247.12643678160737,2020-05-24,0,spatial,1-step_ahead,5.74813016747231e-13,3.750585531331745e-24,87.0
51013,302.00000000000165,2020-06-07,141.60000000000124,2020-05-24,0,spatial,2-step_ahead,1.812976178774062e-13,4.665007849114975e-25,125.00000000000004
51013,301.9999997232434,2020-06-14,263.8554213533052,2020-05-24,0,spatial,3-step_ahead,5.609079699180833e-08,3.298049629337057e-14,83.00000000000003
51013,302.00000000000057,2020-06-21,843.7500000000017,2020-05-24,0,spatial,4-step_ahead,2.260960500858013e-13,4.885131596107847e-25,32.0
51173,0.9999999999999992,2020-05-24,8.881784197001252e-14,2020-05-17,0,spatial,1-step_ahead,8.280413391995957e-14,1.2631018947269245e-29,1.0
51173,1.0000000000000002,2020-05-31,2.220446049250313e-14,2020-05-17,0,spatial,2-step_ahead,2.127927463864884e-14,1.6023737137301804e-31,1.0
51173,1.0000000000000062,2020-06-07,49.99999999999969,2020-05-17,0,spatial,3-step_ahead,4.912736883966318e-13,4.505012066394181e-28,2.0
51173,0.9999999999999798,2020-06-14,92.857142857143,2020-05-17,0,spatial,4-step_ahead,1.2961853812498705e-12,2.465190328815662e-28,13.999999999999995
51109,12.999999999999947,2020-06-07,159.999999999999,2020-05-31,0,spatial,1-step_ahead,2.8764943215306435e-13,7.119716188652512e-28,4.999999999999999
51109,13.000000222308175,2020-06-14,44.444446914535284,2020-05-31,0,spatial,2-step_ahead,1.2311445030883628e-06,1.1293217324782493e-14,9.000000000000002
51109,13.000000044771076,2020-06-21,550.0000022385537,2020-05-31,0,spatial,3-step_ahead,4.170138879012201e-07,1.1427335266944001e-15,2.0
51109,13.000000010133204,2020-06-28,,2020-05-31,0,spatial,4-step_ahead,2.902727438877743e-07,5.293181181009652e-16,
51177,81.00000000000054,2020-05-24,40.87591240875874,2020-05-17,0,spatial,1-step_ahead,3.2958644631828557e-13,6.265488296672624e-26,137.00000000000003
51177,81.00000000000054,2020-05-31,25.688073394494896,2020-05-17,0,spatial,2-step_ahead,4.234854677396249e-13,8.497925215402826e-26,108.99999999999996
51177,81.00000000000003,2020-06-07,30.769230769230763,2020-05-17,0,spatial,3-step_ahead,2.308289753733992e-13,1.7128142404611216e-26,117.00000000000004
51177,80.99999999999879,2020-06-14,41.30434782608784,2020-05-17,0,spatial,4-step_ahead,9.009450054506651e-13,4.518220556175976e-25,138.00000000000006
51029,26.09906855380435,2020-06-07,36.343735234623544,2020-05-31,0,ar,1-step_ahead,127.34953487239049,3573.3570331554683,41.00000000000001
51029,26.09906855380435,2020-06-14,18.440410769361414,2020-05-31,0,ar,2-step_ahead,127.34953487239049,3573.3570331554683,32.0
51029,26.09906855380435,2020-06-21,2509.9068553804345,2020-05-31,0,ar,3-step_ahead,127.34953487239049,3573.3570331554683,1.0
51029,26.09906855380435,2020-06-28,,2020-05-31,0,ar,4-step_ahead,127.34953487239049,3573.3570331554683,
51155,1.3415892400243068,2020-05-24,83.23013449969616,2020-05-17,0,ar,1-step_ahead,29.709903423566274,0.457418946072753,7.999999999999997
51155,1.3415892400243068,2020-05-31,66.46026899939233,2020-05-17,0,ar,2-step_ahead,29.709903423566274,0.457418946072753,4.0
51155,1.3415892400243068,2020-06-07,73.16821519951384,2020-05-17,0,ar,3-step_ahead,29.709903423566274,0.457418946072753,4.999999999999999
51155,1.3415892400243068,2020-06-14,73.16821519951384,2020-05-17,0,ar,4-step_ahead,29.709903423566274,0.457418946072753,4.999999999999999
51033,17.999999991774693,2020-06-07,18.181818219205933,2020-05-31,0,spatial_mob,1-step_ahead,7.333007723710477e-08,9.390401460460014e-17,22.000000000000004
51033,17.999999994896207,2020-06-14,2.835438550619074e-08,2020-05-31,0,spatial_mob,2-step_ahead,1.57640247519185e-07,1.5648457585943528e-16,17.999999999999996
51033,17.99999993804283,2020-06-21,1699.9999938042831,2020-05-31,0,spatial_mob,3-step_ahead,1.8174602865219635e-07,6.8239403075349745e-16,1.0
51033,17.999999999482284,2020-06-28,,2020-05-31,0,spatial_mob,4-step_ahead,3.109743856425566e-07,1.2960778067178595e-15,
51067,1.00000000015508,2020-05-24,66.66666666149736,2020-05-17,0,spatial,1-step_ahead,1.7249448166130794e-08,5.39038851780528e-19,3.0000000000000004
51067,0.9999999858858938,2020-05-31,50.00000070570532,2020-05-17,0,spatial,2-step_ahead,1.2372554286654849e-06,5.476904992278557e-15,2.0
51067,0.9999999849736708,2020-06-07,66.6666671675443,2020-05-17,0,spatial,3-step_ahead,2.340312589554916e-06,1.161489702125636e-14,3.0000000000000004
51067,1.2019828293262045,2020-06-14,69.95042926684489,2020-05-17,0,spatial,4-step_ahead,41.57961010367279,2.2436922669091293,4.0
51167,1.0,2020-06-07,0.0,2020-05-31,0,spatial_mob,1-step_ahead,0.0,0.0,1.0
51167,1.0,2020-06-14,0.0,2020-05-31,0,spatial_mob,2-step_ahead,0.0,0.0,1.0
51167,1.0,2020-06-21,0.0,2020-05-31,0,spatial_mob,3-step_ahead,0.0,0.0,1.0
51167,1.0,2020-06-28,,2020-05-31,0,spatial_mob,4-step_ahead,0.0,0.0,
51069,47.99999999999977,2020-06-07,41.1764705882346,2020-05-31,0,spatial,1-step_ahead,3.687864298957361e-13,3.600242842292915e-26,34.00000000000001
51069,48.000000000000064,2020-06-14,140.0000000000004,2020-05-31,0,spatial,2-step_ahead,2.375846092067205e-13,1.1708273555290256e-26,20.0
51069,47.99999999999992,2020-06-21,336.36363636363564,2020-05-31,0,spatial,3-step_ahead,1.9564777957863902e-13,2.3650049938525928e-26,11.000000000000002
51069,47.999999999999936,2020-06-28,,2020-05-31,0,spatial,4-step_ahead,2.650130094561949e-13,1.7566749067914099e-26,
51003,32.999999999999986,2020-06-07,37.73584905660381,2020-05-31,0,spatial,1-step_ahead,1.3717955151281615e-13,7.345281103739146e-28,53.00000000000001
51003,33.00000000000013,2020-06-14,26.666666666666355,2020-05-31,0,spatial,2-step_ahead,4.641587376969358e-13,1.1907460933858563e-26,44.99999999999999
51003,32.99999988686009,2020-06-21,10.81081111659432,2020-05-31,0,spatial,3-step_ahead,2.5913998753762995e-07,3.5390663951818068e-15,36.99999999999999
51003,32.999999841355056,2020-06-28,,2020-05-31,0,spatial,4-step_ahead,1.0494897546198955e-06,3.314416232979658e-14,
51021,1.0,2020-06-07,0.0,2020-05-31,0,spatial_mob,1-step_ahead,0.0,0.0,1.0
51021,1.0,2020-06-14,0.0,2020-05-31,0,spatial_mob,2-step_ahead,0.0,0.0,1.0
51021,1.0,2020-06-21,0.0,2020-05-31,0,spatial_mob,3-step_ahead,0.0,0.0,1.0
51021,1.0,2020-06-28,,2020-05-31,0,spatial_mob,4-step_ahead,0.0,0.0,
51147,13.000000010779614,2020-06-07,8.333333423163463,2020-05-31,0,spatial,1-step_ahead,1.948907702338738e-07,1.3853302653752015e-15,12.0
51147,12.99999997440434,2020-06-14,18.181817949130334,2020-05-31,0,spatial,2-step_ahead,8.258273677993404e-08,3.359975987694185e-16,11.000000000000002
51147,13.000000010358207,2020-06-21,550.0000005179104,2020-05-31,0,spatial,3-step_ahead,3.080053504994402e-07,1.7753214445894387e-15,2.0
51147,13.000000000000036,2020-06-28,,2020-05-31,0,spatial,4-step_ahead,2.110838825051144e-13,3.1839412210851563e-27,
51171,62.81396624799507,2020-06-07,96.29364452498459,2020-05-31,0,ar,1-step_ahead,34.17726167889749,604.5671818428317,32.0
51171,62.81396624799507,2020-06-14,141.5921778769041,2020-05-31,0,ar,2-step_ahead,34.17726167889749,604.5671818428317,26.000000000000004
51171,37.82146879117158,2020-06-21,278.2146879117157,2020-05-31,0,ar,3-step_ahead,44.43681121112258,699.5914857422838,10.000000000000002
51171,37.82146879117158,2020-06-28,,2020-05-31,0,ar,4-step_ahead,44.43681121112258,699.5914857422838,
51165,59.999999999999886,2020-06-07,24.999999999999726,2020-05-31,0,spatial_mob,1-step_ahead,5.11256191637579e-13,2.9232660792593986e-25,48.00000000000001
51165,59.9999999999986,2020-06-14,106.89655172413308,2020-05-31,0,spatial_mob,2-step_ahead,2.3026931185014e-12,2.7105891792118142e-24,29.000000000000004
51165,59.99999998703931,2020-06-21,445.4545453367209,2020-05-31,0,spatial_mob,3-step_ahead,1.1952181088995517e-08,6.820122633293628e-17,11.000000000000002
51165,59.99999998082129,2020-06-28,,2020-05-31,0,spatial_mob,4-step_ahead,2.48653352808507e-08,3.139033111477611e-16,
51147,13.000000010779614,2020-06-07,8.333333423163463,2020-05-31,0,spatial_mob,1-step_ahead,1.948907702338738e-07,1.3853302653752015e-15,12.0
51147,12.99999997440434,2020-06-14,18.181817949130334,2020-05-31,0,spatial_mob,2-step_ahead,8.258273677993404e-08,3.359975987694185e-16,11.000000000000002
51147,13.000000010358207,2020-06-21,550.0000005179104,2020-05-31,0,spatial_mob,3-step_ahead,3.080053504994402e-07,1.7753214445894387e-15,2.0
51147,13.000000000000036,2020-06-28,,2020-05-31,0,spatial_mob,4-step_ahead,2.110838825051144e-13,3.1839412210851563e-27,
51051,1.0,2020-06-07,0.0,2020-05-31,0,ar,1-step_ahead,0.0,0.0,1.0
51051,1.0,2020-06-14,0.0,2020-05-31,0,ar,2-step_ahead,0.0,0.0,1.0
51051,1.0,2020-06-21,0.0,2020-05-31,0,ar,3-step_ahead,0.0,0.0,1.0
51051,1.0,2020-06-28,,2020-05-31,0,ar,4-step_ahead,0.0,0.0,
51091,1.0,2020-06-07,0.0,2020-05-31,0,ar,1-step_ahead,0.0,0.0,1.0
51091,1.0,2020-06-14,0.0,2020-05-31,0,ar,2-step_ahead,0.0,0.0,1.0
51091,1.0,2020-06-21,0.0,2020-05-31,0,ar,3-step_ahead,0.0,0.0,1.0
51091,1.0,2020-06-28,,2020-05-31,0,ar,4-step_ahead,0.0,0.0,
