Afghanistan,2020-05-24,0.0,2020-05-17,6561.623037109375,1105.0941425943402
Afghanistan,2020-05-31,1.0,2020-05-17,10580.40498046875,2000.8409165570577
Afghanistan,2020-06-07,2.0,2020-05-17,15913.31830078125,2999.4892407695274
Afghanistan,2020-06-14,3.0,2020-05-17,21317.98412109375,4607.033631210632
Albania,2020-05-24,0.0,2020-05-17,91.39927787780762,18.18830638093445
Albania,2020-05-31,1.0,2020-05-17,95.96810668945312,18.82663638066664
Albania,2020-06-07,2.0,2020-05-17,93.83446838378906,22.020564929889883
Albania,2020-06-14,3.0,2020-05-17,101.03064575195313,25.306583897833182
Algeria,2020-05-24,0.0,2020-05-17,1280.866416015625,248.12927409108858
Algeria,2020-05-31,1.0,2020-05-17,1344.700591430664,269.75214833492583
Algeria,2020-06-07,2.0,2020-05-17,1319.976844482422,278.8914763504939
Algeria,2020-06-14,3.0,2020-05-17,1349.9627954101563,232.20085245730434
Andorra,2020-05-24,0.0,2020-05-17,9.259637155532836,1.7207550813462673
Andorra,2020-05-31,1.0,2020-05-17,8.746657161712646,2.028655050449036
Andorra,2020-06-07,2.0,2020-05-17,9.008246192932129,2.0288326544384754
Andorra,2020-06-14,3.0,2020-05-17,9.001975016593933,2.2338255732265218
Angola,2020-05-24,0.0,2020-05-17,7.950343823432922,2.386221417273651
Angola,2020-05-31,1.0,2020-05-17,8.17750636100769,2.4836120808424305
Angola,2020-06-07,2.0,2020-05-17,9.599866342544555,2.0299453381880457
Angola,2020-06-14,3.0,2020-05-17,8.302536540031433,2.2778544979862647
Antigua and Barbuda,2020-05-24,0.0,2020-05-17,0.1464774788171053,0.034425162245198565
Antigua and Barbuda,2020-05-31,1.0,2020-05-17,0.13948590941727163,0.03692183877002891
Antigua and Barbuda,2020-06-07,2.0,2020-05-17,0.140716268196702,0.03854710177468872
Antigua and Barbuda,2020-06-14,3.0,2020-05-17,0.13567589536309244,0.04094098915732337
Argentina,2020-05-24,0.0,2020-05-17,1014.8258428955078,483.3499047177946
Argentina,2020-05-31,1.0,2020-05-17,1044.6000201416016,501.4859662938575
Argentina,2020-06-07,2.0,2020-05-17,1009.1517849731446,458.079140322423
Argentina,2020-06-14,3.0,2020-05-17,830.8861590576172,341.6399714360909
Armenia,2020-05-24,0.0,2020-05-17,1061.4808172607422,259.22543550613267
Armenia,2020-05-31,1.0,2020-05-17,1197.4323986816407,290.3921852927237
Armenia,2020-06-07,2.0,2020-05-17,1269.9973571777343,321.8317808331076
Armenia,2020-06-14,3.0,2020-05-17,973.4228167724609,280.36956102138123
Austria,2020-05-24,0.0,2020-05-17,380.01917266845703,57.29608443400942
Austria,2020-05-31,1.0,2020-05-17,388.56909820556643,53.34822828224953
Austria,2020-06-07,2.0,2020-05-17,385.8812026977539,50.1509568804915
Austria,2020-06-14,3.0,2020-05-17,393.4289532470703,57.30095968592642
Azerbaijan,2020-05-24,0.0,2020-05-17,469.19740478515627,96.73814547174533
Azerbaijan,2020-05-31,1.0,2020-05-17,469.9866748046875,110.70574702748017
Azerbaijan,2020-06-07,2.0,2020-05-17,459.23738067626954,117.66079150892892
Azerbaijan,2020-06-14,3.0,2020-05-17,416.6808462524414,78.74272883732675
Bahamas,2020-05-24,0.0,2020-05-17,3.1634589505195616,0.6361695133862494
Bahamas,2020-05-31,1.0,2020-05-17,2.738772437572479,0.7414291963605314
Bahamas,2020-06-07,2.0,2020-05-17,2.7581418001651765,0.6230534755593823
Bahamas,2020-06-14,3.0,2020-05-17,2.7857850086688996,0.6445777144610617
Bahrain,2020-05-24,0.0,2020-05-17,3147.755104980469,666.7904306376994
Bahrain,2020-05-31,1.0,2020-05-17,4349.497109375,863.7645724236716
Bahrain,2020-06-07,2.0,2020-05-17,5367.666557617187,1295.9975883963612
Bahrain,2020-06-14,3.0,2020-05-17,7203.0252685546875,1835.982369382045
Bangladesh,2020-05-24,0.0,2020-05-17,13311.364521484375,2844.739252093158
Bangladesh,2020-05-31,1.0,2020-05-17,18951.8458203125,3395.0400830822928
Bangladesh,2020-06-07,2.0,2020-05-17,22995.74439453125,6277.068154947934
Bangladesh,2020-06-14,3.0,2020-05-17,30568.1704296875,7752.77427921573
Barbados,2020-05-24,0.0,2020-05-17,8.292182168960572,1.9943352602205782
Barbados,2020-05-31,1.0,2020-05-17,8.846463513374328,2.0955780546026848
Barbados,2020-06-07,2.0,2020-05-17,9.172816367149354,2.3756419296543227
Barbados,2020-06-14,3.0,2020-05-17,9.407087297439576,2.28519240877374
Belarus,2020-05-24,0.0,2020-05-17,5649.927355957031,1456.797291309431
Belarus,2020-05-31,1.0,2020-05-17,5476.2190625,1638.0467992681336
Belarus,2020-06-07,2.0,2020-05-17,5271.608715820313,1566.752480003485
Belarus,2020-06-14,3.0,2020-05-17,5065.6695556640625,1376.6758955035896
Belgium,2020-05-24,0.0,2020-05-17,2041.9592993164063,462.31065155936585
Belgium,2020-05-31,1.0,2020-05-17,2052.5601208496096,478.8069883192705
Belgium,2020-06-07,2.0,2020-05-17,2107.9255297851564,412.56434972662976
Belgium,2020-06-14,3.0,2020-05-17,2091.5667309570313,430.88448821850653
Belize,2020-05-24,0.0,2020-05-17,0.057855502590537074,0.010950711455010713
Belize,2020-05-31,1.0,2020-05-17,0.06073306679725647,0.009745679271959322
Belize,2020-06-07,2.0,2020-05-17,0.059857845306396484,0.009568641902289355
Belize,2020-06-14,3.0,2020-05-17,0.0593349988013506,0.011422408827961462
Benin,2020-05-24,0.0,2020-05-17,51.22037094116211,12.304731408216778
Benin,2020-05-31,1.0,2020-05-17,36.73310554504395,10.90083000502243
Benin,2020-06-07,2.0,2020-05-17,36.21506059646607,9.629089074076415
Benin,2020-06-14,3.0,2020-05-17,36.675672369003294,12.351071440268392
Bhutan,2020-05-24,0.0,2020-05-17,0.592676413282752,0.20978666043323363
Bhutan,2020-05-31,1.0,2020-05-17,0.8580235546827316,0.20534441171297146
Bhutan,2020-06-07,2.0,2020-05-17,0.8537485474348068,0.1510497763971451
Bhutan,2020-06-14,3.0,2020-05-17,0.7944633919000625,0.1727388712515436
Bolivia,2020-05-24,0.0,2020-05-17,4014.749921875,1025.7732314892999
Bolivia,2020-05-31,1.0,2020-05-17,5995.051630859375,1395.3088717346834
Bolivia,2020-06-07,2.0,2020-05-17,8184.354140625,2177.6856830752195
Bolivia,2020-06-14,3.0,2020-05-17,9416.231298828125,2375.566486184842
Bosnia and Herzegovina,2020-05-24,0.0,2020-05-17,124.48606903076171,34.29913478292964
Bosnia and Herzegovina,2020-05-31,1.0,2020-05-17,112.92505889892578,27.939210846629123
Bosnia and Herzegovina,2020-06-07,2.0,2020-05-17,102.34282180786133,25.535593975578806
Bosnia and Herzegovina,2020-06-14,3.0,2020-05-17,103.92022743225098,28.240953336605234
Botswana,2020-05-24,0.0,2020-05-17,3.3150452637672423,0.6959832454211305
Botswana,2020-05-31,1.0,2020-05-17,3.1517316627502443,0.6912039218023827
Botswana,2020-06-07,2.0,2020-05-17,3.1768625378608704,0.4751543328878963
Botswana,2020-06-14,3.0,2020-05-17,3.0364914321899414,0.7282383360747604
Brazil,2020-05-24,0.0,2020-05-17,175804.2878125,57100.78365684268
Brazil,2020-05-31,1.0,2020-05-17,212368.8948135376,99392.40667162683
Brazil,2020-06-07,2.0,2020-05-17,268975.18459960935,141891.8542946419
Brazil,2020-06-14,3.0,2020-05-17,327059.5148046875,186369.51358657534
Brunei,2020-05-24,0.0,2020-05-17,1.9727754831314086,0.7911314953371649
Brunei,2020-05-31,1.0,2020-05-17,2.781892984583974,1.2767041404400288
Brunei,2020-06-07,2.0,2020-05-17,3.1728621888160706,1.3499915974281602
Brunei,2020-06-14,3.0,2020-05-17,3.218216197490692,1.2828913518340619
Bulgaria,2020-05-24,0.0,2020-05-17,170.69749710083008,42.35513405567556
Bulgaria,2020-05-31,1.0,2020-05-17,148.6817264175415,48.717687557869894
Bulgaria,2020-06-07,2.0,2020-05-17,135.85045288085936,38.11564972062556
Bulgaria,2020-06-14,3.0,2020-05-17,122.0471583557129,37.937767709941824
Burkina Faso,2020-05-24,0.0,2020-05-17,35.549686393737794,6.707433718556866
Burkina Faso,2020-05-31,1.0,2020-05-17,29.481517181396484,6.397828353616556
Burkina Faso,2020-06-07,2.0,2020-05-17,28.829718551635743,5.9727655427670365
Burkina Faso,2020-06-14,3.0,2020-05-17,28.29692081451416,6.7877943084596986
Burma,2020-05-24,0.0,2020-05-17,14.62254674911499,3.0791168602257697
Burma,2020-05-31,1.0,2020-05-17,13.40955807685852,3.754650573629239
Burma,2020-06-07,2.0,2020-05-17,14.791165742874146,3.965730612255841
Burma,2020-06-14,3.0,2020-05-17,14.156115198135376,3.11442065871734
Burundi,2020-05-24,0.0,2020-05-17,3.238859648704529,0.7553469834596814
Burundi,2020-05-31,1.0,2020-05-17,3.3960862553119657,1.0151704745836205
Burundi,2020-06-07,2.0,2020-05-17,3.751885950565338,0.7565878422649431
Burundi,2020-06-14,3.0,2020-05-17,2.6146866250038148,0.5992435157207376
Cabo Verde,2020-05-24,0.0,2020-05-17,101.91692554473877,26.616418213375493
Cabo Verde,2020-05-31,1.0,2020-05-17,104.95540451049804,24.976514466605007
Cabo Verde,2020-06-07,2.0,2020-05-17,107.79502067565917,26.979815360421366
Cabo Verde,2020-06-14,3.0,2020-05-17,140.11891189575195,38.13654456662828
Cambodia,2020-05-24,0.0,2020-05-17,1.229042786359787,0.2749498388992599
Cambodia,2020-05-31,1.0,2020-05-17,1.3467601394653321,0.23211459556381567
Cambodia,2020-06-07,2.0,2020-05-17,1.3495806169509887,0.2547170811006227
Cambodia,2020-06-14,3.0,2020-05-17,1.3068585479259491,0.2660756123063376
Cameroon,2020-05-24,0.0,2020-05-17,493.43101318359373,117.28625919393738
Cameroon,2020-05-31,1.0,2020-05-17,518.3904653930664,146.6084727355854
Cameroon,2020-06-07,2.0,2020-05-17,512.9527323913575,124.78503895857263
Cameroon,2020-06-14,3.0,2020-05-17,411.326065826416,100.66561981119655
Central African Republic,2020-05-24,0.0,2020-05-17,306.2004898071289,68.62723808469696
Central African Republic,2020-05-31,1.0,2020-05-17,455.88100280761716,153.20237204341348
Central African Republic,2020-06-07,2.0,2020-05-17,589.4926631557942,206.13787000846216
Central African Republic,2020-06-14,3.0,2020-05-17,757.9850338745117,238.73584804782004
Chad,2020-05-24,0.0,2020-05-17,216.4643257331848,88.78820118942578
Chad,2020-05-31,1.0,2020-05-17,239.1385191345215,68.24701412341636
Chad,2020-06-07,2.0,2020-05-17,267.80051670074465,104.414477564446
Chad,2020-06-14,3.0,2020-05-17,313.29360759735107,126.46301877295305
Chile,2020-05-24,0.0,2020-05-17,31705.8407421875,8353.046640425613
Chile,2020-05-31,1.0,2020-05-17,50668.05443359375,12324.921565906623
Chile,2020-06-07,2.0,2020-05-17,65607.603203125,20163.974047216394
Chile,2020-06-14,3.0,2020-05-17,73351.02751953126,24101.715749825515
Colombia,2020-05-24,0.0,2020-05-17,5829.1367578125,1062.519952977256
Colombia,2020-05-31,1.0,2020-05-17,6773.750075683593,1803.3311805254475
Colombia,2020-06-07,2.0,2020-05-17,7514.390180664062,1929.6124680996213
Colombia,2020-06-14,3.0,2020-05-17,8237.643071289063,2382.0160124371223
Comoros,2020-05-24,0.0,2020-05-17,28.523284702301027,6.854497843439342
Comoros,2020-05-31,1.0,2020-05-17,29.217634029388428,8.019301508402371
Comoros,2020-06-07,2.0,2020-05-17,29.26392225265503,9.065272256908647
Comoros,2020-06-14,3.0,2020-05-17,24.67120071411133,8.951489249802385
Congo (Brazzaville),2020-05-24,0.0,2020-05-17,60.872585983276366,16.84352996793172
Congo (Brazzaville),2020-05-31,1.0,2020-05-17,64.35152629852296,14.581200812588252
Congo (Brazzaville),2020-06-07,2.0,2020-05-17,57.33448390960693,14.844983287912331
Congo (Brazzaville),2020-06-14,3.0,2020-05-17,53.75325714111328,12.663091383571
Congo (Kinshasa),2020-05-24,0.0,2020-05-17,719.1155798339844,162.57285897112365
Congo (Kinshasa),2020-05-31,1.0,2020-05-17,1069.6304779052734,253.54717232115595
Congo (Kinshasa),2020-06-07,2.0,2020-05-17,1286.7568432617188,341.3506646900444
Congo (Kinshasa),2020-06-14,3.0,2020-05-17,1596.8236206054687,461.64411437946524
Costa Rica,2020-05-24,0.0,2020-05-17,83.06469230651855,16.007633529328274
Costa Rica,2020-05-31,1.0,2020-05-17,84.9760004043579,17.2871545128141
Costa Rica,2020-06-07,2.0,2020-05-17,81.68130935668945,20.24435504420111
Costa Rica,2020-06-14,3.0,2020-05-17,82.80678771972656,17.723296953255744
Cote d'Ivoire,2020-05-24,0.0,2020-05-17,352.05860778808596,98.12441486489297
Cote d'Ivoire,2020-05-31,1.0,2020-05-17,377.76714340209963,87.20377945091103
Cote d'Ivoire,2020-06-07,2.0,2020-05-17,384.2529037475586,92.24909948322575
Cote d'Ivoire,2020-06-14,3.0,2020-05-17,401.9942105102539,88.48623088690191
Croatia,2020-05-24,0.0,2020-05-17,27.19787805557251,7.367348731311376
Croatia,2020-05-31,1.0,2020-05-17,26.329854946136475,5.389391223914081
Croatia,2020-06-07,2.0,2020-05-17,26.449796199798584,4.447788391031233
Croatia,2020-06-14,3.0,2020-05-17,27.445756072998048,4.346000809764954
Cuba,2020-05-24,0.0,2020-05-17,65.80041553497314,16.367205454205294
Cuba,2020-05-31,1.0,2020-05-17,62.43912757873535,12.851044859970173
Cuba,2020-06-07,2.0,2020-05-17,57.92503818511963,14.104219639315234
Cuba,2020-06-14,3.0,2020-05-17,57.50863132476807,12.208663028451932
Cyprus,2020-05-24,0.0,2020-05-17,15.608090667724609,3.256934438961705
Cyprus,2020-05-31,1.0,2020-05-17,13.92557204246521,3.1344274968299053
Cyprus,2020-06-07,2.0,2020-05-17,12.772057428359986,2.802402964215525
Cyprus,2020-06-14,3.0,2020-05-17,13.512897005081177,3.018754033125567
Czechia,2020-05-24,0.0,2020-05-17,381.430005645752,106.24052738637873
Czechia,2020-05-31,1.0,2020-05-17,364.420546875,110.22627451619118
Czechia,2020-06-07,2.0,2020-05-17,381.0636013793945,101.6807312564503
Czechia,2020-06-14,3.0,2020-05-17,379.34734375,91.1681347560262
Denmark,2020-05-24,0.0,2020-05-17,374.10345443725583,130.41717538628376
Denmark,2020-05-31,1.0,2020-05-17,319.58737701416015,127.79949795329388
Denmark,2020-06-07,2.0,2020-05-17,269.61905548095706,134.2174240744617
Denmark,2020-06-14,3.0,2020-05-17,322.17120849609375,93.01583669261768
Diamond Princess,2020-05-24,0.0,2020-05-17,-1.1324333154334454e-05,2.805750136091029e-06
Diamond Princess,2020-05-31,1.0,2020-05-17,-1.1847519372167881e-05,2.453970800985957e-06
Diamond Princess,2020-06-07,2.0,2020-05-17,-1.2047521140630124e-05,2.2415358669231574e-06
Diamond Princess,2020-06-14,3.0,2020-05-17,-1.1963735723838908e-05,2.4187178506163587e-06
Djibouti,2020-05-24,0.0,2020-05-17,185.44014709472657,53.16735847954316
Djibouti,2020-05-31,1.0,2020-05-17,184.42387069702147,49.36396580897855
Djibouti,2020-06-07,2.0,2020-05-17,177.06685707092285,49.63092420556158
Djibouti,2020-06-14,3.0,2020-05-17,175.97803970336915,41.28184117325325
Dominica,2020-05-24,0.0,2020-05-17,0.0950707246363163,0.0231346883943674
Dominica,2020-05-31,1.0,2020-05-17,0.0952044516056776,0.02059810855709382
Dominica,2020-06-07,2.0,2020-05-17,0.09225178770720958,0.019813683931772897
Dominica,2020-06-14,3.0,2020-05-17,0.09789501689374447,0.013357880674136397
Dominican Republic,2020-05-24,0.0,2020-05-17,1992.5409301757813,511.87057681544553
Dominican Republic,2020-05-31,1.0,2020-05-17,1892.8820751953126,479.2436914214881
Dominican Republic,2020-06-07,2.0,2020-05-17,1857.7393713378906,441.55374289390903
Dominican Republic,2020-06-14,3.0,2020-05-17,1886.5128234863282,339.75802256844116
Ecuador,2020-05-24,0.0,2020-05-17,3954.6223754882812,768.9191308965158
Ecuador,2020-05-31,1.0,2020-05-17,3671.7820825195313,981.7056662890126
Ecuador,2020-06-07,2.0,2020-05-17,3996.9585009765624,793.8863316676875
Ecuador,2020-06-14,3.0,2020-05-17,4172.35673828125,706.0001336310218
Egypt,2020-05-24,0.0,2020-05-17,6226.956875,1238.1172071218302
Egypt,2020-05-31,1.0,2020-05-17,8190.729775390625,1684.6983518044503
Egypt,2020-06-07,2.0,2020-05-17,11748.50146484375,2705.0005320714918
Egypt,2020-06-14,3.0,2020-05-17,14976.793901367188,3647.717704572872
El Salvador,2020-05-24,0.0,2020-05-17,1303.6676055908204,272.7725481135841
El Salvador,2020-05-31,1.0,2020-05-17,2004.7955236816406,399.8433567319744
El Salvador,2020-06-07,2.0,2020-05-17,2830.3377392578127,618.5819181472283
El Salvador,2020-06-14,3.0,2020-05-17,3558.6540576171874,769.9923895174762
Equatorial Guinea,2020-05-24,0.0,2020-05-17,169.62701457977295,46.49701822568307
Equatorial Guinea,2020-05-31,1.0,2020-05-17,198.95900756835937,54.55930850479923
Equatorial Guinea,2020-06-07,2.0,2020-05-17,236.03885608673096,72.0762873374473
Equatorial Guinea,2020-06-14,3.0,2020-05-17,172.2540397644043,45.53758790697199
Eritrea,2020-05-24,0.0,2020-05-17,0.17199744254350663,0.030827174302844006
Eritrea,2020-05-31,1.0,2020-05-17,0.17566611394286155,0.0351649554461908
Eritrea,2020-06-07,2.0,2020-05-17,0.20028072580695153,0.032014198652586985
Eritrea,2020-06-14,3.0,2020-05-17,0.21041590481996536,0.03644667119147478
Estonia,2020-05-24,0.0,2020-05-17,44.52917900085449,8.921885534897973
Estonia,2020-05-31,1.0,2020-05-17,46.93059181213379,8.530420082449757
Estonia,2020-06-07,2.0,2020-05-17,46.67285400390625,9.01523239866284
Estonia,2020-06-14,3.0,2020-05-17,44.14233325958252,10.442531197050018
Eswatini,2020-05-24,0.0,2020-05-17,31.51812889099121,5.2601123654921205
Eswatini,2020-05-31,1.0,2020-05-17,28.81600519180298,5.348858115776775
Eswatini,2020-06-07,2.0,2020-05-17,26.978229656219483,4.960865226500448
Eswatini,2020-06-14,3.0,2020-05-17,24.768488845825196,4.418741482714166
Ethiopia,2020-05-24,0.0,2020-05-17,60.87826282501221,11.62073634870297
Ethiopia,2020-05-31,1.0,2020-05-17,58.120299377441405,12.419906146737317
Ethiopia,2020-06-07,2.0,2020-05-17,54.63746826171875,10.329820861148606
Ethiopia,2020-06-14,3.0,2020-05-17,41.17352863311768,8.989932592728353
Fiji,2020-05-24,0.0,2020-05-17,0.14943250581622125,0.04240491999516719
Fiji,2020-05-31,1.0,2020-05-17,0.1613516889512539,0.045419175325350385
Fiji,2020-06-07,2.0,2020-05-17,0.16503380589187144,0.054270189181236536
Fiji,2020-06-14,3.0,2020-05-17,0.1667100492119789,0.06227750819932707
Finland,2020-05-24,0.0,2020-05-17,281.13399291992187,67.22206447974249
Finland,2020-05-31,1.0,2020-05-17,253.4421450805664,53.26423416137417
Finland,2020-06-07,2.0,2020-05-17,233.75362167358398,53.54186963161085
Finland,2020-06-14,3.0,2020-05-17,240.63241790771485,45.6146436056493
France,2020-05-24,0.0,2020-05-17,4031.022841796875,674.6649965217398
France,2020-05-31,1.0,2020-05-17,3781.331613769531,677.0220423131917
France,2020-06-07,2.0,2020-05-17,3876.1689111328124,633.5162335325069
France,2020-06-14,3.0,2020-05-17,3974.8114892578124,604.4453204930317
Gabon,2020-05-24,0.0,2020-05-17,1516.8757568359374,345.07250759765003
Gabon,2020-05-31,1.0,2020-05-17,2156.5396276855467,557.69420328916
Gabon,2020-06-07,2.0,2020-05-17,2753.490751953125,667.6454182828303
Gabon,2020-06-14,3.0,2020-05-17,3532.9114453125,930.6400835982371
Gambia,2020-05-24,0.0,2020-05-17,2.4764288091659545,0.5346703196744045
Gambia,2020-05-31,1.0,2020-05-17,2.246785296201706,0.6232672765448145
Gambia,2020-06-07,2.0,2020-05-17,2.131507693529129,0.5511280959577941
Gambia,2020-06-14,3.0,2020-05-17,2.2573758149147034,0.5798906964821751
Georgia,2020-05-24,0.0,2020-05-17,38.36866798400879,7.47145229906562
Georgia,2020-05-31,1.0,2020-05-17,39.567439575195316,7.612422709736619
Georgia,2020-06-07,2.0,2020-05-17,35.258975219726565,8.25869086525702
Georgia,2020-06-14,3.0,2020-05-17,35.93921245574951,8.38019556231183
Germany,2020-05-24,0.0,2020-05-17,3521.374357910156,922.5413121680199
Germany,2020-05-31,1.0,2020-05-17,3670.101823730469,627.1431932810685
Germany,2020-06-07,2.0,2020-05-17,3516.4789990234376,614.8083317923367
Germany,2020-06-14,3.0,2020-05-17,3153.520578613281,743.2152130852431
Ghana,2020-05-24,0.0,2020-05-17,1755.9861956787108,480.91720603974056
Ghana,2020-05-31,1.0,2020-05-17,1533.0889715576172,414.26822272895436
Ghana,2020-06-07,2.0,2020-05-17,1543.5115643310546,441.9550919433983
Ghana,2020-06-14,3.0,2020-05-17,1830.1828186035157,466.94203089151006
Greece,2020-05-24,0.0,2020-05-17,77.73484832763671,7.252761178444623
Greece,2020-05-31,1.0,2020-05-17,76.48847564697266,8.412641456327071
Greece,2020-06-07,2.0,2020-05-17,77.74427558898925,6.201683739615291
Greece,2020-06-14,3.0,2020-05-17,75.58890083312988,8.993277643421132
Grenada,2020-05-24,0.0,2020-05-17,0.20451104745268822,0.04527139681794819
Grenada,2020-05-31,1.0,2020-05-17,0.2064121024310589,0.04963555871950618
Grenada,2020-06-07,2.0,2020-05-17,0.18317911319434643,0.0428521091962416
Grenada,2020-06-14,3.0,2020-05-17,0.1966325706243515,0.043445056667412475
Guatemala,2020-05-24,0.0,2020-05-17,816.5992883300781,168.93486783630576
Guatemala,2020-05-31,1.0,2020-05-17,1264.4300134277344,246.02558952776738
Guatemala,2020-06-07,2.0,2020-05-17,1445.5777795410156,323.0510851115959
Guatemala,2020-06-14,3.0,2020-05-17,1337.2753747558593,343.82595531911215
Guinea,2020-05-24,0.0,2020-05-17,566.2788409423828,98.41961125285816
Guinea,2020-05-31,1.0,2020-05-17,590.1937274169921,124.13683094673637
Guinea,2020-06-07,2.0,2020-05-17,596.6242523193359,96.33327412684092
Guinea,2020-06-14,3.0,2020-05-17,562.9618927001953,136.64895583952816
Guinea-Bissau,2020-05-24,0.0,2020-05-17,469.9122583007813,80.49434526003016
Guinea-Bissau,2020-05-31,1.0,2020-05-17,487.8164178466797,126.09061991854337
Guinea-Bissau,2020-06-07,2.0,2020-05-17,568.9249331665039,167.1902645871841
Guinea-Bissau,2020-06-14,3.0,2020-05-17,765.8640792846679,272.87058396770004
Guyana,2020-05-24,0.0,2020-05-17,13.897466502189637,3.7495560090699125
Guyana,2020-05-31,1.0,2020-05-17,13.34003604888916,4.330160025072517
Guyana,2020-06-07,2.0,2020-05-17,11.974001960754395,3.5791078317226366
Guyana,2020-06-14,3.0,2020-05-17,12.480271444320678,3.8459892188351645
Haiti,2020-05-24,0.0,2020-05-17,67.06304903626442,30.76291218640255
Haiti,2020-05-31,1.0,2020-05-17,90.85868598937988,42.3386914759638
Haiti,2020-06-07,2.0,2020-05-17,99.96326908111573,49.76369279464735
Haiti,2020-06-14,3.0,2020-05-17,48.187686100006104,16.26489559539494
Holy See,2020-05-24,0.0,2020-05-17,0.09411318071186542,0.020431044281606327
Holy See,2020-05-31,1.0,2020-05-17,0.04582745630294085,0.007480739913940535
Holy See,2020-06-07,2.0,2020-05-17,0.04798500932753086,0.009133257350263636
Holy See,2020-06-14,3.0,2020-05-17,0.0480599020794034,0.00939576811436103
Honduras,2020-05-24,0.0,2020-05-17,1089.8533831787108,263.2303146233325
Honduras,2020-05-31,1.0,2020-05-17,1239.843563232422,279.1983583095045
Honduras,2020-06-07,2.0,2020-05-17,1451.645010986328,391.49342182150593
Honduras,2020-06-14,3.0,2020-05-17,1705.7830444335937,510.6051713173508
Hungary,2020-05-24,0.0,2020-05-17,183.89664047241212,41.19775500794202
Hungary,2020-05-31,1.0,2020-05-17,161.6619539642334,42.02233832590923
Hungary,2020-06-07,2.0,2020-05-17,154.21863403320313,37.944506356728986
Hungary,2020-06-14,3.0,2020-05-17,142.85479949951173,35.344789179369904
Iceland,2020-05-24,0.0,2020-05-17,3.677627024650574,0.5998891001450892
Iceland,2020-05-31,1.0,2020-05-17,3.906179790496826,0.6599414201506396
Iceland,2020-06-07,2.0,2020-05-17,3.8139866733551027,0.6065068943751467
Iceland,2020-06-14,3.0,2020-05-17,3.8502558517456054,0.6365201400521471
India,2020-05-24,0.0,2020-05-17,66638.5401171875,16206.974483580334
India,2020-05-31,1.0,2020-05-17,89984.951328125,20991.647297087882
India,2020-06-07,2.0,2020-05-17,133724.326875,28611.587419997417
India,2020-06-14,3.0,2020-05-17,168324.90859375,43781.63062304646
Indonesia,2020-05-24,0.0,2020-05-17,3578.3215063476564,814.8181075692868
Indonesia,2020-05-31,1.0,2020-05-17,3469.784443359375,998.9146839013322
Indonesia,2020-06-07,2.0,2020-05-17,3768.646630859375,829.1396053243923
Indonesia,2020-06-14,3.0,2020-05-17,3307.5719604492188,883.2653921452329
Iran,2020-05-24,0.0,2020-05-17,12668.18564453125,1528.542430055553
Iran,2020-05-31,1.0,2020-05-17,11270.340625,1063.3561839663012
Iran,2020-06-07,2.0,2020-05-17,10132.818037109375,1107.1782255868773
Iran,2020-06-14,3.0,2020-05-17,11615.44603515625,1492.2887690469722
Iraq,2020-05-24,0.0,2020-05-17,437.1523484802246,147.19626740829614
Iraq,2020-05-31,1.0,2020-05-17,439.8020751953125,155.22301980680626
Iraq,2020-06-07,2.0,2020-05-17,466.7821684265137,139.12097123589098
Iraq,2020-06-14,3.0,2020-05-17,380.7868260192871,139.83045785607416
Ireland,2020-05-24,0.0,2020-05-17,853.1301379394531,217.8265767394774
Ireland,2020-05-31,1.0,2020-05-17,818.0573303222657,183.2704032420491
Ireland,2020-06-07,2.0,2020-05-17,721.5982232666015,211.76445618246797
Ireland,2020-06-14,3.0,2020-05-17,796.3947094726562,151.05989414520423
Israel,2020-05-24,0.0,2020-05-17,170.04356811523436,25.003713470555137
Israel,2020-05-31,1.0,2020-05-17,164.5410429382324,31.314093601811884
Israel,2020-06-07,2.0,2020-05-17,159.398191986084,32.45287670200813
Israel,2020-06-14,3.0,2020-05-17,163.60715026855468,27.750865423439727
Italy,2020-05-24,0.0,2020-05-17,5370.54794921875,137.71796945143922
Italy,2020-05-31,1.0,2020-05-17,5242.56548828125,106.65938636061188
Italy,2020-06-07,2.0,2020-05-17,5146.83568359375,129.0398416697404
Italy,2020-06-14,3.0,2020-05-17,5200.131748046875,111.99414987635454
Jamaica,2020-05-24,0.0,2020-05-17,37.42294973373413,10.818565434412871
Jamaica,2020-05-31,1.0,2020-05-17,36.50075712203979,11.73390074287557
Jamaica,2020-06-07,2.0,2020-05-17,39.992507209777834,10.278446071889709
Jamaica,2020-06-14,3.0,2020-05-17,42.100059490203854,9.97558059727777
Japan,2020-05-24,0.0,2020-05-17,291.47553985595704,23.742469219299345
Japan,2020-05-31,1.0,2020-05-17,277.0155352783203,17.49952690513401
Japan,2020-06-07,2.0,2020-05-17,275.5491348266602,16.572875494124265
Japan,2020-06-14,3.0,2020-05-17,274.19499450683594,17.895279958968107
Jordan,2020-05-24,0.0,2020-05-17,48.43152767181397,10.640626568730392
Jordan,2020-05-31,1.0,2020-05-17,35.84879030227661,6.356434768238076
Jordan,2020-06-07,2.0,2020-05-17,37.07065645217895,6.964993990503819
Jordan,2020-06-14,3.0,2020-05-17,59.31498153686523,15.210881335919364
Kazakhstan,2020-05-24,0.0,2020-05-17,1633.1375903320313,391.52404519338904
Kazakhstan,2020-05-31,1.0,2020-05-17,1790.690484008789,542.2326421562492
Kazakhstan,2020-06-07,2.0,2020-05-17,2177.3110009765624,654.7339499859368
Kazakhstan,2020-06-14,3.0,2020-05-17,2270.457628173828,722.2416450762695
Kenya,2020-05-24,0.0,2020-05-17,251.471619720459,60.33467919384302
Kenya,2020-05-31,1.0,2020-05-17,281.43829742431643,58.10585821931832
Kenya,2020-06-07,2.0,2020-05-17,324.563935546875,72.80789715325085
Kenya,2020-06-14,3.0,2020-05-17,316.68180603027344,81.90975010274003
"Korea, South",2020-05-24,0.0,2020-05-17,95.1517024230957,38.43122775117791
"Korea, South",2020-05-31,1.0,2020-05-17,105.77641052246094,47.32844955114851
"Korea, South",2020-06-07,2.0,2020-05-17,90.1905068206787,36.066339065471254
"Korea, South",2020-06-14,3.0,2020-05-17,96.95666709899902,44.10740682320359
Kosovo,2020-05-24,0.0,2020-05-17,73.00536827087403,19.62791151465886
Kosovo,2020-05-31,1.0,2020-05-17,77.35922668457032,17.18023060701317
Kosovo,2020-06-07,2.0,2020-05-17,73.02910259246826,19.078158190647244
Kosovo,2020-06-14,3.0,2020-05-17,76.1360034942627,18.057364202488607
Kuwait,2020-05-24,0.0,2020-05-17,13628.255673828126,2904.7126026880956
Kuwait,2020-05-31,1.0,2020-05-17,21193.501796875,4407.930781041608
Kuwait,2020-06-07,2.0,2020-05-17,27920.62806640625,6047.829080836771
Kuwait,2020-06-14,3.0,2020-05-17,35895.96105957031,9532.86090535329
Kyrgyzstan,2020-05-24,0.0,2020-05-17,178.60903900146485,41.98038251934147
Kyrgyzstan,2020-05-31,1.0,2020-05-17,195.07626388549804,42.65593933532594
Kyrgyzstan,2020-06-07,2.0,2020-05-17,199.36271911621094,38.56947410841627
Kyrgyzstan,2020-06-14,3.0,2020-05-17,187.31387786865236,44.711884906658526
Laos,2020-05-24,0.0,2020-05-17,0.03177451744675636,0.005995170617382495
Laos,2020-05-31,1.0,2020-05-17,0.031937977187335494,0.005816274812770159
Laos,2020-06-07,2.0,2020-05-17,0.03291052423417568,0.006373905212467169
Laos,2020-06-14,3.0,2020-05-17,0.030851615220308305,0.00668494224225366
Latvia,2020-05-24,0.0,2020-05-17,84.1748860168457,17.73815329717083
Latvia,2020-05-31,1.0,2020-05-17,89.74886262893676,20.807526948418975
Latvia,2020-06-07,2.0,2020-05-17,89.76930168151856,20.83691256636892
Latvia,2020-06-14,3.0,2020-05-17,89.74347084045411,21.887949536009312
Lebanon,2020-05-24,0.0,2020-05-17,121.5212338256836,21.6145006858269
Lebanon,2020-05-31,1.0,2020-05-17,76.7944010925293,11.929068293871158
Lebanon,2020-06-07,2.0,2020-05-17,39.25321174621582,4.863574757430482
Lebanon,2020-06-14,3.0,2020-05-17,60.00553237915039,11.060581647538477
Lesotho,2020-05-24,0.0,2020-05-17,0.011791596487164498,0.02953550243887471
Lesotho,2020-05-31,1.0,2020-05-17,0.0005446776747703558,0.01933689593803193
Lesotho,2020-06-07,2.0,2020-05-17,0.0015398550825193524,0.00795530267517671
Lesotho,2020-06-14,3.0,2020-05-17,4.901608626823872e-05,0.0004431843864999723
Liberia,2020-05-24,0.0,2020-05-17,20.500993423461914,3.9277002709538604
Liberia,2020-05-31,1.0,2020-05-17,18.281718883514404,3.9776067989931976
Liberia,2020-06-07,2.0,2020-05-17,17.470204153060912,3.9102116790366903
Liberia,2020-06-14,3.0,2020-05-17,16.412313137054444,3.0596364409033447
Libya,2020-05-24,0.0,2020-05-17,8.24317099571228,1.8505823495958769
Libya,2020-05-31,1.0,2020-05-17,8.752623205184937,1.3001950646669787
Libya,2020-06-07,2.0,2020-05-17,8.081344211101532,1.6208159361717265
Libya,2020-06-14,3.0,2020-05-17,8.144612669944763,1.4435252883894931
Liechtenstein,2020-05-24,0.0,2020-05-17,3.1799239242076873,0.8046419230559214
Liechtenstein,2020-05-31,1.0,2020-05-17,3.4438997876644133,0.8649897033974114
Liechtenstein,2020-06-07,2.0,2020-05-17,3.5904124665260313,0.9032711941322403
Liechtenstein,2020-06-14,3.0,2020-05-17,3.881027543544769,0.9699443042314719
Lithuania,2020-05-24,0.0,2020-05-17,141.3609008026123,34.40010930167656
Lithuania,2020-05-31,1.0,2020-05-17,150.7875764465332,38.482475768742205
Lithuania,2020-06-07,2.0,2020-05-17,161.20706512451173,36.81247740964893
Lithuania,2020-06-14,3.0,2020-05-17,171.96639854431152,41.08058441898196
Luxembourg,2020-05-24,0.0,2020-05-17,83.59800796508789,17.211398794710046
Luxembourg,2020-05-31,1.0,2020-05-17,80.9274031829834,18.92950946078262
Luxembourg,2020-06-07,2.0,2020-05-17,86.00156608581543,19.41858598995827
Luxembourg,2020-06-14,3.0,2020-05-17,85.03889389038086,16.736324484788526
MS Zaandam,2020-05-24,0.0,2020-05-17,0.05907019130885601,0.009503745773011484
MS Zaandam,2020-05-31,1.0,2020-05-17,0.05549441158771515,0.009665260790992695
MS Zaandam,2020-06-07,2.0,2020-05-17,0.05281646050512791,0.009374093387812513
MS Zaandam,2020-06-14,3.0,2020-05-17,0.05330466516315937,0.010240599470633847
Madagascar,2020-05-24,0.0,2020-05-17,28.75365177154541,8.023532450605147
Madagascar,2020-05-31,1.0,2020-05-17,25.849558181762696,7.882482126113015
Madagascar,2020-06-07,2.0,2020-05-17,25.735835132598876,6.839703089214895
Madagascar,2020-06-14,3.0,2020-05-17,29.350151557922363,5.5267393933135605
Malawi,2020-05-24,0.0,2020-05-17,15.4694429397583,3.015029964612631
Malawi,2020-05-31,1.0,2020-05-17,14.683050165176391,2.995937252233449
Malawi,2020-06-07,2.0,2020-05-17,16.29866641998291,3.6175469224338057
Malawi,2020-06-14,3.0,2020-05-17,15.52025128364563,4.137195739377619
Malaysia,2020-05-24,0.0,2020-05-17,259.9654235839844,38.65690718168807
Malaysia,2020-05-31,1.0,2020-05-17,250.48218597412108,34.90632064749192
Malaysia,2020-06-07,2.0,2020-05-17,242.25995300292968,35.0018608170488
Malaysia,2020-06-14,3.0,2020-05-17,235.8133038330078,32.77011870416381
Maldives,2020-05-24,0.0,2020-05-17,261.61343399047854,71.04673907501487
Maldives,2020-05-31,1.0,2020-05-17,261.72797065734864,80.4724262093008
Maldives,2020-06-07,2.0,2020-05-17,259.288643951416,69.30338407155166
Maldives,2020-06-14,3.0,2020-05-17,275.31994918823244,85.03194446714788
Mali,2020-05-24,0.0,2020-05-17,182.87495178222656,40.888080101418495
Mali,2020-05-31,1.0,2020-05-17,205.56843284606933,57.71250521460784
Mali,2020-06-07,2.0,2020-05-17,205.91580463409423,64.46285900033917
Mali,2020-06-14,3.0,2020-05-17,222.64517944335938,57.13465490956364
Malta,2020-05-24,0.0,2020-05-17,57.26678134918213,9.337752628660706
Malta,2020-05-31,1.0,2020-05-17,54.37676486968994,10.10108058240093
Malta,2020-06-07,2.0,2020-05-17,52.92239959716797,8.889315736184942
Malta,2020-06-14,3.0,2020-05-17,52.94532211303711,9.629949849873425
Marshall Islands,2020-05-24,0.0,2020-05-17,0.0,0.0
Marshall Islands,2020-05-31,1.0,2020-05-17,0.0,0.0
Marshall Islands,2020-06-07,2.0,2020-05-17,0.0,0.0
Marshall Islands,2020-06-14,3.0,2020-05-17,0.0,0.0
Mauritania,2020-05-24,0.0,2020-05-17,15.4241588306427,5.191122407509566
Mauritania,2020-05-31,1.0,2020-05-17,14.0864599442482,4.339049465839865
Mauritania,2020-06-07,2.0,2020-05-17,11.909859485626221,2.249619516577226
Mauritania,2020-06-14,3.0,2020-05-17,3.937388778924942,0.9938778404725037
Mauritius,2020-05-24,0.0,2020-05-17,0.5534272736310959,0.13160765316738698
Mauritius,2020-05-31,1.0,2020-05-17,0.6083654263615608,0.14406760719931916
Mauritius,2020-06-07,2.0,2020-05-17,0.6074995571374893,0.15040668545650956
Mauritius,2020-06-14,3.0,2020-05-17,0.6618695509433746,0.1192516041987486
Mexico,2020-05-24,0.0,2020-05-17,18457.6525390625,6612.920189232698
Mexico,2020-05-31,1.0,2020-05-17,22678.922729492188,8630.011235950611
Mexico,2020-06-07,2.0,2020-05-17,28105.701376953126,9355.60232508875
Mexico,2020-06-14,3.0,2020-05-17,29243.3698046875,11969.042915131022
Micronesia,2020-05-24,0.0,2020-05-17,0.0,0.0
Micronesia,2020-05-31,1.0,2020-05-17,0.0,0.0
Micronesia,2020-06-07,2.0,2020-05-17,0.0,0.0
Micronesia,2020-06-14,3.0,2020-05-17,0.0,0.0
Moldova,2020-05-24,0.0,2020-05-17,856.2049475097656,181.07186798370134
Moldova,2020-05-31,1.0,2020-05-17,861.9781384277344,178.52368295889096
Moldova,2020-06-07,2.0,2020-05-17,867.142532043457,169.41615187329703
Moldova,2020-06-14,3.0,2020-05-17,835.4770251464844,172.70694797380446
Monaco,2020-05-24,0.0,2020-05-17,2.025916271209717,0.30824676508053617
Monaco,2020-05-31,1.0,2020-05-17,1.9981905913352966,0.32723042097161703
Monaco,2020-06-07,2.0,2020-05-17,1.9917442083358765,0.32877245454229853
Monaco,2020-06-14,3.0,2020-05-17,2.0986951041221618,0.259598465367279
Mongolia,2020-05-24,0.0,2020-05-17,4.895058383941651,1.207773774665419
Mongolia,2020-05-31,1.0,2020-05-17,5.7388432145118715,1.3789294652391622
Mongolia,2020-06-07,2.0,2020-05-17,5.73159321308136,1.2133559978014636
Mongolia,2020-06-14,3.0,2020-05-17,5.649760017395019,1.2303892086648531
Montenegro,2020-05-24,0.0,2020-05-17,1.9469295424222945,0.5151744461132243
Montenegro,2020-05-31,1.0,2020-05-17,1.9771263527870178,0.49878951557436685
Montenegro,2020-06-07,2.0,2020-05-17,1.986473389863968,0.488853082553185
Montenegro,2020-06-14,3.0,2020-05-17,2.0441766285896303,0.4791152587139363
Morocco,2020-05-24,0.0,2020-05-17,735.8362673950195,188.49219631419135
Morocco,2020-05-31,1.0,2020-05-17,682.0386389160157,135.6335746490521
Morocco,2020-06-07,2.0,2020-05-17,648.3206646728515,156.60326916672875
Morocco,2020-06-14,3.0,2020-05-17,641.822749633789,136.96948613507917
Mozambique,2020-05-24,0.0,2020-05-17,18.65048704147339,3.9861660213783368
Mozambique,2020-05-31,1.0,2020-05-17,19.367291984558104,4.311421852061754
Mozambique,2020-06-07,2.0,2020-05-17,17.92203203201294,3.1033225814891914
Mozambique,2020-06-14,3.0,2020-05-17,14.693285665512086,3.6768213342049774
Namibia,2020-05-24,0.0,2020-05-17,3.968526530265808,0.9575026245810114
Namibia,2020-05-31,1.0,2020-05-17,3.0889280223846436,0.85288352839746
Namibia,2020-06-07,2.0,2020-05-17,0.701088993549347,0.3676771977602871
Namibia,2020-06-14,3.0,2020-05-17,0.2622867748141289,0.5454662904980537
Nepal,2020-05-24,0.0,2020-05-17,156.6634484100342,84.19440859060957
Nepal,2020-05-31,1.0,2020-05-17,291.6984336519241,121.449413501504
Nepal,2020-06-07,2.0,2020-05-17,332.77175320386885,133.67607426834545
Nepal,2020-06-14,3.0,2020-05-17,273.038522644043,129.05282575416467
Netherlands,2020-05-24,0.0,2020-05-17,1486.2270849609374,282.619959610561
Netherlands,2020-05-31,1.0,2020-05-17,1480.3077709960937,231.33766800722918
Netherlands,2020-06-07,2.0,2020-05-17,1540.8189624023437,210.876524297132
Netherlands,2020-06-14,3.0,2020-05-17,1491.3913940429688,243.93863904241584
New Zealand,2020-05-24,0.0,2020-05-17,8.046014461517334,1.6149927629848213
New Zealand,2020-05-31,1.0,2020-05-17,8.561202430725098,1.5252470607484405
New Zealand,2020-06-07,2.0,2020-05-17,8.094360828399658,2.2229875407069186
New Zealand,2020-06-14,3.0,2020-05-17,8.390622944831849,2.1684708208805215
Nicaragua,2020-05-24,0.0,2020-05-17,15.538097400665283,3.392482922286085
Nicaragua,2020-05-31,1.0,2020-05-17,11.71966212272644,2.87634865950451
Nicaragua,2020-06-07,2.0,2020-05-17,8.943207578659058,2.0690652802626093
Nicaragua,2020-06-14,3.0,2020-05-17,3.85674329996109,0.8127367373563357
Niger,2020-05-24,0.0,2020-05-17,64.20782608032226,15.081466131216656
Niger,2020-05-31,1.0,2020-05-17,66.04870956420899,14.485440355380087
Niger,2020-06-07,2.0,2020-05-17,63.37815780639649,13.8709517782804
Niger,2020-06-14,3.0,2020-05-17,64.94748821258545,14.142377717562026
Nigeria,2020-05-24,0.0,2020-05-17,2054.884395751953,409.09260327040147
Nigeria,2020-05-31,1.0,2020-05-17,2077.4577587890626,448.69671872074724
Nigeria,2020-06-07,2.0,2020-05-17,2236.027170410156,562.6620308943205
Nigeria,2020-06-14,3.0,2020-05-17,2545.9574462890623,561.0816128270887
North Macedonia,2020-05-24,0.0,2020-05-17,219.30236724853515,29.859321092543674
North Macedonia,2020-05-31,1.0,2020-05-17,222.70957580566406,37.899132365011894
North Macedonia,2020-06-07,2.0,2020-05-17,209.91766799926756,38.01850475007809
North Macedonia,2020-06-14,3.0,2020-05-17,208.9420602416992,36.369250685010044
Norway,2020-05-24,0.0,2020-05-17,192.82996368408203,19.25976147635183
Norway,2020-05-31,1.0,2020-05-17,193.53444702148437,15.050102868082549
Norway,2020-06-07,2.0,2020-05-17,190.69662414550783,18.44506906875532
Norway,2020-06-14,3.0,2020-05-17,195.59193603515624,18.43913667227208
Oman,2020-05-24,0.0,2020-05-17,1426.8940063476562,312.21702436615897
Oman,2020-05-31,1.0,2020-05-17,1767.1270251464844,392.3423988702116
Oman,2020-06-07,2.0,2020-05-17,1710.511220703125,381.829179332776
Oman,2020-06-14,3.0,2020-05-17,1527.593504638672,406.33883489267544
Pakistan,2020-05-24,0.0,2020-05-17,20403.404140625,5008.89084468915
Pakistan,2020-05-31,1.0,2020-05-17,26664.4344921875,5730.678488705511
Pakistan,2020-06-07,2.0,2020-05-17,36428.510234375,8597.31687184132
Pakistan,2020-06-14,3.0,2020-05-17,47807.7255078125,11228.648948689504
Panama,2020-05-24,0.0,2020-05-17,1371.06248046875,289.0808617553119
Panama,2020-05-31,1.0,2020-05-17,1399.4086877441407,292.1651284779008
Panama,2020-06-07,2.0,2020-05-17,1414.777589111328,357.3837168264994
Panama,2020-06-14,3.0,2020-05-17,1511.4251416015625,334.93821289039073
Papua New Guinea,2020-05-24,0.0,2020-05-17,0.10127742558717728,0.013195589551067278
Papua New Guinea,2020-05-31,1.0,2020-05-17,0.10140446498990059,0.01523507139904141
Papua New Guinea,2020-06-07,2.0,2020-05-17,0.10376468002796173,0.016792173552153327
Papua New Guinea,2020-06-14,3.0,2020-05-17,0.09853546619415283,0.020136660225832718
Paraguay,2020-05-24,0.0,2020-05-17,60.97299816131592,16.59847761805784
Paraguay,2020-05-31,1.0,2020-05-17,47.82384181976318,11.595778419947916
Paraguay,2020-06-07,2.0,2020-05-17,47.09573219299316,10.58751643595546
Paraguay,2020-06-14,3.0,2020-05-17,43.17195201873779,8.927130786400276
Peru,2020-05-24,0.0,2020-05-17,25691.96619140625,4822.630976166715
Peru,2020-05-31,1.0,2020-05-17,26827.2981640625,4848.018761017689
Peru,2020-06-07,2.0,2020-05-17,28454.65396484375,4790.30169409409
Peru,2020-06-14,3.0,2020-05-17,26859.65208984375,5592.789922382429
Philippines,2020-05-24,0.0,2020-05-17,1616.1893615722656,283.34927113116623
Philippines,2020-05-31,1.0,2020-05-17,1555.7060095214845,316.2044136919637
Philippines,2020-06-07,2.0,2020-05-17,1545.37986328125,365.680345846621
Philippines,2020-06-14,3.0,2020-05-17,1513.398465576172,302.1237116664266
Poland,2020-05-24,0.0,2020-05-17,2239.297990112305,594.949659183983
Poland,2020-05-31,1.0,2020-05-17,2230.716555175781,586.2393653929292
Poland,2020-06-07,2.0,2020-05-17,2167.2678649902346,600.1833935271397
Poland,2020-06-14,3.0,2020-05-17,2034.343907470703,582.7541633578606
Portugal,2020-05-24,0.0,2020-05-17,1204.2632824707032,221.65710448678055
Portugal,2020-05-31,1.0,2020-05-17,1006.7815417480468,263.5203395103418
Portugal,2020-06-07,2.0,2020-05-17,1016.5079699707031,247.56253245117148
Portugal,2020-06-14,3.0,2020-05-17,984.3648245239258,261.3393786690337
Qatar,2020-05-24,0.0,2020-05-17,14521.003759765625,3091.290415469509
Qatar,2020-05-31,1.0,2020-05-17,19027.012470703125,4455.337876470788
Qatar,2020-06-07,2.0,2020-05-17,22339.564794921876,6360.533412986871
Qatar,2020-06-14,3.0,2020-05-17,28178.1475390625,7313.790850578584
Romania,2020-05-24,0.0,2020-05-17,987.8948040771485,332.9454266480984
Romania,2020-05-31,1.0,2020-05-17,778.1282557678222,315.77813742931926
Romania,2020-06-07,2.0,2020-05-17,716.2189697265625,268.00435371000515
Romania,2020-06-14,3.0,2020-05-17,699.989612121582,199.4419823014602
Russia,2020-05-24,0.0,2020-05-17,91033.22921875,20095.712347999633
Russia,2020-05-31,1.0,2020-05-17,92596.7525390625,24883.80660261022
Russia,2020-06-07,2.0,2020-05-17,101675.6487890625,24970.578482098765
Russia,2020-06-14,3.0,2020-05-17,108021.167421875,29267.251024970315
Rwanda,2020-05-24,0.0,2020-05-17,25.135999221801757,8.418624539015774
Rwanda,2020-05-31,1.0,2020-05-17,24.92645607948303,8.960824872290406
Rwanda,2020-06-07,2.0,2020-05-17,26.32068133354187,10.185119313759463
Rwanda,2020-06-14,3.0,2020-05-17,24.933744220733644,9.174247183231827
Saint Kitts and Nevis,2020-05-24,0.0,2020-05-17,0.03328457612544298,0.007547898227235227
Saint Kitts and Nevis,2020-05-31,1.0,2020-05-17,0.03701261539012193,0.008249683206533864
Saint Kitts and Nevis,2020-06-07,2.0,2020-05-17,0.03743668619543314,0.008724397878648114
Saint Kitts and Nevis,2020-06-14,3.0,2020-05-17,0.037145988903939726,0.008887560992323693
Saint Lucia,2020-05-24,0.0,2020-05-17,0.1457747372984886,0.02180527631819435
Saint Lucia,2020-05-31,1.0,2020-05-17,0.12485136531293392,0.02231754290425971
Saint Lucia,2020-06-07,2.0,2020-05-17,0.1294211831688881,0.021193938399621078
Saint Lucia,2020-06-14,3.0,2020-05-17,0.13357873558998107,0.02035738820212427
Saint Vincent and the Grenadines,2020-05-24,0.0,2020-05-17,0.8892475467920303,0.294389646507427
Saint Vincent and the Grenadines,2020-05-31,1.0,2020-05-17,0.91651202917099,0.2450510322035567
Saint Vincent and the Grenadines,2020-06-07,2.0,2020-05-17,0.969445232450962,0.2726635117788465
Saint Vincent and the Grenadines,2020-06-14,3.0,2020-05-17,0.9472540771961212,0.2807033900682363
Samoa,2020-05-24,0.0,2020-05-17,0.0,0.0
Samoa,2020-05-31,1.0,2020-05-17,0.0,0.0
Samoa,2020-06-07,2.0,2020-05-17,0.0,0.0
Samoa,2020-06-14,3.0,2020-05-17,0.0,0.0
San Marino,2020-05-24,0.0,2020-05-17,14.022383518218994,0.9084009409896427
San Marino,2020-05-31,1.0,2020-05-17,12.77410795211792,0.23470821177744455
San Marino,2020-06-07,2.0,2020-05-17,12.624921283721925,0.15329113102545983
San Marino,2020-06-14,3.0,2020-05-17,12.624136543273925,0.1773169415439448
Sao Tome and Principe,2020-05-24,0.0,2020-05-17,41.4769900894165,8.34168912268623
Sao Tome and Principe,2020-05-31,1.0,2020-05-17,36.14158851623535,6.270857703558735
Sao Tome and Principe,2020-06-07,2.0,2020-05-17,36.19974269866943,6.3874458168959185
Sao Tome and Principe,2020-06-14,3.0,2020-05-17,37.046128044128416,7.626729481884583
Saudi Arabia,2020-05-24,0.0,2020-05-17,16608.9723828125,3911.8105576793396
Saudi Arabia,2020-05-31,1.0,2020-05-17,19568.999560546876,4936.01072978473
Saudi Arabia,2020-06-07,2.0,2020-05-17,19824.6624609375,5301.964571051823
Saudi Arabia,2020-06-14,3.0,2020-05-17,21764.533349609374,6521.138040770266
Senegal,2020-05-24,0.0,2020-05-17,1179.2720141601562,202.8947683843048
Senegal,2020-05-31,1.0,2020-05-17,1606.4926000976564,272.46818957878793
Senegal,2020-06-07,2.0,2020-05-17,1978.4775610351562,394.8014167367246
Senegal,2020-06-14,3.0,2020-05-17,2647.958474121094,546.2774953099592
Serbia,2020-05-24,0.0,2020-05-17,436.35677642822264,82.72759544348655
Serbia,2020-05-31,1.0,2020-05-17,396.81431671142576,90.90573724206276
Serbia,2020-06-07,2.0,2020-05-17,416.4640148925781,83.680897657625
Serbia,2020-06-14,3.0,2020-05-17,373.15548248291014,81.59686571295397
Seychelles,2020-05-24,0.0,2020-05-17,0.0015072347968816768,0.07836105565620595
Seychelles,2020-05-31,1.0,2020-05-17,-0.01815352398902178,0.06056439140021471
Seychelles,2020-06-07,2.0,2020-05-17,0.0009675641730427732,0.07156621386543398
Seychelles,2020-06-14,3.0,2020-05-17,0.01647934749722481,0.074830347974871
Sierra Leone,2020-05-24,0.0,2020-05-17,266.2432048034668,67.76113504116124
Sierra Leone,2020-05-31,1.0,2020-05-17,308.5070965194702,104.60330548089436
Sierra Leone,2020-06-07,2.0,2020-05-17,372.93979354858396,124.82782012390648
Sierra Leone,2020-06-14,3.0,2020-05-17,477.5828210449219,158.1856008518209
Singapore,2020-05-24,0.0,2020-05-17,4241.2669287109375,916.4779936783294
Singapore,2020-05-31,1.0,2020-05-17,4095.685546875,934.4811502857623
Singapore,2020-06-07,2.0,2020-05-17,4116.976704101562,810.7612375622509
Singapore,2020-06-14,3.0,2020-05-17,4037.218641357422,1031.6615556986328
Slovakia,2020-05-24,0.0,2020-05-17,25.277025814056397,6.294470396949051
Slovakia,2020-05-31,1.0,2020-05-17,24.923405628204346,5.526850288817791
Slovakia,2020-06-07,2.0,2020-05-17,24.41742218017578,5.911458874054866
Slovakia,2020-06-14,3.0,2020-05-17,24.952605934143065,6.046301752414694
Slovenia,2020-05-24,0.0,2020-05-17,12.60807071685791,2.711292281511748
Slovenia,2020-05-31,1.0,2020-05-17,13.02037262916565,2.515112882137545
Slovenia,2020-06-07,2.0,2020-05-17,12.811205825805665,2.574694417518646
Slovenia,2020-06-14,3.0,2020-05-17,12.479536876678466,2.9864559439587697
Solomon Islands,2020-05-24,0.0,2020-05-17,0.0,0.0
Solomon Islands,2020-05-31,1.0,2020-05-17,0.0,0.0
Solomon Islands,2020-06-07,2.0,2020-05-17,0.0,0.0
Solomon Islands,2020-06-14,3.0,2020-05-17,0.0,0.0
Somalia,2020-05-24,0.0,2020-05-17,367.81573928833006,92.28445169348495
Somalia,2020-05-31,1.0,2020-05-17,336.1293646240234,100.8308274978994
Somalia,2020-06-07,2.0,2020-05-17,344.6298196411133,103.10499450056427
Somalia,2020-06-14,3.0,2020-05-17,356.34163097381594,131.84437366745388
South Africa,2020-05-24,0.0,2020-05-17,8971.941689453124,1561.634113134663
South Africa,2020-05-31,1.0,2020-05-17,13183.04248046875,2939.3648577330687
South Africa,2020-06-07,2.0,2020-05-17,17658.01373046875,4168.419187358574
South Africa,2020-06-14,3.0,2020-05-17,22185.62392578125,6351.200074947338
South Sudan,2020-05-24,0.0,2020-05-17,333.06641525268554,83.80836787158945
South Sudan,2020-05-31,1.0,2020-05-17,445.8837451171875,135.0338281796788
South Sudan,2020-06-07,2.0,2020-05-17,570.765830078125,143.99032460621677
South Sudan,2020-06-14,3.0,2020-05-17,642.0412683105469,169.9189399230367
Spain,2020-05-24,0.0,2020-05-17,5408.318486328125,942.4274412908444
Spain,2020-05-31,1.0,2020-05-17,5392.440224609375,743.2222773576389
Spain,2020-06-07,2.0,2020-05-17,5220.013608398437,795.6208776969172
Spain,2020-06-14,3.0,2020-05-17,5495.6361328125,812.0646370518715
Sri Lanka,2020-05-24,0.0,2020-05-17,92.21835258483887,14.244750411417552
Sri Lanka,2020-05-31,1.0,2020-05-17,84.24804512023925,16.189401270648947
Sri Lanka,2020-06-07,2.0,2020-05-17,81.95175491333008,17.743594622887354
Sri Lanka,2020-06-14,3.0,2020-05-17,78.23076721191406,14.641216741898429
Sudan,2020-05-24,0.0,2020-05-17,3312.4443432617186,693.5499312011833
Sudan,2020-05-31,1.0,2020-05-17,5222.864470214844,1160.3954099986306
Sudan,2020-06-07,2.0,2020-05-17,7508.09447265625,1862.591103989617
Sudan,2020-06-14,3.0,2020-05-17,8903.914296875,1930.5425790386116
Suriname,2020-05-24,0.0,2020-05-17,1.0245271730422973,0.3743234943725449
Suriname,2020-05-31,1.0,2020-05-17,1.1193363839387893,0.5700280315357302
Suriname,2020-06-07,2.0,2020-05-17,1.0719305330514908,0.5773445927157721
Suriname,2020-06-14,3.0,2020-05-17,0.9696436926722527,0.5452703870297694
Sweden,2020-05-24,0.0,2020-05-17,2961.7017211914062,697.8065705378478
Sweden,2020-05-31,1.0,2020-05-17,2807.5044799804687,617.9487410980144
Sweden,2020-06-07,2.0,2020-05-17,2581.4634326171877,530.0265272054703
Sweden,2020-06-14,3.0,2020-05-17,2525.224638671875,502.3010538677724
Switzerland,2020-05-24,0.0,2020-05-17,307.7696792602539,31.60418192926624
Switzerland,2020-05-31,1.0,2020-05-17,294.98349731445313,37.93467009813127
Switzerland,2020-06-07,2.0,2020-05-17,295.7481390380859,36.18990314901928
Switzerland,2020-06-14,3.0,2020-05-17,305.3755935668945,32.99526640288581
Syria,2020-05-24,0.0,2020-05-17,9.464648694992066,1.481097820063581
Syria,2020-05-31,1.0,2020-05-17,5.9687399530410765,0.8378275689901953
Syria,2020-06-07,2.0,2020-05-17,2.3672154092788698,0.40811577097196244
Syria,2020-06-14,3.0,2020-05-17,4.762294888496399,0.8850729266024172
Taiwan*,2020-05-24,0.0,2020-05-17,2.808206014633179,0.5638828257253872
Taiwan*,2020-05-31,1.0,2020-05-17,2.867588665485382,0.5599502503921672
Taiwan*,2020-06-07,2.0,2020-05-17,2.5553412652015686,0.7002120946895395
Taiwan*,2020-06-14,3.0,2020-05-17,2.7571413111686707,0.6655097803738269
Tajikistan,2020-05-24,0.0,2020-05-17,689.5385647583008,230.38244866502066
Tajikistan,2020-05-31,1.0,2020-05-17,669.8365550231933,231.32781208426888
Tajikistan,2020-06-07,2.0,2020-05-17,592.8822369384766,237.84600003088786
Tajikistan,2020-06-14,3.0,2020-05-17,490.51384185791017,162.91469898556068
Tanzania,2020-05-24,0.0,2020-05-17,2.554223952293396,0.7698777952263209
Tanzania,2020-05-31,1.0,2020-05-17,1.9471971797943115,0.4622815251194442
Tanzania,2020-06-07,2.0,2020-05-17,1.9828610706329346,0.4891256601785358
Tanzania,2020-06-14,3.0,2020-05-17,2.07000083565712,0.5120720097452625
Thailand,2020-05-24,0.0,2020-05-17,29.253451194763183,6.475676878121645
Thailand,2020-05-31,1.0,2020-05-17,28.949882373809814,5.231046483691437
Thailand,2020-06-07,2.0,2020-05-17,29.617590522766115,5.351944830076762
Thailand,2020-06-14,3.0,2020-05-17,30.381473388671875,4.907626947862166
Timor-Leste,2020-05-24,0.0,2020-05-17,0.11614890486001968,0.020567841912778457
Timor-Leste,2020-05-31,1.0,2020-05-17,0.11766306683421135,0.02079096142892734
Timor-Leste,2020-06-07,2.0,2020-05-17,0.11876669615507125,0.02208951195850934
Timor-Leste,2020-06-14,3.0,2020-05-17,0.11715214222669601,0.025854737979502166
Togo,2020-05-24,0.0,2020-05-17,20.863675041198732,6.355619998270089
Togo,2020-05-31,1.0,2020-05-17,26.037010154724122,6.380421772071673
Togo,2020-06-07,2.0,2020-05-17,23.850146713256837,5.278348889523438
Togo,2020-06-14,3.0,2020-05-17,21.521197853088378,5.105013697091483
Trinidad and Tobago,2020-05-24,0.0,2020-05-17,2.0677111911773682,0.3029333658005809
Trinidad and Tobago,2020-05-31,1.0,2020-05-17,2.2021183013916015,0.26699613860035154
Trinidad and Tobago,2020-06-07,2.0,2020-05-17,2.217334718704224,0.29041157630571324
Trinidad and Tobago,2020-06-14,3.0,2020-05-17,2.2597586011886595,0.2491384541377684
Tunisia,2020-05-24,0.0,2020-05-17,11.632202615737915,2.258665271009157
Tunisia,2020-05-31,1.0,2020-05-17,11.626380577087403,2.087597017161193
Tunisia,2020-06-07,2.0,2020-05-17,11.511306467056274,2.1163653465480494
Tunisia,2020-06-14,3.0,2020-05-17,11.571778583526612,2.4966450517769045
Turkey,2020-05-24,0.0,2020-05-17,8855.669912109375,1398.2430064767339
Turkey,2020-05-31,1.0,2020-05-17,8518.357841796875,1216.8856896951843
Turkey,2020-06-07,2.0,2020-05-17,8285.767333984375,1417.50996862939
Turkey,2020-06-14,3.0,2020-05-17,7984.150302734375,1485.5337275868844
US,2020-05-24,0.0,2020-05-17,115830.8703125,24904.822290628465
US,2020-05-31,1.0,2020-05-17,105495.9790625,20982.910304437217
US,2020-06-07,2.0,2020-05-17,100596.593515625,19970.06946926147
US,2020-06-14,3.0,2020-05-17,93580.16578125,20083.76893373569
Uganda,2020-05-24,0.0,2020-05-17,20.591001911163332,5.035422240896486
Uganda,2020-05-31,1.0,2020-05-17,22.123686485290527,3.710987117482467
Uganda,2020-06-07,2.0,2020-05-17,18.653642044067382,3.898499138598934
Uganda,2020-06-14,3.0,2020-05-17,19.04621919631958,3.8970806782709553
Ukraine,2020-05-24,0.0,2020-05-17,3716.8124450683595,1018.7718141297275
Ukraine,2020-05-31,1.0,2020-05-17,3540.329833984375,1001.9840512674779
Ukraine,2020-06-07,2.0,2020-05-17,3895.5192053222654,1055.086845712282
Ukraine,2020-06-14,3.0,2020-05-17,4066.2147265625,1163.978202191647
United Arab Emirates,2020-05-24,0.0,2020-05-17,5112.001845703125,1053.780866613482
United Arab Emirates,2020-05-31,1.0,2020-05-17,5974.710356445313,1036.4127186713908
United Arab Emirates,2020-06-07,2.0,2020-05-17,5664.144619140625,1252.4291771913229
United Arab Emirates,2020-06-14,3.0,2020-05-17,5486.278413085937,1378.6508197479914
United Kingdom,2020-05-24,0.0,2020-05-17,12660.830830078125,2877.4281852200397
United Kingdom,2020-05-31,1.0,2020-05-17,11064.147392578125,2772.8371288489952
United Kingdom,2020-06-07,2.0,2020-05-17,9482.428110351562,2867.1186056498036
United Kingdom,2020-06-14,3.0,2020-05-17,9001.85140625,2578.761849395965
Uruguay,2020-05-24,0.0,2020-05-17,21.682001647949217,6.31438368716783
Uruguay,2020-05-31,1.0,2020-05-17,20.67042013168335,5.06236743443815
Uruguay,2020-06-07,2.0,2020-05-17,19.992559356689455,4.371688508728656
Uruguay,2020-06-14,3.0,2020-05-17,19.28622805595398,4.146369224091402
Uzbekistan,2020-05-24,0.0,2020-05-17,358.58251037597654,53.00104537491513
Uzbekistan,2020-05-31,1.0,2020-05-17,321.9881057739258,46.12087476839398
Uzbekistan,2020-06-07,2.0,2020-05-17,300.5163455200195,49.90505958037224
Uzbekistan,2020-06-14,3.0,2020-05-17,313.3458044433594,49.46221377795437
Vanuatu,2020-05-24,0.0,2020-05-17,0.0,0.0
Vanuatu,2020-05-31,1.0,2020-05-17,0.0,0.0
Vanuatu,2020-06-07,2.0,2020-05-17,0.0,0.0
Vanuatu,2020-06-14,3.0,2020-05-17,0.0,0.0
Venezuela,2020-05-24,0.0,2020-05-17,76.03366844177246,18.604627168416425
Venezuela,2020-05-31,1.0,2020-05-17,75.72027633666993,18.16393679626617
Venezuela,2020-06-07,2.0,2020-05-17,72.66136596679688,14.97021825301556
Venezuela,2020-06-14,3.0,2020-05-17,55.19089679718017,13.958692635537412
Vietnam,2020-05-24,0.0,2020-05-17,23.25381416320801,3.532646822035577
Vietnam,2020-05-31,1.0,2020-05-17,24.398867931365967,4.582196103066398
Vietnam,2020-06-07,2.0,2020-05-17,26.562467575073242,4.312013608091471
Vietnam,2020-06-14,3.0,2020-05-17,26.835948905944825,4.547129343533046
West Bank and Gaza,2020-05-24,0.0,2020-05-17,44.29546539306641,9.142326284647531
West Bank and Gaza,2020-05-31,1.0,2020-05-17,41.77703256607056,11.316176513807916
West Bank and Gaza,2020-06-07,2.0,2020-05-17,41.61297351837158,9.774692366645063
West Bank and Gaza,2020-06-14,3.0,2020-05-17,44.9008129119873,7.870338846657098
Yemen,2020-05-24,0.0,2020-05-17,130.3757755279541,33.075261599374215
Yemen,2020-05-31,1.0,2020-05-17,190.3666487121582,48.539463005193205
Yemen,2020-06-07,2.0,2020-05-17,238.25992614746093,71.59296280237936
Yemen,2020-06-14,3.0,2020-05-17,312.5686326599121,89.42216515492156
Zambia,2020-05-24,0.0,2020-05-17,252.97151495933534,91.46845279955629
Zambia,2020-05-31,1.0,2020-05-17,335.35063387870787,130.07086182303124
Zambia,2020-06-07,2.0,2020-05-17,278.40546716213225,105.628676837393
Zambia,2020-06-14,3.0,2020-05-17,291.97067153930664,119.02820401560909
Zimbabwe,2020-05-24,0.0,2020-05-17,5.196948766708374,0.8409000622413931
Zimbabwe,2020-05-31,1.0,2020-05-17,2.570673391819,0.4627625124202562
Zimbabwe,2020-06-07,2.0,2020-05-17,2.0135253167152403,0.42438743483652164
Zimbabwe,2020-06-14,3.0,2020-05-17,4.244598116874695,0.731282327478208
